ISO-10303-21;
HEADER;
FILE_DESCRIPTION((''),'2;1');
FILE_NAME('77313_Y01_04_ASM','2006-11-27T',('lmulin'),('FCI - CDC Division'),
'PRO/ENGINEER BY PARAMETRIC TECHNOLOGY CORPORATION, 2004490',
'PRO/ENGINEER BY PARAMETRIC TECHNOLOGY CORPORATION, 2004490','');
FILE_SCHEMA(('CONFIG_CONTROL_DESIGN'));
ENDSEC;
DATA;
#1=DIRECTION('',(0.E0,-1.E0,0.E0));
#2=VECTOR('',#1,6.17E-1);
#3=CARTESIAN_POINT('',(-2.8485E0,1.5785E0,0.E0));
#4=LINE('306',#3,#2);
#5=DIRECTION('',(-1.E0,0.E0,0.E0));
#6=VECTOR('',#5,6.17E-1);
#7=CARTESIAN_POINT('',(-2.2315E0,1.5785E0,0.E0));
#8=LINE('309',#7,#6);
#9=DIRECTION('',(0.E0,1.E0,0.E0));
#10=VECTOR('',#9,6.17E-1);
#11=CARTESIAN_POINT('',(-2.2315E0,9.615E-1,0.E0));
#12=LINE('308',#11,#10);
#13=DIRECTION('',(1.E0,0.E0,0.E0));
#14=VECTOR('',#13,6.17E-1);
#15=CARTESIAN_POINT('',(-2.8485E0,9.615E-1,0.E0));
#16=LINE('307',#15,#14);
#17=DIRECTION('',(-1.E0,0.E0,0.E0));
#18=VECTOR('',#17,6.17E-1);
#19=CARTESIAN_POINT('',(-2.2315E0,-9.615E-1,0.E0));
#20=LINE('310',#19,#18);
#21=DIRECTION('',(0.E0,1.E0,0.E0));
#22=VECTOR('',#21,6.17E-1);
#23=CARTESIAN_POINT('',(-2.2315E0,-1.5785E0,0.E0));
#24=LINE('313',#23,#22);
#25=DIRECTION('',(1.E0,0.E0,0.E0));
#26=VECTOR('',#25,6.17E-1);
#27=CARTESIAN_POINT('',(-2.8485E0,-1.5785E0,0.E0));
#28=LINE('312',#27,#26);
#29=DIRECTION('',(0.E0,-1.E0,0.E0));
#30=VECTOR('',#29,6.17E-1);
#31=CARTESIAN_POINT('',(-2.8485E0,-9.615E-1,0.E0));
#32=LINE('311',#31,#30);
#33=DIRECTION('',(0.E0,-1.E0,0.E0));
#34=VECTOR('',#33,6.17E-1);
#35=CARTESIAN_POINT('',(-3.085E-1,1.5785E0,0.E0));
#36=LINE('7546',#35,#34);
#37=DIRECTION('',(-1.E0,0.E0,0.E0));
#38=VECTOR('',#37,6.17E-1);
#39=CARTESIAN_POINT('',(3.085E-1,1.5785E0,0.E0));
#40=LINE('7549',#39,#38);
#41=DIRECTION('',(0.E0,1.E0,0.E0));
#42=VECTOR('',#41,6.17E-1);
#43=CARTESIAN_POINT('',(3.085E-1,9.615E-1,0.E0));
#44=LINE('7548',#43,#42);
#45=DIRECTION('',(1.E0,0.E0,0.E0));
#46=VECTOR('',#45,6.17E-1);
#47=CARTESIAN_POINT('',(-3.085E-1,9.615E-1,0.E0));
#48=LINE('7547',#47,#46);
#49=DIRECTION('',(-1.E0,0.E0,0.E0));
#50=VECTOR('',#49,6.17E-1);
#51=CARTESIAN_POINT('',(3.085E-1,-9.615E-1,0.E0));
#52=LINE('7550',#51,#50);
#53=DIRECTION('',(0.E0,1.E0,0.E0));
#54=VECTOR('',#53,6.17E-1);
#55=CARTESIAN_POINT('',(3.085E-1,-1.5785E0,0.E0));
#56=LINE('7553',#55,#54);
#57=DIRECTION('',(1.E0,0.E0,0.E0));
#58=VECTOR('',#57,6.17E-1);
#59=CARTESIAN_POINT('',(-3.085E-1,-1.5785E0,0.E0));
#60=LINE('7552',#59,#58);
#61=DIRECTION('',(0.E0,-1.E0,0.E0));
#62=VECTOR('',#61,6.17E-1);
#63=CARTESIAN_POINT('',(-3.085E-1,-9.615E-1,0.E0));
#64=LINE('7551',#63,#62);
#65=DIRECTION('',(0.E0,1.E0,0.E0));
#66=VECTOR('',#65,4.116429928954E0);
#67=CARTESIAN_POINT('',(-3.61E0,-2.058214964477E0,0.E0));
#68=LINE('11178',#67,#66);
#69=DIRECTION('',(-4.067366430758E-1,9.135454576426E-1,0.E0));
#70=VECTOR('',#69,3.905498435115E-1);
#71=CARTESIAN_POINT('',(-3.451149067696E0,-2.415E0,0.E0));
#72=LINE('11203',#71,#70);
#73=DIRECTION('',(1.E0,0.E0,0.E0));
#74=VECTOR('',#73,1.822298135393E0);
#75=CARTESIAN_POINT('',(-3.451149067696E0,-2.415E0,0.E0));
#76=LINE('2151',#75,#74);
#77=DIRECTION('',(-4.067366430758E-1,-9.135454576426E-1,0.E0));
#78=VECTOR('',#77,7.224599438140E-1);
#79=CARTESIAN_POINT('',(-1.335E0,-1.755E0,0.E0));
#80=LINE('2063',#79,#78);
#81=DIRECTION('',(-1.E0,0.E0,0.E0));
#82=VECTOR('',#81,1.3E-1);
#83=CARTESIAN_POINT('',(-1.205E0,-1.755E0,0.E0));
#84=LINE('2066',#83,#82);
#85=DIRECTION('',(-4.067366430758E-1,9.135454576426E-1,0.E0));
#86=VECTOR('',#85,7.224599438140E-1);
#87=CARTESIAN_POINT('',(-9.111490676964E-1,-2.415E0,0.E0));
#88=LINE('2065',#87,#86);
#89=DIRECTION('',(1.E0,0.E0,0.E0));
#90=VECTOR('',#89,1.822298135393E0);
#91=CARTESIAN_POINT('',(-9.111490676964E-1,-2.415E0,0.E0));
#92=LINE('7848',#91,#90);
#93=DIRECTION('',(-4.067366430758E-1,-9.135454576426E-1,0.E0));
#94=VECTOR('',#93,3.905498435115E-1);
#95=CARTESIAN_POINT('',(1.07E0,-2.058214964477E0,0.E0));
#96=LINE('20948',#95,#94);
#97=DIRECTION('',(0.E0,1.E0,0.E0));
#98=VECTOR('',#97,4.116429928954E0);
#99=CARTESIAN_POINT('',(1.07E0,-2.058214964477E0,0.E0));
#100=LINE('11180',#99,#98);
#101=DIRECTION('',(4.067366430758E-1,-9.135454576426E-1,0.E0));
#102=VECTOR('',#101,3.905498435115E-1);
#103=CARTESIAN_POINT('',(9.111490676964E-1,2.415E0,0.E0));
#104=LINE('20947',#103,#102);
#105=DIRECTION('',(-1.E0,0.E0,0.E0));
#106=VECTOR('',#105,1.822298135393E0);
#107=CARTESIAN_POINT('',(9.111490676964E-1,2.415E0,0.E0));
#108=LINE('7844',#107,#106);
#109=DIRECTION('',(4.067366430758E-1,9.135454576426E-1,0.E0));
#110=VECTOR('',#109,7.224599438140E-1);
#111=CARTESIAN_POINT('',(-1.205E0,1.755E0,0.E0));
#112=LINE('2050',#111,#110);
#113=DIRECTION('',(1.E0,0.E0,0.E0));
#114=VECTOR('',#113,1.3E-1);
#115=CARTESIAN_POINT('',(-1.335E0,1.755E0,0.E0));
#116=LINE('2049',#115,#114);
#117=DIRECTION('',(4.067366430758E-1,-9.135454576426E-1,0.E0));
#118=VECTOR('',#117,7.224599438140E-1);
#119=CARTESIAN_POINT('',(-1.628850932304E0,2.415E0,0.E0));
#120=LINE('2051',#119,#118);
#121=DIRECTION('',(-1.E0,0.E0,0.E0));
#122=VECTOR('',#121,1.822298135393E0);
#123=CARTESIAN_POINT('',(-1.628850932304E0,2.415E0,0.E0));
#124=LINE('1712',#123,#122);
#125=DIRECTION('',(4.067366430758E-1,9.135454576426E-1,0.E0));
#126=VECTOR('',#125,3.905498435115E-1);
#127=CARTESIAN_POINT('',(-3.61E0,2.058214964477E0,0.E0));
#128=LINE('11202',#127,#126);
#129=DIRECTION('',(1.E0,0.E0,0.E0));
#130=VECTOR('',#129,7.161046399429E-1);
#131=CARTESIAN_POINT('',(-1.628052319971E0,1.624982163668E0,0.E0));
#132=LINE('12078',#131,#130);
#133=DIRECTION('',(0.E0,1.E0,0.E0));
#134=VECTOR('',#133,3.249964327337E0);
#135=CARTESIAN_POINT('',(-9.119476800286E-1,-1.624982163668E0,0.E0));
#136=LINE('12080',#135,#134);
#137=DIRECTION('',(1.E0,0.E0,0.E0));
#138=VECTOR('',#137,7.161046399429E-1);
#139=CARTESIAN_POINT('',(-1.628052319971E0,-1.624982163668E0,0.E0));
#140=LINE('12079',#139,#138);
#141=DIRECTION('',(0.E0,1.E0,0.E0));
#142=VECTOR('',#141,3.249964327337E0);
#143=CARTESIAN_POINT('',(-1.628052319971E0,-1.624982163668E0,0.E0));
#144=LINE('12081',#143,#142);
#145=CARTESIAN_POINT('',(-3.2E0,-1.75E0,0.E0));
#146=DIRECTION('',(0.E0,0.E0,-1.E0));
#147=DIRECTION('',(1.E0,0.E0,0.E0));
#148=AXIS2_PLACEMENT_3D('',#145,#146,#147);
#150=CARTESIAN_POINT('',(-3.2E0,-1.75E0,0.E0));
#151=DIRECTION('',(0.E0,0.E0,-1.E0));
#152=DIRECTION('',(-1.E0,0.E0,0.E0));
#153=AXIS2_PLACEMENT_3D('',#150,#151,#152);
#155=CARTESIAN_POINT('',(-1.88E0,1.75E0,0.E0));
#156=DIRECTION('',(0.E0,0.E0,-1.E0));
#157=DIRECTION('',(1.E0,0.E0,0.E0));
#158=AXIS2_PLACEMENT_3D('',#155,#156,#157);
#160=CARTESIAN_POINT('',(-1.88E0,1.75E0,0.E0));
#161=DIRECTION('',(0.E0,0.E0,-1.E0));
#162=DIRECTION('',(-1.E0,0.E0,0.E0));
#163=AXIS2_PLACEMENT_3D('',#160,#161,#162);
#165=CARTESIAN_POINT('',(-6.6E-1,-1.75E0,0.E0));
#166=DIRECTION('',(0.E0,0.E0,-1.E0));
#167=DIRECTION('',(1.E0,0.E0,0.E0));
#168=AXIS2_PLACEMENT_3D('',#165,#166,#167);
#170=CARTESIAN_POINT('',(-6.6E-1,-1.75E0,0.E0));
#171=DIRECTION('',(0.E0,0.E0,-1.E0));
#172=DIRECTION('',(-1.E0,0.E0,0.E0));
#173=AXIS2_PLACEMENT_3D('',#170,#171,#172);
#175=CARTESIAN_POINT('',(6.6E-1,1.75E0,0.E0));
#176=DIRECTION('',(0.E0,0.E0,-1.E0));
#177=DIRECTION('',(1.E0,0.E0,0.E0));
#178=AXIS2_PLACEMENT_3D('',#175,#176,#177);
#180=CARTESIAN_POINT('',(6.6E-1,1.75E0,0.E0));
#181=DIRECTION('',(0.E0,0.E0,-1.E0));
#182=DIRECTION('',(-1.E0,0.E0,0.E0));
#183=AXIS2_PLACEMENT_3D('',#180,#181,#182);
#185=DIRECTION('',(0.E0,0.E0,-1.E0));
#186=VECTOR('',#185,2.13E0);
#187=CARTESIAN_POINT('',(-2.8485E0,1.5785E0,2.13E0));
#188=LINE('434',#187,#186);
#189=DIRECTION('',(0.E0,0.E0,-1.E0));
#190=VECTOR('',#189,2.13E0);
#191=CARTESIAN_POINT('',(-2.8485E0,9.615E-1,2.13E0));
#192=LINE('435',#191,#190);
#193=DIRECTION('',(0.E0,0.E0,-1.E0));
#194=VECTOR('',#193,2.13E0);
#195=CARTESIAN_POINT('',(-2.2315E0,9.615E-1,2.13E0));
#196=LINE('436',#195,#194);
#197=DIRECTION('',(0.E0,0.E0,-1.E0));
#198=VECTOR('',#197,2.13E0);
#199=CARTESIAN_POINT('',(-2.2315E0,1.5785E0,2.13E0));
#200=LINE('437',#199,#198);
#201=DIRECTION('',(0.E0,-1.E0,0.E0));
#202=VECTOR('',#201,6.17E-1);
#203=CARTESIAN_POINT('',(-2.8485E0,1.5785E0,2.13E0));
#204=LINE('370',#203,#202);
#205=DIRECTION('',(1.E0,0.E0,0.E0));
#206=VECTOR('',#205,6.17E-1);
#207=CARTESIAN_POINT('',(-2.8485E0,9.615E-1,2.13E0));
#208=LINE('371',#207,#206);
#209=DIRECTION('',(0.E0,1.E0,0.E0));
#210=VECTOR('',#209,6.17E-1);
#211=CARTESIAN_POINT('',(-2.2315E0,9.615E-1,2.13E0));
#212=LINE('372',#211,#210);
#213=DIRECTION('',(-1.E0,0.E0,0.E0));
#214=VECTOR('',#213,6.17E-1);
#215=CARTESIAN_POINT('',(-2.2315E0,1.5785E0,2.13E0));
#216=LINE('373',#215,#214);
#217=DIRECTION('',(-1.E0,0.E0,0.E0));
#218=VECTOR('',#217,6.17E-1);
#219=CARTESIAN_POINT('',(-2.2315E0,-9.615E-1,2.13E0));
#220=LINE('374',#219,#218);
#221=DIRECTION('',(0.E0,-1.E0,0.E0));
#222=VECTOR('',#221,6.17E-1);
#223=CARTESIAN_POINT('',(-2.8485E0,-9.615E-1,2.13E0));
#224=LINE('375',#223,#222);
#225=DIRECTION('',(1.E0,0.E0,0.E0));
#226=VECTOR('',#225,6.17E-1);
#227=CARTESIAN_POINT('',(-2.8485E0,-1.5785E0,2.13E0));
#228=LINE('376',#227,#226);
#229=DIRECTION('',(0.E0,1.E0,0.E0));
#230=VECTOR('',#229,6.17E-1);
#231=CARTESIAN_POINT('',(-2.2315E0,-1.5785E0,2.13E0));
#232=LINE('377',#231,#230);
#233=DIRECTION('',(0.E0,-1.E0,0.E0));
#234=VECTOR('',#233,6.17E-1);
#235=CARTESIAN_POINT('',(-3.085E-1,1.5785E0,2.13E0));
#236=LINE('7554',#235,#234);
#237=DIRECTION('',(1.E0,0.E0,0.E0));
#238=VECTOR('',#237,6.17E-1);
#239=CARTESIAN_POINT('',(-3.085E-1,9.615E-1,2.13E0));
#240=LINE('7555',#239,#238);
#241=DIRECTION('',(0.E0,1.E0,0.E0));
#242=VECTOR('',#241,6.17E-1);
#243=CARTESIAN_POINT('',(3.085E-1,9.615E-1,2.13E0));
#244=LINE('7556',#243,#242);
#245=DIRECTION('',(-1.E0,0.E0,0.E0));
#246=VECTOR('',#245,6.17E-1);
#247=CARTESIAN_POINT('',(3.085E-1,1.5785E0,2.13E0));
#248=LINE('7557',#247,#246);
#249=DIRECTION('',(-1.E0,0.E0,0.E0));
#250=VECTOR('',#249,6.17E-1);
#251=CARTESIAN_POINT('',(3.085E-1,-9.615E-1,2.13E0));
#252=LINE('7558',#251,#250);
#253=DIRECTION('',(0.E0,-1.E0,0.E0));
#254=VECTOR('',#253,6.17E-1);
#255=CARTESIAN_POINT('',(-3.085E-1,-9.615E-1,2.13E0));
#256=LINE('7559',#255,#254);
#257=DIRECTION('',(1.E0,0.E0,0.E0));
#258=VECTOR('',#257,6.17E-1);
#259=CARTESIAN_POINT('',(-3.085E-1,-1.5785E0,2.13E0));
#260=LINE('7560',#259,#258);
#261=DIRECTION('',(0.E0,1.E0,0.E0));
#262=VECTOR('',#261,6.17E-1);
#263=CARTESIAN_POINT('',(3.085E-1,-1.5785E0,2.13E0));
#264=LINE('7561',#263,#262);
#265=DIRECTION('',(0.E0,1.E0,0.E0));
#266=VECTOR('',#265,4.116429928954E0);
#267=CARTESIAN_POINT('',(-3.61E0,-2.058214964477E0,2.13E0));
#268=LINE('11182',#267,#266);
#269=DIRECTION('',(4.067366430758E-1,9.135454576426E-1,0.E0));
#270=VECTOR('',#269,3.905498435115E-1);
#271=CARTESIAN_POINT('',(-3.61E0,2.058214964477E0,2.13E0));
#272=LINE('11204',#271,#270);
#273=DIRECTION('',(-1.E0,0.E0,0.E0));
#274=VECTOR('',#273,1.822298135393E0);
#275=CARTESIAN_POINT('',(-1.628850932304E0,2.415E0,2.13E0));
#276=LINE('1714',#275,#274);
#277=DIRECTION('',(4.067366430758E-1,-9.135454576426E-1,0.E0));
#278=VECTOR('',#277,7.224599438140E-1);
#279=CARTESIAN_POINT('',(-1.628850932304E0,2.415E0,2.13E0));
#280=LINE('2077',#279,#278);
#281=DIRECTION('',(1.E0,0.E0,0.E0));
#282=VECTOR('',#281,1.3E-1);
#283=CARTESIAN_POINT('',(-1.335E0,1.755E0,2.13E0));
#284=LINE('2075',#283,#282);
#285=DIRECTION('',(4.067366430758E-1,9.135454576426E-1,0.E0));
#286=VECTOR('',#285,7.224599438140E-1);
#287=CARTESIAN_POINT('',(-1.205E0,1.755E0,2.13E0));
#288=LINE('2076',#287,#286);
#289=DIRECTION('',(-1.E0,0.E0,0.E0));
#290=VECTOR('',#289,1.822298135393E0);
#291=CARTESIAN_POINT('',(9.111490676964E-1,2.415E0,2.13E0));
#292=LINE('7846',#291,#290);
#293=DIRECTION('',(4.067366430758E-1,-9.135454576426E-1,0.E0));
#294=VECTOR('',#293,3.905498435115E-1);
#295=CARTESIAN_POINT('',(9.111490676964E-1,2.415E0,2.13E0));
#296=LINE('20949',#295,#294);
#297=DIRECTION('',(0.E0,1.E0,0.E0));
#298=VECTOR('',#297,4.116429928954E0);
#299=CARTESIAN_POINT('',(1.07E0,-2.058214964477E0,2.13E0));
#300=LINE('11184',#299,#298);
#301=DIRECTION('',(-4.067366430758E-1,-9.135454576426E-1,0.E0));
#302=VECTOR('',#301,3.905498435115E-1);
#303=CARTESIAN_POINT('',(1.07E0,-2.058214964477E0,2.13E0));
#304=LINE('20950',#303,#302);
#305=DIRECTION('',(1.E0,0.E0,0.E0));
#306=VECTOR('',#305,1.822298135393E0);
#307=CARTESIAN_POINT('',(-9.111490676964E-1,-2.415E0,2.13E0));
#308=LINE('7850',#307,#306);
#309=DIRECTION('',(-4.067366430758E-1,9.135454576426E-1,0.E0));
#310=VECTOR('',#309,7.224599438140E-1);
#311=CARTESIAN_POINT('',(-9.111490676964E-1,-2.415E0,2.13E0));
#312=LINE('2091',#311,#310);
#313=DIRECTION('',(-1.E0,0.E0,0.E0));
#314=VECTOR('',#313,1.3E-1);
#315=CARTESIAN_POINT('',(-1.205E0,-1.755E0,2.13E0));
#316=LINE('2092',#315,#314);
#317=DIRECTION('',(-4.067366430758E-1,-9.135454576426E-1,0.E0));
#318=VECTOR('',#317,7.224599438140E-1);
#319=CARTESIAN_POINT('',(-1.335E0,-1.755E0,2.13E0));
#320=LINE('2089',#319,#318);
#321=DIRECTION('',(1.E0,0.E0,0.E0));
#322=VECTOR('',#321,1.822298135393E0);
#323=CARTESIAN_POINT('',(-3.451149067696E0,-2.415E0,2.13E0));
#324=LINE('2159',#323,#322);
#325=DIRECTION('',(-4.067366430758E-1,9.135454576426E-1,0.E0));
#326=VECTOR('',#325,3.905498435115E-1);
#327=CARTESIAN_POINT('',(-3.451149067696E0,-2.415E0,2.13E0));
#328=LINE('11205',#327,#326);
#329=DIRECTION('',(1.E0,0.E0,0.E0));
#330=VECTOR('',#329,7.161046399429E-1);
#331=CARTESIAN_POINT('',(-1.628052319971E0,1.624982163668E0,2.13E0));
#332=LINE('12095',#331,#330);
#333=DIRECTION('',(0.E0,1.E0,0.E0));
#334=VECTOR('',#333,3.249964327337E0);
#335=CARTESIAN_POINT('',(-1.628052319971E0,-1.624982163668E0,2.13E0));
#336=LINE('12098',#335,#334);
#337=DIRECTION('',(1.E0,0.E0,0.E0));
#338=VECTOR('',#337,7.161046399429E-1);
#339=CARTESIAN_POINT('',(-1.628052319971E0,-1.624982163668E0,2.13E0));
#340=LINE('12096',#339,#338);
#341=DIRECTION('',(0.E0,1.E0,0.E0));
#342=VECTOR('',#341,3.249964327337E0);
#343=CARTESIAN_POINT('',(-9.119476800286E-1,-1.624982163668E0,2.13E0));
#344=LINE('12097',#343,#342);
#345=CARTESIAN_POINT('',(-3.2E0,1.75E0,2.13E0));
#346=DIRECTION('',(0.E0,0.E0,1.E0));
#347=DIRECTION('',(1.E0,0.E0,0.E0));
#348=AXIS2_PLACEMENT_3D('',#345,#346,#347);
#350=CARTESIAN_POINT('',(-3.2E0,1.75E0,2.13E0));
#351=DIRECTION('',(0.E0,0.E0,1.E0));
#352=DIRECTION('',(-1.E0,0.E0,0.E0));
#353=AXIS2_PLACEMENT_3D('',#350,#351,#352);
#355=CARTESIAN_POINT('',(-1.88E0,-1.75E0,2.13E0));
#356=DIRECTION('',(0.E0,0.E0,1.E0));
#357=DIRECTION('',(1.E0,0.E0,0.E0));
#358=AXIS2_PLACEMENT_3D('',#355,#356,#357);
#360=CARTESIAN_POINT('',(-1.88E0,-1.75E0,2.13E0));
#361=DIRECTION('',(0.E0,0.E0,1.E0));
#362=DIRECTION('',(-1.E0,0.E0,0.E0));
#363=AXIS2_PLACEMENT_3D('',#360,#361,#362);
#365=CARTESIAN_POINT('',(-6.6E-1,1.75E0,2.13E0));
#366=DIRECTION('',(0.E0,0.E0,1.E0));
#367=DIRECTION('',(1.E0,0.E0,0.E0));
#368=AXIS2_PLACEMENT_3D('',#365,#366,#367);
#370=CARTESIAN_POINT('',(-6.6E-1,1.75E0,2.13E0));
#371=DIRECTION('',(0.E0,0.E0,1.E0));
#372=DIRECTION('',(-1.E0,0.E0,0.E0));
#373=AXIS2_PLACEMENT_3D('',#370,#371,#372);
#375=CARTESIAN_POINT('',(6.6E-1,-1.75E0,2.13E0));
#376=DIRECTION('',(0.E0,0.E0,1.E0));
#377=DIRECTION('',(1.E0,0.E0,0.E0));
#378=AXIS2_PLACEMENT_3D('',#375,#376,#377);
#380=CARTESIAN_POINT('',(6.6E-1,-1.75E0,2.13E0));
#381=DIRECTION('',(0.E0,0.E0,1.E0));
#382=DIRECTION('',(-1.E0,0.E0,0.E0));
#383=AXIS2_PLACEMENT_3D('',#380,#381,#382);
#385=DIRECTION('',(0.E0,0.E0,-1.E0));
#386=VECTOR('',#385,2.13E0);
#387=CARTESIAN_POINT('',(-2.2315E0,-9.615E-1,2.13E0));
#388=LINE('438',#387,#386);
#389=DIRECTION('',(0.E0,0.E0,-1.E0));
#390=VECTOR('',#389,2.13E0);
#391=CARTESIAN_POINT('',(-2.8485E0,-9.615E-1,2.13E0));
#392=LINE('439',#391,#390);
#393=DIRECTION('',(0.E0,0.E0,-1.E0));
#394=VECTOR('',#393,2.13E0);
#395=CARTESIAN_POINT('',(-2.8485E0,-1.5785E0,2.13E0));
#396=LINE('440',#395,#394);
#397=DIRECTION('',(0.E0,0.E0,-1.E0));
#398=VECTOR('',#397,2.13E0);
#399=CARTESIAN_POINT('',(-2.2315E0,-1.5785E0,2.13E0));
#400=LINE('441',#399,#398);
#401=DIRECTION('',(0.E0,0.E0,-1.E0));
#402=VECTOR('',#401,2.13E0);
#403=CARTESIAN_POINT('',(-3.085E-1,1.5785E0,2.13E0));
#404=LINE('7562',#403,#402);
#405=DIRECTION('',(0.E0,0.E0,-1.E0));
#406=VECTOR('',#405,2.13E0);
#407=CARTESIAN_POINT('',(-3.085E-1,9.615E-1,2.13E0));
#408=LINE('7563',#407,#406);
#409=DIRECTION('',(0.E0,0.E0,-1.E0));
#410=VECTOR('',#409,2.13E0);
#411=CARTESIAN_POINT('',(3.085E-1,9.615E-1,2.13E0));
#412=LINE('7564',#411,#410);
#413=DIRECTION('',(0.E0,0.E0,-1.E0));
#414=VECTOR('',#413,2.13E0);
#415=CARTESIAN_POINT('',(3.085E-1,1.5785E0,2.13E0));
#416=LINE('7565',#415,#414);
#417=DIRECTION('',(0.E0,0.E0,-1.E0));
#418=VECTOR('',#417,2.13E0);
#419=CARTESIAN_POINT('',(3.085E-1,-9.615E-1,2.13E0));
#420=LINE('7566',#419,#418);
#421=DIRECTION('',(0.E0,0.E0,-1.E0));
#422=VECTOR('',#421,2.13E0);
#423=CARTESIAN_POINT('',(-3.085E-1,-9.615E-1,2.13E0));
#424=LINE('7567',#423,#422);
#425=DIRECTION('',(0.E0,0.E0,-1.E0));
#426=VECTOR('',#425,2.13E0);
#427=CARTESIAN_POINT('',(-3.085E-1,-1.5785E0,2.13E0));
#428=LINE('7568',#427,#426);
#429=DIRECTION('',(0.E0,0.E0,-1.E0));
#430=VECTOR('',#429,2.13E0);
#431=CARTESIAN_POINT('',(3.085E-1,-1.5785E0,2.13E0));
#432=LINE('7569',#431,#430);
#433=DIRECTION('',(0.E0,0.E0,1.E0));
#434=VECTOR('',#433,2.13E0);
#435=CARTESIAN_POINT('',(-3.61E0,2.058214964477E0,0.E0));
#436=LINE('11190',#435,#434);
#437=DIRECTION('',(0.E0,0.E0,1.E0));
#438=VECTOR('',#437,2.13E0);
#439=CARTESIAN_POINT('',(-1.628850932304E0,2.415E0,0.E0));
#440=LINE('2102',#439,#438);
#441=DIRECTION('',(0.E0,0.E0,1.E0));
#442=VECTOR('',#441,2.13E0);
#443=CARTESIAN_POINT('',(-3.451149067696E0,2.415E0,0.E0));
#444=LINE('2100',#443,#442);
#445=DIRECTION('',(0.E0,0.E0,1.E0));
#446=VECTOR('',#445,2.13E0);
#447=CARTESIAN_POINT('',(9.111490676964E-1,2.415E0,0.E0));
#448=LINE('7843',#447,#446);
#449=DIRECTION('',(0.E0,0.E0,1.E0));
#450=VECTOR('',#449,2.13E0);
#451=CARTESIAN_POINT('',(-9.111490676964E-1,2.415E0,0.E0));
#452=LINE('2101',#451,#450);
#453=DIRECTION('',(0.E0,0.E0,-1.E0));
#454=VECTOR('',#453,2.13E0);
#455=CARTESIAN_POINT('',(-1.335E0,1.755E0,2.13E0));
#456=LINE('2120',#455,#454);
#457=DIRECTION('',(0.E0,0.E0,-1.E0));
#458=VECTOR('',#457,2.13E0);
#459=CARTESIAN_POINT('',(-1.205E0,1.755E0,2.13E0));
#460=LINE('2121',#459,#458);
#461=DIRECTION('',(0.E0,0.E0,1.E0));
#462=VECTOR('',#461,2.13E0);
#463=CARTESIAN_POINT('',(1.07E0,2.058214964477E0,0.E0));
#464=LINE('20945',#463,#462);
#465=DIRECTION('',(0.E0,0.E0,1.E0));
#466=VECTOR('',#465,2.13E0);
#467=CARTESIAN_POINT('',(1.07E0,-2.058214964477E0,0.E0));
#468=LINE('20946',#467,#466);
#469=DIRECTION('',(0.E0,0.E0,1.E0));
#470=VECTOR('',#469,2.13E0);
#471=CARTESIAN_POINT('',(-3.451149067696E0,-2.415E0,0.E0));
#472=LINE('2148',#471,#470);
#473=DIRECTION('',(0.E0,0.E0,1.E0));
#474=VECTOR('',#473,2.13E0);
#475=CARTESIAN_POINT('',(-1.628850932304E0,-2.415E0,0.E0));
#476=LINE('2149',#475,#474);
#477=DIRECTION('',(0.E0,0.E0,1.E0));
#478=VECTOR('',#477,2.13E0);
#479=CARTESIAN_POINT('',(9.111490676964E-1,-2.415E0,0.E0));
#480=LINE('7840',#479,#478);
#481=DIRECTION('',(0.E0,0.E0,1.E0));
#482=VECTOR('',#481,2.13E0);
#483=CARTESIAN_POINT('',(-9.111490676964E-1,-2.415E0,0.E0));
#484=LINE('2150',#483,#482);
#485=DIRECTION('',(0.E0,0.E0,1.E0));
#486=VECTOR('',#485,2.13E0);
#487=CARTESIAN_POINT('',(-3.61E0,-2.058214964477E0,0.E0));
#488=LINE('11191',#487,#486);
#489=DIRECTION('',(0.E0,0.E0,-1.E0));
#490=VECTOR('',#489,2.13E0);
#491=CARTESIAN_POINT('',(-1.335E0,-1.755E0,2.13E0));
#492=LINE('2132',#491,#490);
#493=DIRECTION('',(0.E0,0.E0,-1.E0));
#494=VECTOR('',#493,2.13E0);
#495=CARTESIAN_POINT('',(-1.205E0,-1.755E0,2.13E0));
#496=LINE('2135',#495,#494);
#497=DIRECTION('',(-4.867363874875E-1,-4.235049128078E-1,-7.640230872973E-1));
#498=VECTOR('',#497,6.020760467164E-1);
#499=CARTESIAN_POINT('',(-9.119476800286E-1,1.624982163668E0,2.13E0));
#500=LINE('12099',#499,#498);
#501=DIRECTION('',(-1.E0,0.E0,0.E0));
#502=VECTOR('',#501,1.3E-1);
#503=CARTESIAN_POINT('',(-1.205E0,1.37E0,1.67E0));
#504=LINE('12091',#503,#502);
#505=DIRECTION('',(-4.867363874875E-1,4.235049128078E-1,7.640230872973E-1));
#506=VECTOR('',#505,6.020760467164E-1);
#507=CARTESIAN_POINT('',(-1.335E0,1.37E0,1.67E0));
#508=LINE('12100',#507,#506);
#509=DIRECTION('',(-4.867363874875E-1,-4.235049128078E-1,7.640230872973E-1));
#510=VECTOR('',#509,6.020760467164E-1);
#511=CARTESIAN_POINT('',(-1.335E0,-1.37E0,1.67E0));
#512=LINE('12102',#511,#510);
#513=DIRECTION('',(-1.E0,0.E0,0.E0));
#514=VECTOR('',#513,1.3E-1);
#515=CARTESIAN_POINT('',(-1.205E0,-1.37E0,1.67E0));
#516=LINE('12092',#515,#514);
#517=DIRECTION('',(-4.867363874875E-1,4.235049128078E-1,-7.640230872973E-1));
#518=VECTOR('',#517,6.020760467164E-1);
#519=CARTESIAN_POINT('',(-9.119476800286E-1,-1.624982163668E0,2.13E0));
#520=LINE('12101',#519,#518);
#521=DIRECTION('',(0.E0,-1.E0,0.E0));
#522=VECTOR('',#521,2.74E0);
#523=CARTESIAN_POINT('',(-1.335E0,1.37E0,1.67E0));
#524=LINE('12094',#523,#522);
#525=DIRECTION('',(0.E0,-1.E0,0.E0));
#526=VECTOR('',#525,2.74E0);
#527=CARTESIAN_POINT('',(-1.205E0,1.37E0,1.67E0));
#528=LINE('12093',#527,#526);
#529=DIRECTION('',(0.E0,0.E0,1.E0));
#530=VECTOR('',#529,2.E-1);
#531=CARTESIAN_POINT('',(-2.995E0,1.75E0,2.13E0));
#532=LINE('12737',#531,#530);
#533=DIRECTION('',(0.E0,0.E0,1.E0));
#534=VECTOR('',#533,2.E-1);
#535=CARTESIAN_POINT('',(-3.405E0,1.75E0,2.13E0));
#536=LINE('12738',#535,#534);
#537=CARTESIAN_POINT('',(-3.2E0,1.75E0,2.33E0));
#538=DIRECTION('',(0.E0,0.E0,1.E0));
#539=DIRECTION('',(1.E0,0.E0,0.E0));
#540=AXIS2_PLACEMENT_3D('',#537,#538,#539);
#542=CARTESIAN_POINT('',(-3.2E0,1.75E0,2.33E0));
#543=DIRECTION('',(0.E0,0.E0,1.E0));
#544=DIRECTION('',(-1.E0,0.E0,0.E0));
#545=AXIS2_PLACEMENT_3D('',#542,#543,#544);
#547=CARTESIAN_POINT('',(-1.88E0,-1.75E0,2.33E0));
#548=DIRECTION('',(0.E0,0.E0,1.E0));
#549=DIRECTION('',(1.E0,0.E0,0.E0));
#550=AXIS2_PLACEMENT_3D('',#547,#548,#549);
#552=CARTESIAN_POINT('',(-1.88E0,-1.75E0,2.33E0));
#553=DIRECTION('',(0.E0,0.E0,1.E0));
#554=DIRECTION('',(-1.E0,0.E0,0.E0));
#555=AXIS2_PLACEMENT_3D('',#552,#553,#554);
#557=DIRECTION('',(0.E0,0.E0,1.E0));
#558=VECTOR('',#557,2.E-1);
#559=CARTESIAN_POINT('',(-1.675E0,-1.75E0,2.13E0));
#560=LINE('12739',#559,#558);
#561=DIRECTION('',(0.E0,0.E0,1.E0));
#562=VECTOR('',#561,2.E-1);
#563=CARTESIAN_POINT('',(-2.085E0,-1.75E0,2.13E0));
#564=LINE('12740',#563,#562);
#565=DIRECTION('',(0.E0,0.E0,1.E0));
#566=VECTOR('',#565,2.E-1);
#567=CARTESIAN_POINT('',(-4.55E-1,1.75E0,2.13E0));
#568=LINE('12772',#567,#566);
#569=DIRECTION('',(0.E0,0.E0,1.E0));
#570=VECTOR('',#569,2.E-1);
#571=CARTESIAN_POINT('',(-8.65E-1,1.75E0,2.13E0));
#572=LINE('12773',#571,#570);
#573=CARTESIAN_POINT('',(-6.6E-1,1.75E0,2.33E0));
#574=DIRECTION('',(0.E0,0.E0,1.E0));
#575=DIRECTION('',(1.E0,0.E0,0.E0));
#576=AXIS2_PLACEMENT_3D('',#573,#574,#575);
#578=CARTESIAN_POINT('',(-6.6E-1,1.75E0,2.33E0));
#579=DIRECTION('',(0.E0,0.E0,1.E0));
#580=DIRECTION('',(-1.E0,0.E0,0.E0));
#581=AXIS2_PLACEMENT_3D('',#578,#579,#580);
#583=CARTESIAN_POINT('',(6.6E-1,-1.75E0,2.33E0));
#584=DIRECTION('',(0.E0,0.E0,1.E0));
#585=DIRECTION('',(1.E0,0.E0,0.E0));
#586=AXIS2_PLACEMENT_3D('',#583,#584,#585);
#588=CARTESIAN_POINT('',(6.6E-1,-1.75E0,2.33E0));
#589=DIRECTION('',(0.E0,0.E0,1.E0));
#590=DIRECTION('',(-1.E0,0.E0,0.E0));
#591=AXIS2_PLACEMENT_3D('',#588,#589,#590);
#593=DIRECTION('',(0.E0,0.E0,1.E0));
#594=VECTOR('',#593,2.E-1);
#595=CARTESIAN_POINT('',(8.65E-1,-1.75E0,2.13E0));
#596=LINE('12774',#595,#594);
#597=DIRECTION('',(0.E0,0.E0,1.E0));
#598=VECTOR('',#597,2.E-1);
#599=CARTESIAN_POINT('',(4.55E-1,-1.75E0,2.13E0));
#600=LINE('12775',#599,#598);
#601=DIRECTION('',(4.867363874875E-1,-4.235049128078E-1,7.640230872973E-1));
#602=VECTOR('',#601,6.020760467164E-1);
#603=CARTESIAN_POINT('',(-1.628052319971E0,1.624982163668E0,0.E0));
#604=LINE('12083',#603,#602);
#605=DIRECTION('',(1.E0,0.E0,0.E0));
#606=VECTOR('',#605,1.3E-1);
#607=CARTESIAN_POINT('',(-1.335E0,1.37E0,4.6E-1));
#608=LINE('12074',#607,#606);
#609=DIRECTION('',(4.867363874875E-1,4.235049128078E-1,-7.640230872973E-1));
#610=VECTOR('',#609,6.020760467164E-1);
#611=CARTESIAN_POINT('',(-1.205E0,1.37E0,4.6E-1));
#612=LINE('12082',#611,#610);
#613=DIRECTION('',(4.867363874875E-1,-4.235049128078E-1,-7.640230872973E-1));
#614=VECTOR('',#613,6.020760467164E-1);
#615=CARTESIAN_POINT('',(-1.205E0,-1.37E0,4.6E-1));
#616=LINE('12084',#615,#614);
#617=DIRECTION('',(1.E0,0.E0,0.E0));
#618=VECTOR('',#617,1.3E-1);
#619=CARTESIAN_POINT('',(-1.335E0,-1.37E0,4.6E-1));
#620=LINE('12075',#619,#618);
#621=DIRECTION('',(4.867363874875E-1,4.235049128078E-1,7.640230872973E-1));
#622=VECTOR('',#621,6.020760467164E-1);
#623=CARTESIAN_POINT('',(-1.628052319971E0,-1.624982163668E0,0.E0));
#624=LINE('12085',#623,#622);
#625=DIRECTION('',(0.E0,-1.E0,0.E0));
#626=VECTOR('',#625,2.74E0);
#627=CARTESIAN_POINT('',(-1.205E0,1.37E0,4.6E-1));
#628=LINE('12076',#627,#626);
#629=DIRECTION('',(0.E0,-1.E0,0.E0));
#630=VECTOR('',#629,2.74E0);
#631=CARTESIAN_POINT('',(-1.335E0,1.37E0,4.6E-1));
#632=LINE('12077',#631,#630);
#633=DIRECTION('',(0.E0,0.E0,-1.E0));
#634=VECTOR('',#633,2.E-1);
#635=CARTESIAN_POINT('',(-2.995E0,-1.75E0,0.E0));
#636=LINE('12925',#635,#634);
#637=DIRECTION('',(0.E0,0.E0,-1.E0));
#638=VECTOR('',#637,2.E-1);
#639=CARTESIAN_POINT('',(-3.405E0,-1.75E0,0.E0));
#640=LINE('12926',#639,#638);
#641=CARTESIAN_POINT('',(-3.2E0,-1.75E0,-2.E-1));
#642=DIRECTION('',(0.E0,0.E0,-1.E0));
#643=DIRECTION('',(1.E0,0.E0,0.E0));
#644=AXIS2_PLACEMENT_3D('',#641,#642,#643);
#646=CARTESIAN_POINT('',(-3.2E0,-1.75E0,-2.E-1));
#647=DIRECTION('',(0.E0,0.E0,-1.E0));
#648=DIRECTION('',(-1.E0,0.E0,0.E0));
#649=AXIS2_PLACEMENT_3D('',#646,#647,#648);
#651=CARTESIAN_POINT('',(-1.88E0,1.75E0,-2.E-1));
#652=DIRECTION('',(0.E0,0.E0,-1.E0));
#653=DIRECTION('',(1.E0,0.E0,0.E0));
#654=AXIS2_PLACEMENT_3D('',#651,#652,#653);
#656=CARTESIAN_POINT('',(-1.88E0,1.75E0,-2.E-1));
#657=DIRECTION('',(0.E0,0.E0,-1.E0));
#658=DIRECTION('',(-1.E0,0.E0,0.E0));
#659=AXIS2_PLACEMENT_3D('',#656,#657,#658);
#661=DIRECTION('',(0.E0,0.E0,-1.E0));
#662=VECTOR('',#661,2.E-1);
#663=CARTESIAN_POINT('',(-1.675E0,1.75E0,0.E0));
#664=LINE('12927',#663,#662);
#665=DIRECTION('',(0.E0,0.E0,-1.E0));
#666=VECTOR('',#665,2.E-1);
#667=CARTESIAN_POINT('',(-2.085E0,1.75E0,0.E0));
#668=LINE('12928',#667,#666);
#669=DIRECTION('',(0.E0,0.E0,-1.E0));
#670=VECTOR('',#669,2.E-1);
#671=CARTESIAN_POINT('',(-4.55E-1,-1.75E0,0.E0));
#672=LINE('14058',#671,#670);
#673=DIRECTION('',(0.E0,0.E0,-1.E0));
#674=VECTOR('',#673,2.E-1);
#675=CARTESIAN_POINT('',(-8.65E-1,-1.75E0,0.E0));
#676=LINE('14059',#675,#674);
#677=CARTESIAN_POINT('',(-6.6E-1,-1.75E0,-2.E-1));
#678=DIRECTION('',(0.E0,0.E0,-1.E0));
#679=DIRECTION('',(1.E0,0.E0,0.E0));
#680=AXIS2_PLACEMENT_3D('',#677,#678,#679);
#682=CARTESIAN_POINT('',(-6.6E-1,-1.75E0,-2.E-1));
#683=DIRECTION('',(0.E0,0.E0,-1.E0));
#684=DIRECTION('',(-1.E0,0.E0,0.E0));
#685=AXIS2_PLACEMENT_3D('',#682,#683,#684);
#687=CARTESIAN_POINT('',(6.6E-1,1.75E0,-2.E-1));
#688=DIRECTION('',(0.E0,0.E0,-1.E0));
#689=DIRECTION('',(1.E0,0.E0,0.E0));
#690=AXIS2_PLACEMENT_3D('',#687,#688,#689);
#692=CARTESIAN_POINT('',(6.6E-1,1.75E0,-2.E-1));
#693=DIRECTION('',(0.E0,0.E0,-1.E0));
#694=DIRECTION('',(-1.E0,0.E0,0.E0));
#695=AXIS2_PLACEMENT_3D('',#692,#693,#694);
#697=DIRECTION('',(0.E0,0.E0,-1.E0));
#698=VECTOR('',#697,2.E-1);
#699=CARTESIAN_POINT('',(8.65E-1,1.75E0,0.E0));
#700=LINE('14060',#699,#698);
#701=DIRECTION('',(0.E0,0.E0,-1.E0));
#702=VECTOR('',#701,2.E-1);
#703=CARTESIAN_POINT('',(4.55E-1,1.75E0,0.E0));
#704=LINE('14061',#703,#702);
#705=CARTESIAN_POINT('',(-2.8485E0,1.5785E0,0.E0));
#706=CARTESIAN_POINT('',(-2.8485E0,9.615E-1,0.E0));
#707=VERTEX_POINT('',#705);
#708=VERTEX_POINT('',#706);
#709=CARTESIAN_POINT('',(-2.2315E0,9.615E-1,0.E0));
#710=VERTEX_POINT('',#709);
#711=CARTESIAN_POINT('',(-2.2315E0,1.5785E0,0.E0));
#712=VERTEX_POINT('',#711);
#713=CARTESIAN_POINT('',(-2.2315E0,-9.615E-1,0.E0));
#714=CARTESIAN_POINT('',(-2.8485E0,-9.615E-1,0.E0));
#715=VERTEX_POINT('',#713);
#716=VERTEX_POINT('',#714);
#717=CARTESIAN_POINT('',(-2.8485E0,-1.5785E0,0.E0));
#718=VERTEX_POINT('',#717);
#719=CARTESIAN_POINT('',(-2.2315E0,-1.5785E0,0.E0));
#720=VERTEX_POINT('',#719);
#721=CARTESIAN_POINT('',(-2.8485E0,1.5785E0,2.13E0));
#722=CARTESIAN_POINT('',(-2.8485E0,9.615E-1,2.13E0));
#723=VERTEX_POINT('',#721);
#724=VERTEX_POINT('',#722);
#725=CARTESIAN_POINT('',(-2.2315E0,9.615E-1,2.13E0));
#726=VERTEX_POINT('',#725);
#727=CARTESIAN_POINT('',(-2.2315E0,1.5785E0,2.13E0));
#728=VERTEX_POINT('',#727);
#729=CARTESIAN_POINT('',(-2.2315E0,-9.615E-1,2.13E0));
#730=CARTESIAN_POINT('',(-2.8485E0,-9.615E-1,2.13E0));
#731=VERTEX_POINT('',#729);
#732=VERTEX_POINT('',#730);
#733=CARTESIAN_POINT('',(-2.8485E0,-1.5785E0,2.13E0));
#734=VERTEX_POINT('',#733);
#735=CARTESIAN_POINT('',(-2.2315E0,-1.5785E0,2.13E0));
#736=VERTEX_POINT('',#735);
#737=CARTESIAN_POINT('',(-1.628850932304E0,2.415E0,0.E0));
#738=CARTESIAN_POINT('',(-3.451149067696E0,2.415E0,0.E0));
#739=VERTEX_POINT('',#737);
#740=VERTEX_POINT('',#738);
#741=CARTESIAN_POINT('',(-1.628850932304E0,2.415E0,2.13E0));
#742=CARTESIAN_POINT('',(-3.451149067696E0,2.415E0,2.13E0));
#743=VERTEX_POINT('',#741);
#744=VERTEX_POINT('',#742);
#745=CARTESIAN_POINT('',(-1.335E0,1.755E0,0.E0));
#746=CARTESIAN_POINT('',(-1.205E0,1.755E0,0.E0));
#747=VERTEX_POINT('',#745);
#748=VERTEX_POINT('',#746);
#749=CARTESIAN_POINT('',(-9.111490676964E-1,2.415E0,0.E0));
#750=VERTEX_POINT('',#749);
#751=CARTESIAN_POINT('',(-1.335E0,-1.755E0,0.E0));
#752=CARTESIAN_POINT('',(-1.628850932304E0,-2.415E0,0.E0));
#753=VERTEX_POINT('',#751);
#754=VERTEX_POINT('',#752);
#755=CARTESIAN_POINT('',(-9.111490676964E-1,-2.415E0,0.E0));
#756=CARTESIAN_POINT('',(-1.205E0,-1.755E0,0.E0));
#757=VERTEX_POINT('',#755);
#758=VERTEX_POINT('',#756);
#759=CARTESIAN_POINT('',(-1.335E0,1.755E0,2.13E0));
#760=CARTESIAN_POINT('',(-1.205E0,1.755E0,2.13E0));
#761=VERTEX_POINT('',#759);
#762=VERTEX_POINT('',#760);
#763=CARTESIAN_POINT('',(-9.111490676964E-1,2.415E0,2.13E0));
#764=VERTEX_POINT('',#763);
#765=CARTESIAN_POINT('',(-1.335E0,-1.755E0,2.13E0));
#766=CARTESIAN_POINT('',(-1.628850932304E0,-2.415E0,2.13E0));
#767=VERTEX_POINT('',#765);
#768=VERTEX_POINT('',#766);
#769=CARTESIAN_POINT('',(-9.111490676964E-1,-2.415E0,2.13E0));
#770=CARTESIAN_POINT('',(-1.205E0,-1.755E0,2.13E0));
#771=VERTEX_POINT('',#769);
#772=VERTEX_POINT('',#770);
#773=CARTESIAN_POINT('',(-3.451149067696E0,-2.415E0,0.E0));
#774=CARTESIAN_POINT('',(-3.451149067696E0,-2.415E0,2.13E0));
#775=VERTEX_POINT('',#773);
#776=VERTEX_POINT('',#774);
#777=CARTESIAN_POINT('',(-3.085E-1,1.5785E0,0.E0));
#778=CARTESIAN_POINT('',(-3.085E-1,9.615E-1,0.E0));
#779=VERTEX_POINT('',#777);
#780=VERTEX_POINT('',#778);
#781=CARTESIAN_POINT('',(3.085E-1,9.615E-1,0.E0));
#782=VERTEX_POINT('',#781);
#783=CARTESIAN_POINT('',(3.085E-1,1.5785E0,0.E0));
#784=VERTEX_POINT('',#783);
#785=CARTESIAN_POINT('',(3.085E-1,-9.615E-1,0.E0));
#786=CARTESIAN_POINT('',(-3.085E-1,-9.615E-1,0.E0));
#787=VERTEX_POINT('',#785);
#788=VERTEX_POINT('',#786);
#789=CARTESIAN_POINT('',(-3.085E-1,-1.5785E0,0.E0));
#790=VERTEX_POINT('',#789);
#791=CARTESIAN_POINT('',(3.085E-1,-1.5785E0,0.E0));
#792=VERTEX_POINT('',#791);
#793=CARTESIAN_POINT('',(-3.085E-1,1.5785E0,2.13E0));
#794=CARTESIAN_POINT('',(-3.085E-1,9.615E-1,2.13E0));
#795=VERTEX_POINT('',#793);
#796=VERTEX_POINT('',#794);
#797=CARTESIAN_POINT('',(3.085E-1,9.615E-1,2.13E0));
#798=VERTEX_POINT('',#797);
#799=CARTESIAN_POINT('',(3.085E-1,1.5785E0,2.13E0));
#800=VERTEX_POINT('',#799);
#801=CARTESIAN_POINT('',(3.085E-1,-9.615E-1,2.13E0));
#802=CARTESIAN_POINT('',(-3.085E-1,-9.615E-1,2.13E0));
#803=VERTEX_POINT('',#801);
#804=VERTEX_POINT('',#802);
#805=CARTESIAN_POINT('',(-3.085E-1,-1.5785E0,2.13E0));
#806=VERTEX_POINT('',#805);
#807=CARTESIAN_POINT('',(3.085E-1,-1.5785E0,2.13E0));
#808=VERTEX_POINT('',#807);
#809=CARTESIAN_POINT('',(9.111490676964E-1,-2.415E0,0.E0));
#810=CARTESIAN_POINT('',(9.111490676964E-1,-2.415E0,2.13E0));
#811=VERTEX_POINT('',#809);
#812=VERTEX_POINT('',#810);
#813=CARTESIAN_POINT('',(9.111490676964E-1,2.415E0,0.E0));
#814=CARTESIAN_POINT('',(9.111490676964E-1,2.415E0,2.13E0));
#815=VERTEX_POINT('',#813);
#816=VERTEX_POINT('',#814);
#817=CARTESIAN_POINT('',(-3.61E0,-2.058214964477E0,0.E0));
#818=CARTESIAN_POINT('',(-3.61E0,2.058214964477E0,0.E0));
#819=VERTEX_POINT('',#817);
#820=VERTEX_POINT('',#818);
#821=CARTESIAN_POINT('',(1.07E0,-2.058214964477E0,0.E0));
#822=CARTESIAN_POINT('',(1.07E0,2.058214964477E0,0.E0));
#823=VERTEX_POINT('',#821);
#824=VERTEX_POINT('',#822);
#825=CARTESIAN_POINT('',(-3.61E0,-2.058214964477E0,2.13E0));
#826=CARTESIAN_POINT('',(-3.61E0,2.058214964477E0,2.13E0));
#827=VERTEX_POINT('',#825);
#828=VERTEX_POINT('',#826);
#829=CARTESIAN_POINT('',(1.07E0,-2.058214964477E0,2.13E0));
#830=CARTESIAN_POINT('',(1.07E0,2.058214964477E0,2.13E0));
#831=VERTEX_POINT('',#829);
#832=VERTEX_POINT('',#830);
#833=CARTESIAN_POINT('',(-1.335E0,1.37E0,4.6E-1));
#834=CARTESIAN_POINT('',(-1.205E0,1.37E0,4.6E-1));
#835=VERTEX_POINT('',#833);
#836=VERTEX_POINT('',#834);
#837=CARTESIAN_POINT('',(-1.335E0,-1.37E0,4.6E-1));
#838=CARTESIAN_POINT('',(-1.205E0,-1.37E0,4.6E-1));
#839=VERTEX_POINT('',#837);
#840=VERTEX_POINT('',#838);
#841=CARTESIAN_POINT('',(-1.628052319971E0,1.624982163668E0,0.E0));
#842=CARTESIAN_POINT('',(-9.119476800286E-1,1.624982163668E0,0.E0));
#843=VERTEX_POINT('',#841);
#844=VERTEX_POINT('',#842);
#845=CARTESIAN_POINT('',(-1.628052319971E0,-1.624982163668E0,0.E0));
#846=CARTESIAN_POINT('',(-9.119476800286E-1,-1.624982163668E0,0.E0));
#847=VERTEX_POINT('',#845);
#848=VERTEX_POINT('',#846);
#849=CARTESIAN_POINT('',(-1.205E0,1.37E0,1.67E0));
#850=CARTESIAN_POINT('',(-1.335E0,1.37E0,1.67E0));
#851=VERTEX_POINT('',#849);
#852=VERTEX_POINT('',#850);
#853=CARTESIAN_POINT('',(-1.205E0,-1.37E0,1.67E0));
#854=CARTESIAN_POINT('',(-1.335E0,-1.37E0,1.67E0));
#855=VERTEX_POINT('',#853);
#856=VERTEX_POINT('',#854);
#857=CARTESIAN_POINT('',(-1.628052319971E0,1.624982163668E0,2.13E0));
#858=CARTESIAN_POINT('',(-9.119476800286E-1,1.624982163668E0,2.13E0));
#859=VERTEX_POINT('',#857);
#860=VERTEX_POINT('',#858);
#861=CARTESIAN_POINT('',(-1.628052319971E0,-1.624982163668E0,2.13E0));
#862=CARTESIAN_POINT('',(-9.119476800286E-1,-1.624982163668E0,2.13E0));
#863=VERTEX_POINT('',#861);
#864=VERTEX_POINT('',#862);
#865=CARTESIAN_POINT('',(-2.995E0,1.75E0,2.33E0));
#866=CARTESIAN_POINT('',(-3.405E0,1.75E0,2.33E0));
#867=VERTEX_POINT('',#865);
#868=VERTEX_POINT('',#866);
#869=CARTESIAN_POINT('',(-1.675E0,-1.75E0,2.33E0));
#870=CARTESIAN_POINT('',(-2.085E0,-1.75E0,2.33E0));
#871=VERTEX_POINT('',#869);
#872=VERTEX_POINT('',#870);
#873=CARTESIAN_POINT('',(-2.995E0,1.75E0,2.13E0));
#874=CARTESIAN_POINT('',(-3.405E0,1.75E0,2.13E0));
#875=VERTEX_POINT('',#873);
#876=VERTEX_POINT('',#874);
#877=CARTESIAN_POINT('',(-1.675E0,-1.75E0,2.13E0));
#878=CARTESIAN_POINT('',(-2.085E0,-1.75E0,2.13E0));
#879=VERTEX_POINT('',#877);
#880=VERTEX_POINT('',#878);
#881=CARTESIAN_POINT('',(-4.55E-1,1.75E0,2.33E0));
#882=CARTESIAN_POINT('',(-8.65E-1,1.75E0,2.33E0));
#883=VERTEX_POINT('',#881);
#884=VERTEX_POINT('',#882);
#885=CARTESIAN_POINT('',(8.65E-1,-1.75E0,2.33E0));
#886=CARTESIAN_POINT('',(4.55E-1,-1.75E0,2.33E0));
#887=VERTEX_POINT('',#885);
#888=VERTEX_POINT('',#886);
#889=CARTESIAN_POINT('',(-4.55E-1,1.75E0,2.13E0));
#890=CARTESIAN_POINT('',(-8.65E-1,1.75E0,2.13E0));
#891=VERTEX_POINT('',#889);
#892=VERTEX_POINT('',#890);
#893=CARTESIAN_POINT('',(8.65E-1,-1.75E0,2.13E0));
#894=CARTESIAN_POINT('',(4.55E-1,-1.75E0,2.13E0));
#895=VERTEX_POINT('',#893);
#896=VERTEX_POINT('',#894);
#897=CARTESIAN_POINT('',(-2.995E0,-1.75E0,-2.E-1));
#898=CARTESIAN_POINT('',(-3.405E0,-1.75E0,-2.E-1));
#899=VERTEX_POINT('',#897);
#900=VERTEX_POINT('',#898);
#901=CARTESIAN_POINT('',(-1.675E0,1.75E0,-2.E-1));
#902=CARTESIAN_POINT('',(-2.085E0,1.75E0,-2.E-1));
#903=VERTEX_POINT('',#901);
#904=VERTEX_POINT('',#902);
#905=CARTESIAN_POINT('',(-2.995E0,-1.75E0,0.E0));
#906=CARTESIAN_POINT('',(-3.405E0,-1.75E0,0.E0));
#907=VERTEX_POINT('',#905);
#908=VERTEX_POINT('',#906);
#909=CARTESIAN_POINT('',(-1.675E0,1.75E0,0.E0));
#910=CARTESIAN_POINT('',(-2.085E0,1.75E0,0.E0));
#911=VERTEX_POINT('',#909);
#912=VERTEX_POINT('',#910);
#913=CARTESIAN_POINT('',(-4.55E-1,-1.75E0,-2.E-1));
#914=CARTESIAN_POINT('',(-8.65E-1,-1.75E0,-2.E-1));
#915=VERTEX_POINT('',#913);
#916=VERTEX_POINT('',#914);
#917=CARTESIAN_POINT('',(8.65E-1,1.75E0,-2.E-1));
#918=CARTESIAN_POINT('',(4.55E-1,1.75E0,-2.E-1));
#919=VERTEX_POINT('',#917);
#920=VERTEX_POINT('',#918);
#921=CARTESIAN_POINT('',(-4.55E-1,-1.75E0,0.E0));
#922=CARTESIAN_POINT('',(-8.65E-1,-1.75E0,0.E0));
#923=VERTEX_POINT('',#921);
#924=VERTEX_POINT('',#922);
#925=CARTESIAN_POINT('',(8.65E-1,1.75E0,0.E0));
#926=CARTESIAN_POINT('',(4.55E-1,1.75E0,0.E0));
#927=VERTEX_POINT('',#925);
#928=VERTEX_POINT('',#926);
#929=CARTESIAN_POINT('',(0.E0,0.E0,0.E0));
#930=DIRECTION('',(0.E0,0.E0,1.E0));
#931=DIRECTION('',(1.E0,0.E0,0.E0));
#932=AXIS2_PLACEMENT_3D('',#929,#930,#931);
#933=PLANE('27',#932);
#935=ORIENTED_EDGE('11178',*,*,#934,.F.);
#937=ORIENTED_EDGE('11203',*,*,#936,.F.);
#939=ORIENTED_EDGE('2151',*,*,#938,.T.);
#941=ORIENTED_EDGE('2063',*,*,#940,.F.);
#943=ORIENTED_EDGE('2066',*,*,#942,.F.);
#945=ORIENTED_EDGE('2065',*,*,#944,.F.);
#947=ORIENTED_EDGE('7848',*,*,#946,.T.);
#949=ORIENTED_EDGE('20948',*,*,#948,.F.);
#951=ORIENTED_EDGE('11180',*,*,#950,.T.);
#953=ORIENTED_EDGE('20947',*,*,#952,.F.);
#955=ORIENTED_EDGE('7844',*,*,#954,.T.);
#957=ORIENTED_EDGE('2050',*,*,#956,.F.);
#959=ORIENTED_EDGE('2049',*,*,#958,.F.);
#961=ORIENTED_EDGE('2051',*,*,#960,.F.);
#963=ORIENTED_EDGE('1712',*,*,#962,.T.);
#965=ORIENTED_EDGE('11202',*,*,#964,.F.);
#966=EDGE_LOOP('27',(#935,#937,#939,#941,#943,#945,#947,#949,#951,#953,#955,
#957,#959,#961,#963,#965));
#967=FACE_OUTER_BOUND('27',#966,.F.);
#969=ORIENTED_EDGE('306',*,*,#968,.F.);
#971=ORIENTED_EDGE('309',*,*,#970,.F.);
#973=ORIENTED_EDGE('308',*,*,#972,.F.);
#975=ORIENTED_EDGE('307',*,*,#974,.F.);
#976=EDGE_LOOP('27',(#969,#971,#973,#975));
#977=FACE_BOUND('27',#976,.F.);
#979=ORIENTED_EDGE('310',*,*,#978,.F.);
#981=ORIENTED_EDGE('313',*,*,#980,.F.);
#983=ORIENTED_EDGE('312',*,*,#982,.F.);
#985=ORIENTED_EDGE('311',*,*,#984,.F.);
#986=EDGE_LOOP('27',(#979,#981,#983,#985));
#987=FACE_BOUND('27',#986,.F.);
#989=ORIENTED_EDGE('7546',*,*,#988,.F.);
#991=ORIENTED_EDGE('7549',*,*,#990,.F.);
#993=ORIENTED_EDGE('7548',*,*,#992,.F.);
#995=ORIENTED_EDGE('7547',*,*,#994,.F.);
#996=EDGE_LOOP('27',(#989,#991,#993,#995));
#997=FACE_BOUND('27',#996,.F.);
#999=ORIENTED_EDGE('7550',*,*,#998,.F.);
#1001=ORIENTED_EDGE('7553',*,*,#1000,.F.);
#1003=ORIENTED_EDGE('7552',*,*,#1002,.F.);
#1005=ORIENTED_EDGE('7551',*,*,#1004,.F.);
#1006=EDGE_LOOP('27',(#999,#1001,#1003,#1005));
#1007=FACE_BOUND('27',#1006,.F.);
#1009=ORIENTED_EDGE('12078',*,*,#1008,.T.);
#1011=ORIENTED_EDGE('12080',*,*,#1010,.F.);
#1013=ORIENTED_EDGE('12079',*,*,#1012,.F.);
#1015=ORIENTED_EDGE('12081',*,*,#1014,.T.);
#1016=EDGE_LOOP('27',(#1009,#1011,#1013,#1015));
#1017=FACE_BOUND('27',#1016,.F.);
#1019=ORIENTED_EDGE('12921',*,*,#1018,.T.);
#1021=ORIENTED_EDGE('12922',*,*,#1020,.T.);
#1022=EDGE_LOOP('27',(#1019,#1021));
#1023=FACE_BOUND('27',#1022,.F.);
#1025=ORIENTED_EDGE('12923',*,*,#1024,.T.);
#1027=ORIENTED_EDGE('12924',*,*,#1026,.T.);
#1028=EDGE_LOOP('27',(#1025,#1027));
#1029=FACE_BOUND('27',#1028,.F.);
#1031=ORIENTED_EDGE('14054',*,*,#1030,.T.);
#1033=ORIENTED_EDGE('14055',*,*,#1032,.T.);
#1034=EDGE_LOOP('27',(#1031,#1033));
#1035=FACE_BOUND('27',#1034,.F.);
#1037=ORIENTED_EDGE('14056',*,*,#1036,.T.);
#1039=ORIENTED_EDGE('14057',*,*,#1038,.T.);
#1040=EDGE_LOOP('27',(#1037,#1039));
#1041=FACE_BOUND('27',#1040,.F.);
#1042=ADVANCED_FACE('27',(#967,#977,#987,#997,#1007,#1017,#1023,#1029,#1035,
#1041),#933,.F.);
#1043=CARTESIAN_POINT('',(-2.8485E0,1.5785E0,2.13E0));
#1044=DIRECTION('',(-1.E0,0.E0,0.E0));
#1045=DIRECTION('',(0.E0,-1.E0,0.E0));
#1046=AXIS2_PLACEMENT_3D('',#1043,#1044,#1045);
#1047=PLANE('178',#1046);
#1048=ORIENTED_EDGE('306',*,*,#968,.T.);
#1050=ORIENTED_EDGE('435',*,*,#1049,.F.);
#1052=ORIENTED_EDGE('370',*,*,#1051,.F.);
#1054=ORIENTED_EDGE('434',*,*,#1053,.T.);
#1055=EDGE_LOOP('178',(#1048,#1050,#1052,#1054));
#1056=FACE_OUTER_BOUND('178',#1055,.F.);
#1057=ADVANCED_FACE('178',(#1056),#1047,.F.);
#1058=CARTESIAN_POINT('',(-2.8485E0,9.615E-1,2.13E0));
#1059=DIRECTION('',(0.E0,-1.E0,0.E0));
#1060=DIRECTION('',(1.E0,0.E0,0.E0));
#1061=AXIS2_PLACEMENT_3D('',#1058,#1059,#1060);
#1062=PLANE('180',#1061);
#1063=ORIENTED_EDGE('307',*,*,#974,.T.);
#1065=ORIENTED_EDGE('436',*,*,#1064,.F.);
#1067=ORIENTED_EDGE('371',*,*,#1066,.F.);
#1068=ORIENTED_EDGE('435',*,*,#1049,.T.);
#1069=EDGE_LOOP('180',(#1063,#1065,#1067,#1068));
#1070=FACE_OUTER_BOUND('180',#1069,.F.);
#1071=ADVANCED_FACE('180',(#1070),#1062,.F.);
#1072=CARTESIAN_POINT('',(-2.2315E0,9.615E-1,2.13E0));
#1073=DIRECTION('',(1.E0,0.E0,0.E0));
#1074=DIRECTION('',(0.E0,1.E0,0.E0));
#1075=AXIS2_PLACEMENT_3D('',#1072,#1073,#1074);
#1076=PLANE('182',#1075);
#1077=ORIENTED_EDGE('308',*,*,#972,.T.);
#1079=ORIENTED_EDGE('437',*,*,#1078,.F.);
#1081=ORIENTED_EDGE('372',*,*,#1080,.F.);
#1082=ORIENTED_EDGE('436',*,*,#1064,.T.);
#1083=EDGE_LOOP('182',(#1077,#1079,#1081,#1082));
#1084=FACE_OUTER_BOUND('182',#1083,.F.);
#1085=ADVANCED_FACE('182',(#1084),#1076,.F.);
#1086=CARTESIAN_POINT('',(-2.2315E0,1.5785E0,2.13E0));
#1087=DIRECTION('',(0.E0,1.E0,0.E0));
#1088=DIRECTION('',(-1.E0,0.E0,0.E0));
#1089=AXIS2_PLACEMENT_3D('',#1086,#1087,#1088);
#1090=PLANE('184',#1089);
#1091=ORIENTED_EDGE('309',*,*,#970,.T.);
#1092=ORIENTED_EDGE('434',*,*,#1053,.F.);
#1094=ORIENTED_EDGE('373',*,*,#1093,.F.);
#1095=ORIENTED_EDGE('437',*,*,#1078,.T.);
#1096=EDGE_LOOP('184',(#1091,#1092,#1094,#1095));
#1097=FACE_OUTER_BOUND('184',#1096,.F.);
#1098=ADVANCED_FACE('184',(#1097),#1090,.F.);
#1099=CARTESIAN_POINT('',(0.E0,0.E0,2.13E0));
#1100=DIRECTION('',(0.E0,0.E0,1.E0));
#1101=DIRECTION('',(1.E0,0.E0,0.E0));
#1102=AXIS2_PLACEMENT_3D('',#1099,#1100,#1101);
#1103=PLANE('32',#1102);
#1105=ORIENTED_EDGE('11182',*,*,#1104,.T.);
#1107=ORIENTED_EDGE('11204',*,*,#1106,.T.);
#1109=ORIENTED_EDGE('1714',*,*,#1108,.F.);
#1111=ORIENTED_EDGE('2077',*,*,#1110,.T.);
#1113=ORIENTED_EDGE('2075',*,*,#1112,.T.);
#1115=ORIENTED_EDGE('2076',*,*,#1114,.T.);
#1117=ORIENTED_EDGE('7846',*,*,#1116,.F.);
#1119=ORIENTED_EDGE('20949',*,*,#1118,.T.);
#1121=ORIENTED_EDGE('11184',*,*,#1120,.F.);
#1123=ORIENTED_EDGE('20950',*,*,#1122,.T.);
#1125=ORIENTED_EDGE('7850',*,*,#1124,.F.);
#1127=ORIENTED_EDGE('2091',*,*,#1126,.T.);
#1129=ORIENTED_EDGE('2092',*,*,#1128,.T.);
#1131=ORIENTED_EDGE('2089',*,*,#1130,.T.);
#1133=ORIENTED_EDGE('2159',*,*,#1132,.F.);
#1135=ORIENTED_EDGE('11205',*,*,#1134,.T.);
#1136=EDGE_LOOP('32',(#1105,#1107,#1109,#1111,#1113,#1115,#1117,#1119,#1121,
#1123,#1125,#1127,#1129,#1131,#1133,#1135));
#1137=FACE_OUTER_BOUND('32',#1136,.F.);
#1138=ORIENTED_EDGE('370',*,*,#1051,.T.);
#1139=ORIENTED_EDGE('371',*,*,#1066,.T.);
#1140=ORIENTED_EDGE('372',*,*,#1080,.T.);
#1141=ORIENTED_EDGE('373',*,*,#1093,.T.);
#1142=EDGE_LOOP('32',(#1138,#1139,#1140,#1141));
#1143=FACE_BOUND('32',#1142,.F.);
#1145=ORIENTED_EDGE('374',*,*,#1144,.T.);
#1147=ORIENTED_EDGE('375',*,*,#1146,.T.);
#1149=ORIENTED_EDGE('376',*,*,#1148,.T.);
#1151=ORIENTED_EDGE('377',*,*,#1150,.T.);
#1152=EDGE_LOOP('32',(#1145,#1147,#1149,#1151));
#1153=FACE_BOUND('32',#1152,.F.);
#1155=ORIENTED_EDGE('7554',*,*,#1154,.T.);
#1157=ORIENTED_EDGE('7555',*,*,#1156,.T.);
#1159=ORIENTED_EDGE('7556',*,*,#1158,.T.);
#1161=ORIENTED_EDGE('7557',*,*,#1160,.T.);
#1162=EDGE_LOOP('32',(#1155,#1157,#1159,#1161));
#1163=FACE_BOUND('32',#1162,.F.);
#1165=ORIENTED_EDGE('7558',*,*,#1164,.T.);
#1167=ORIENTED_EDGE('7559',*,*,#1166,.T.);
#1169=ORIENTED_EDGE('7560',*,*,#1168,.T.);
#1171=ORIENTED_EDGE('7561',*,*,#1170,.T.);
#1172=EDGE_LOOP('32',(#1165,#1167,#1169,#1171));
#1173=FACE_BOUND('32',#1172,.F.);
#1175=ORIENTED_EDGE('12095',*,*,#1174,.F.);
#1177=ORIENTED_EDGE('12098',*,*,#1176,.F.);
#1179=ORIENTED_EDGE('12096',*,*,#1178,.T.);
#1181=ORIENTED_EDGE('12097',*,*,#1180,.T.);
#1182=EDGE_LOOP('32',(#1175,#1177,#1179,#1181));
#1183=FACE_BOUND('32',#1182,.F.);
#1185=ORIENTED_EDGE('12733',*,*,#1184,.T.);
#1187=ORIENTED_EDGE('12734',*,*,#1186,.T.);
#1188=EDGE_LOOP('32',(#1185,#1187));
#1189=FACE_BOUND('32',#1188,.F.);
#1191=ORIENTED_EDGE('12735',*,*,#1190,.T.);
#1193=ORIENTED_EDGE('12736',*,*,#1192,.T.);
#1194=EDGE_LOOP('32',(#1191,#1193));
#1195=FACE_BOUND('32',#1194,.F.);
#1197=ORIENTED_EDGE('12768',*,*,#1196,.T.);
#1199=ORIENTED_EDGE('12769',*,*,#1198,.T.);
#1200=EDGE_LOOP('32',(#1197,#1199));
#1201=FACE_BOUND('32',#1200,.F.);
#1203=ORIENTED_EDGE('12770',*,*,#1202,.T.);
#1205=ORIENTED_EDGE('12771',*,*,#1204,.T.);
#1206=EDGE_LOOP('32',(#1203,#1205));
#1207=FACE_BOUND('32',#1206,.F.);
#1208=ADVANCED_FACE('32',(#1137,#1143,#1153,#1163,#1173,#1183,#1189,#1195,#1201,
#1207),#1103,.T.);
#1209=CARTESIAN_POINT('',(-2.2315E0,-9.615E-1,2.13E0));
#1210=DIRECTION('',(0.E0,1.E0,0.E0));
#1211=DIRECTION('',(-1.E0,0.E0,0.E0));
#1212=AXIS2_PLACEMENT_3D('',#1209,#1210,#1211);
#1213=PLANE('186',#1212);
#1214=ORIENTED_EDGE('310',*,*,#978,.T.);
#1216=ORIENTED_EDGE('439',*,*,#1215,.F.);
#1217=ORIENTED_EDGE('374',*,*,#1144,.F.);
#1219=ORIENTED_EDGE('438',*,*,#1218,.T.);
#1220=EDGE_LOOP('186',(#1214,#1216,#1217,#1219));
#1221=FACE_OUTER_BOUND('186',#1220,.F.);
#1222=ADVANCED_FACE('186',(#1221),#1213,.F.);
#1223=CARTESIAN_POINT('',(-2.8485E0,-9.615E-1,2.13E0));
#1224=DIRECTION('',(-1.E0,0.E0,0.E0));
#1225=DIRECTION('',(0.E0,-1.E0,0.E0));
#1226=AXIS2_PLACEMENT_3D('',#1223,#1224,#1225);
#1227=PLANE('188',#1226);
#1228=ORIENTED_EDGE('311',*,*,#984,.T.);
#1230=ORIENTED_EDGE('440',*,*,#1229,.F.);
#1231=ORIENTED_EDGE('375',*,*,#1146,.F.);
#1232=ORIENTED_EDGE('439',*,*,#1215,.T.);
#1233=EDGE_LOOP('188',(#1228,#1230,#1231,#1232));
#1234=FACE_OUTER_BOUND('188',#1233,.F.);
#1235=ADVANCED_FACE('188',(#1234),#1227,.F.);
#1236=CARTESIAN_POINT('',(-2.8485E0,-1.5785E0,2.13E0));
#1237=DIRECTION('',(0.E0,-1.E0,0.E0));
#1238=DIRECTION('',(1.E0,0.E0,0.E0));
#1239=AXIS2_PLACEMENT_3D('',#1236,#1237,#1238);
#1240=PLANE('190',#1239);
#1241=ORIENTED_EDGE('312',*,*,#982,.T.);
#1243=ORIENTED_EDGE('441',*,*,#1242,.F.);
#1244=ORIENTED_EDGE('376',*,*,#1148,.F.);
#1245=ORIENTED_EDGE('440',*,*,#1229,.T.);
#1246=EDGE_LOOP('190',(#1241,#1243,#1244,#1245));
#1247=FACE_OUTER_BOUND('190',#1246,.F.);
#1248=ADVANCED_FACE('190',(#1247),#1240,.F.);
#1249=CARTESIAN_POINT('',(-2.2315E0,-1.5785E0,2.13E0));
#1250=DIRECTION('',(1.E0,0.E0,0.E0));
#1251=DIRECTION('',(0.E0,1.E0,0.E0));
#1252=AXIS2_PLACEMENT_3D('',#1249,#1250,#1251);
#1253=PLANE('192',#1252);
#1254=ORIENTED_EDGE('313',*,*,#980,.T.);
#1255=ORIENTED_EDGE('438',*,*,#1218,.F.);
#1256=ORIENTED_EDGE('377',*,*,#1150,.F.);
#1257=ORIENTED_EDGE('441',*,*,#1242,.T.);
#1258=EDGE_LOOP('192',(#1254,#1255,#1256,#1257));
#1259=FACE_OUTER_BOUND('192',#1258,.F.);
#1260=ADVANCED_FACE('192',(#1259),#1253,.F.);
#1261=CARTESIAN_POINT('',(-3.085E-1,1.5785E0,2.13E0));
#1262=DIRECTION('',(-1.E0,0.E0,0.E0));
#1263=DIRECTION('',(0.E0,-1.E0,0.E0));
#1264=AXIS2_PLACEMENT_3D('',#1261,#1262,#1263);
#1265=PLANE('7530',#1264);
#1266=ORIENTED_EDGE('7546',*,*,#988,.T.);
#1268=ORIENTED_EDGE('7563',*,*,#1267,.F.);
#1269=ORIENTED_EDGE('7554',*,*,#1154,.F.);
#1271=ORIENTED_EDGE('7562',*,*,#1270,.T.);
#1272=EDGE_LOOP('7530',(#1266,#1268,#1269,#1271));
#1273=FACE_OUTER_BOUND('7530',#1272,.F.);
#1274=ADVANCED_FACE('7530',(#1273),#1265,.F.);
#1275=CARTESIAN_POINT('',(-3.085E-1,9.615E-1,2.13E0));
#1276=DIRECTION('',(0.E0,-1.E0,0.E0));
#1277=DIRECTION('',(1.E0,0.E0,0.E0));
#1278=AXIS2_PLACEMENT_3D('',#1275,#1276,#1277);
#1279=PLANE('7532',#1278);
#1280=ORIENTED_EDGE('7547',*,*,#994,.T.);
#1282=ORIENTED_EDGE('7564',*,*,#1281,.F.);
#1283=ORIENTED_EDGE('7555',*,*,#1156,.F.);
#1284=ORIENTED_EDGE('7563',*,*,#1267,.T.);
#1285=EDGE_LOOP('7532',(#1280,#1282,#1283,#1284));
#1286=FACE_OUTER_BOUND('7532',#1285,.F.);
#1287=ADVANCED_FACE('7532',(#1286),#1279,.F.);
#1288=CARTESIAN_POINT('',(3.085E-1,9.615E-1,2.13E0));
#1289=DIRECTION('',(1.E0,0.E0,0.E0));
#1290=DIRECTION('',(0.E0,1.E0,0.E0));
#1291=AXIS2_PLACEMENT_3D('',#1288,#1289,#1290);
#1292=PLANE('7534',#1291);
#1293=ORIENTED_EDGE('7548',*,*,#992,.T.);
#1295=ORIENTED_EDGE('7565',*,*,#1294,.F.);
#1296=ORIENTED_EDGE('7556',*,*,#1158,.F.);
#1297=ORIENTED_EDGE('7564',*,*,#1281,.T.);
#1298=EDGE_LOOP('7534',(#1293,#1295,#1296,#1297));
#1299=FACE_OUTER_BOUND('7534',#1298,.F.);
#1300=ADVANCED_FACE('7534',(#1299),#1292,.F.);
#1301=CARTESIAN_POINT('',(3.085E-1,1.5785E0,2.13E0));
#1302=DIRECTION('',(0.E0,1.E0,0.E0));
#1303=DIRECTION('',(-1.E0,0.E0,0.E0));
#1304=AXIS2_PLACEMENT_3D('',#1301,#1302,#1303);
#1305=PLANE('7536',#1304);
#1306=ORIENTED_EDGE('7549',*,*,#990,.T.);
#1307=ORIENTED_EDGE('7562',*,*,#1270,.F.);
#1308=ORIENTED_EDGE('7557',*,*,#1160,.F.);
#1309=ORIENTED_EDGE('7565',*,*,#1294,.T.);
#1310=EDGE_LOOP('7536',(#1306,#1307,#1308,#1309));
#1311=FACE_OUTER_BOUND('7536',#1310,.F.);
#1312=ADVANCED_FACE('7536',(#1311),#1305,.F.);
#1313=CARTESIAN_POINT('',(3.085E-1,-9.615E-1,2.13E0));
#1314=DIRECTION('',(0.E0,1.E0,0.E0));
#1315=DIRECTION('',(-1.E0,0.E0,0.E0));
#1316=AXIS2_PLACEMENT_3D('',#1313,#1314,#1315);
#1317=PLANE('7538',#1316);
#1318=ORIENTED_EDGE('7550',*,*,#998,.T.);
#1320=ORIENTED_EDGE('7567',*,*,#1319,.F.);
#1321=ORIENTED_EDGE('7558',*,*,#1164,.F.);
#1323=ORIENTED_EDGE('7566',*,*,#1322,.T.);
#1324=EDGE_LOOP('7538',(#1318,#1320,#1321,#1323));
#1325=FACE_OUTER_BOUND('7538',#1324,.F.);
#1326=ADVANCED_FACE('7538',(#1325),#1317,.F.);
#1327=CARTESIAN_POINT('',(-3.085E-1,-9.615E-1,2.13E0));
#1328=DIRECTION('',(-1.E0,0.E0,0.E0));
#1329=DIRECTION('',(0.E0,-1.E0,0.E0));
#1330=AXIS2_PLACEMENT_3D('',#1327,#1328,#1329);
#1331=PLANE('7540',#1330);
#1332=ORIENTED_EDGE('7551',*,*,#1004,.T.);
#1334=ORIENTED_EDGE('7568',*,*,#1333,.F.);
#1335=ORIENTED_EDGE('7559',*,*,#1166,.F.);
#1336=ORIENTED_EDGE('7567',*,*,#1319,.T.);
#1337=EDGE_LOOP('7540',(#1332,#1334,#1335,#1336));
#1338=FACE_OUTER_BOUND('7540',#1337,.F.);
#1339=ADVANCED_FACE('7540',(#1338),#1331,.F.);
#1340=CARTESIAN_POINT('',(-3.085E-1,-1.5785E0,2.13E0));
#1341=DIRECTION('',(0.E0,-1.E0,0.E0));
#1342=DIRECTION('',(1.E0,0.E0,0.E0));
#1343=AXIS2_PLACEMENT_3D('',#1340,#1341,#1342);
#1344=PLANE('7542',#1343);
#1345=ORIENTED_EDGE('7552',*,*,#1002,.T.);
#1347=ORIENTED_EDGE('7569',*,*,#1346,.F.);
#1348=ORIENTED_EDGE('7560',*,*,#1168,.F.);
#1349=ORIENTED_EDGE('7568',*,*,#1333,.T.);
#1350=EDGE_LOOP('7542',(#1345,#1347,#1348,#1349));
#1351=FACE_OUTER_BOUND('7542',#1350,.F.);
#1352=ADVANCED_FACE('7542',(#1351),#1344,.F.);
#1353=CARTESIAN_POINT('',(3.085E-1,-1.5785E0,2.13E0));
#1354=DIRECTION('',(1.E0,0.E0,0.E0));
#1355=DIRECTION('',(0.E0,1.E0,0.E0));
#1356=AXIS2_PLACEMENT_3D('',#1353,#1354,#1355);
#1357=PLANE('7544',#1356);
#1358=ORIENTED_EDGE('7553',*,*,#1000,.T.);
#1359=ORIENTED_EDGE('7566',*,*,#1322,.F.);
#1360=ORIENTED_EDGE('7561',*,*,#1170,.F.);
#1361=ORIENTED_EDGE('7569',*,*,#1346,.T.);
#1362=EDGE_LOOP('7544',(#1358,#1359,#1360,#1361));
#1363=FACE_OUTER_BOUND('7544',#1362,.F.);
#1364=ADVANCED_FACE('7544',(#1363),#1357,.F.);
#1365=CARTESIAN_POINT('',(-3.61E0,-2.6E0,2.13E0));
#1366=DIRECTION('',(1.E0,0.E0,0.E0));
#1367=DIRECTION('',(0.E0,1.E0,0.E0));
#1368=AXIS2_PLACEMENT_3D('',#1365,#1366,#1367);
#1369=PLANE('11166',#1368);
#1370=ORIENTED_EDGE('11178',*,*,#934,.T.);
#1372=ORIENTED_EDGE('11190',*,*,#1371,.T.);
#1373=ORIENTED_EDGE('11182',*,*,#1104,.F.);
#1375=ORIENTED_EDGE('11191',*,*,#1374,.F.);
#1376=EDGE_LOOP('11166',(#1370,#1372,#1373,#1375));
#1377=FACE_OUTER_BOUND('11166',#1376,.F.);
#1378=ADVANCED_FACE('11166',(#1377),#1369,.F.);
#1379=CARTESIAN_POINT('',(-3.745E0,1.755E0,2.13E0));
#1380=DIRECTION('',(9.135454576426E-1,-4.067366430758E-1,0.E0));
#1381=DIRECTION('',(4.067366430758E-1,9.135454576426E-1,0.E0));
#1382=AXIS2_PLACEMENT_3D('',#1379,#1380,#1381);
#1383=PLANE('1993',#1382);
#1384=ORIENTED_EDGE('11190',*,*,#1371,.F.);
#1385=ORIENTED_EDGE('11202',*,*,#964,.T.);
#1387=ORIENTED_EDGE('2100',*,*,#1386,.T.);
#1388=ORIENTED_EDGE('11204',*,*,#1106,.F.);
#1389=EDGE_LOOP('1993',(#1384,#1385,#1387,#1388));
#1390=FACE_OUTER_BOUND('1993',#1389,.F.);
#1391=ADVANCED_FACE('1993',(#1390),#1383,.F.);
#1392=CARTESIAN_POINT('',(1.27E0,2.415E0,0.E0));
#1393=DIRECTION('',(0.E0,1.E0,0.E0));
#1394=DIRECTION('',(-1.E0,0.E0,0.E0));
#1395=AXIS2_PLACEMENT_3D('',#1392,#1393,#1394);
#1396=PLANE('43',#1395);
#1397=ORIENTED_EDGE('1712',*,*,#962,.F.);
#1399=ORIENTED_EDGE('2102',*,*,#1398,.T.);
#1400=ORIENTED_EDGE('1714',*,*,#1108,.T.);
#1401=ORIENTED_EDGE('2100',*,*,#1386,.F.);
#1402=EDGE_LOOP('43',(#1397,#1399,#1400,#1401));
#1403=FACE_OUTER_BOUND('43',#1402,.F.);
#1404=ADVANCED_FACE('43',(#1403),#1396,.T.);
#1405=CARTESIAN_POINT('',(1.27E0,2.415E0,0.E0));
#1406=DIRECTION('',(0.E0,1.E0,0.E0));
#1407=DIRECTION('',(-1.E0,0.E0,0.E0));
#1408=AXIS2_PLACEMENT_3D('',#1405,#1406,#1407);
#1409=PLANE('43',#1408);
#1411=ORIENTED_EDGE('7843',*,*,#1410,.T.);
#1412=ORIENTED_EDGE('7846',*,*,#1116,.T.);
#1414=ORIENTED_EDGE('2101',*,*,#1413,.F.);
#1415=ORIENTED_EDGE('7844',*,*,#954,.F.);
#1416=EDGE_LOOP('43',(#1411,#1412,#1414,#1415));
#1417=FACE_OUTER_BOUND('43',#1416,.F.);
#1418=ADVANCED_FACE('43',(#1417),#1409,.T.);
#1419=CARTESIAN_POINT('',(-1.628850932304E0,2.415E0,2.13E0));
#1420=DIRECTION('',(-9.135454576426E-1,-4.067366430758E-1,0.E0));
#1421=DIRECTION('',(4.067366430758E-1,-9.135454576426E-1,0.E0));
#1422=AXIS2_PLACEMENT_3D('',#1419,#1420,#1421);
#1423=PLANE('2007',#1422);
#1424=ORIENTED_EDGE('2051',*,*,#960,.T.);
#1426=ORIENTED_EDGE('2120',*,*,#1425,.F.);
#1427=ORIENTED_EDGE('2077',*,*,#1110,.F.);
#1428=ORIENTED_EDGE('2102',*,*,#1398,.F.);
#1429=EDGE_LOOP('2007',(#1424,#1426,#1427,#1428));
#1430=FACE_OUTER_BOUND('2007',#1429,.F.);
#1431=ADVANCED_FACE('2007',(#1430),#1423,.F.);
#1432=CARTESIAN_POINT('',(-1.335E0,1.755E0,2.13E0));
#1433=DIRECTION('',(0.E0,-1.E0,0.E0));
#1434=DIRECTION('',(1.E0,0.E0,0.E0));
#1435=AXIS2_PLACEMENT_3D('',#1432,#1433,#1434);
#1436=PLANE('2001',#1435);
#1437=ORIENTED_EDGE('2049',*,*,#958,.T.);
#1439=ORIENTED_EDGE('2121',*,*,#1438,.F.);
#1440=ORIENTED_EDGE('2075',*,*,#1112,.F.);
#1441=ORIENTED_EDGE('2120',*,*,#1425,.T.);
#1442=EDGE_LOOP('2001',(#1437,#1439,#1440,#1441));
#1443=FACE_OUTER_BOUND('2001',#1442,.F.);
#1444=ADVANCED_FACE('2001',(#1443),#1436,.F.);
#1445=CARTESIAN_POINT('',(-1.205E0,1.755E0,2.13E0));
#1446=DIRECTION('',(9.135454576426E-1,-4.067366430758E-1,0.E0));
#1447=DIRECTION('',(4.067366430758E-1,9.135454576426E-1,0.E0));
#1448=AXIS2_PLACEMENT_3D('',#1445,#1446,#1447);
#1449=PLANE('2003',#1448);
#1450=ORIENTED_EDGE('2050',*,*,#956,.T.);
#1451=ORIENTED_EDGE('2101',*,*,#1413,.T.);
#1452=ORIENTED_EDGE('2076',*,*,#1114,.F.);
#1453=ORIENTED_EDGE('2121',*,*,#1438,.T.);
#1454=EDGE_LOOP('2003',(#1450,#1451,#1452,#1453));
#1455=FACE_OUTER_BOUND('2003',#1454,.F.);
#1456=ADVANCED_FACE('2003',(#1455),#1449,.F.);
#1457=CARTESIAN_POINT('',(9.111490676964E-1,2.415E0,2.13E0));
#1458=DIRECTION('',(-9.135454576426E-1,-4.067366430758E-1,0.E0));
#1459=DIRECTION('',(4.067366430758E-1,-9.135454576426E-1,0.E0));
#1460=AXIS2_PLACEMENT_3D('',#1457,#1458,#1459);
#1461=PLANE('7810',#1460);
#1463=ORIENTED_EDGE('20945',*,*,#1462,.T.);
#1464=ORIENTED_EDGE('20949',*,*,#1118,.F.);
#1465=ORIENTED_EDGE('7843',*,*,#1410,.F.);
#1466=ORIENTED_EDGE('20947',*,*,#952,.T.);
#1467=EDGE_LOOP('7810',(#1463,#1464,#1465,#1466));
#1468=FACE_OUTER_BOUND('7810',#1467,.F.);
#1469=ADVANCED_FACE('7810',(#1468),#1461,.F.);
#1470=CARTESIAN_POINT('',(1.07E0,2.6E0,2.13E0));
#1471=DIRECTION('',(-1.E0,0.E0,0.E0));
#1472=DIRECTION('',(0.E0,-1.E0,0.E0));
#1473=AXIS2_PLACEMENT_3D('',#1470,#1471,#1472);
#1474=PLANE('11172',#1473);
#1475=ORIENTED_EDGE('11180',*,*,#950,.F.);
#1477=ORIENTED_EDGE('20946',*,*,#1476,.T.);
#1478=ORIENTED_EDGE('11184',*,*,#1120,.T.);
#1479=ORIENTED_EDGE('20945',*,*,#1462,.F.);
#1480=EDGE_LOOP('11172',(#1475,#1477,#1478,#1479));
#1481=FACE_OUTER_BOUND('11172',#1480,.F.);
#1482=ADVANCED_FACE('11172',(#1481),#1474,.F.);
#1483=CARTESIAN_POINT('',(1.205E0,-1.755E0,2.13E0));
#1484=DIRECTION('',(-9.135454576426E-1,4.067366430758E-1,0.E0));
#1485=DIRECTION('',(-4.067366430758E-1,-9.135454576426E-1,0.E0));
#1486=AXIS2_PLACEMENT_3D('',#1483,#1484,#1485);
#1487=PLANE('7820',#1486);
#1488=ORIENTED_EDGE('20946',*,*,#1476,.F.);
#1489=ORIENTED_EDGE('20948',*,*,#948,.T.);
#1491=ORIENTED_EDGE('7840',*,*,#1490,.T.);
#1492=ORIENTED_EDGE('20950',*,*,#1122,.F.);
#1493=EDGE_LOOP('7820',(#1488,#1489,#1491,#1492));
#1494=FACE_OUTER_BOUND('7820',#1493,.F.);
#1495=ADVANCED_FACE('7820',(#1494),#1487,.F.);
#1496=CARTESIAN_POINT('',(-3.81E0,-2.415E0,0.E0));
#1497=DIRECTION('',(0.E0,-1.E0,0.E0));
#1498=DIRECTION('',(1.E0,0.E0,0.E0));
#1499=AXIS2_PLACEMENT_3D('',#1496,#1497,#1498);
#1500=PLANE('39',#1499);
#1502=ORIENTED_EDGE('2148',*,*,#1501,.T.);
#1503=ORIENTED_EDGE('2159',*,*,#1132,.T.);
#1505=ORIENTED_EDGE('2149',*,*,#1504,.F.);
#1506=ORIENTED_EDGE('2151',*,*,#938,.F.);
#1507=EDGE_LOOP('39',(#1502,#1503,#1505,#1506));
#1508=FACE_OUTER_BOUND('39',#1507,.F.);
#1509=ADVANCED_FACE('39',(#1508),#1500,.T.);
#1510=CARTESIAN_POINT('',(-3.81E0,-2.415E0,0.E0));
#1511=DIRECTION('',(0.E0,-1.E0,0.E0));
#1512=DIRECTION('',(1.E0,0.E0,0.E0));
#1513=AXIS2_PLACEMENT_3D('',#1510,#1511,#1512);
#1514=PLANE('39',#1513);
#1515=ORIENTED_EDGE('7840',*,*,#1490,.F.);
#1516=ORIENTED_EDGE('7848',*,*,#946,.F.);
#1518=ORIENTED_EDGE('2150',*,*,#1517,.T.);
#1519=ORIENTED_EDGE('7850',*,*,#1124,.T.);
#1520=EDGE_LOOP('39',(#1515,#1516,#1518,#1519));
#1521=FACE_OUTER_BOUND('39',#1520,.F.);
#1522=ADVANCED_FACE('39',(#1521),#1514,.T.);
#1523=CARTESIAN_POINT('',(-3.451149067696E0,-2.415E0,2.13E0));
#1524=DIRECTION('',(9.135454576426E-1,4.067366430758E-1,0.E0));
#1525=DIRECTION('',(-4.067366430758E-1,9.135454576426E-1,0.E0));
#1526=AXIS2_PLACEMENT_3D('',#1523,#1524,#1525);
#1527=PLANE('2031',#1526);
#1528=ORIENTED_EDGE('11191',*,*,#1374,.T.);
#1529=ORIENTED_EDGE('11205',*,*,#1134,.F.);
#1530=ORIENTED_EDGE('2148',*,*,#1501,.F.);
#1531=ORIENTED_EDGE('11203',*,*,#936,.T.);
#1532=EDGE_LOOP('2031',(#1528,#1529,#1530,#1531));
#1533=FACE_OUTER_BOUND('2031',#1532,.F.);
#1534=ADVANCED_FACE('2031',(#1533),#1527,.F.);
#1535=CARTESIAN_POINT('',(-1.335E0,-1.755E0,2.13E0));
#1536=DIRECTION('',(-9.135454576426E-1,4.067366430758E-1,0.E0));
#1537=DIRECTION('',(-4.067366430758E-1,-9.135454576426E-1,0.E0));
#1538=AXIS2_PLACEMENT_3D('',#1535,#1536,#1537);
#1539=PLANE('2033',#1538);
#1540=ORIENTED_EDGE('2063',*,*,#940,.T.);
#1541=ORIENTED_EDGE('2149',*,*,#1504,.T.);
#1542=ORIENTED_EDGE('2089',*,*,#1130,.F.);
#1544=ORIENTED_EDGE('2132',*,*,#1543,.T.);
#1545=EDGE_LOOP('2033',(#1540,#1541,#1542,#1544));
#1546=FACE_OUTER_BOUND('2033',#1545,.F.);
#1547=ADVANCED_FACE('2033',(#1546),#1539,.F.);
#1548=CARTESIAN_POINT('',(-1.205E0,-1.755E0,2.13E0));
#1549=DIRECTION('',(0.E0,1.E0,0.E0));
#1550=DIRECTION('',(-1.E0,0.E0,0.E0));
#1551=AXIS2_PLACEMENT_3D('',#1548,#1549,#1550);
#1552=PLANE('2039',#1551);
#1553=ORIENTED_EDGE('2066',*,*,#942,.T.);
#1554=ORIENTED_EDGE('2132',*,*,#1543,.F.);
#1555=ORIENTED_EDGE('2092',*,*,#1128,.F.);
#1557=ORIENTED_EDGE('2135',*,*,#1556,.T.);
#1558=EDGE_LOOP('2039',(#1553,#1554,#1555,#1557));
#1559=FACE_OUTER_BOUND('2039',#1558,.F.);
#1560=ADVANCED_FACE('2039',(#1559),#1552,.F.);
#1561=CARTESIAN_POINT('',(-9.111490676964E-1,-2.415E0,2.13E0));
#1562=DIRECTION('',(9.135454576426E-1,4.067366430758E-1,0.E0));
#1563=DIRECTION('',(-4.067366430758E-1,9.135454576426E-1,0.E0));
#1564=AXIS2_PLACEMENT_3D('',#1561,#1562,#1563);
#1565=PLANE('2037',#1564);
#1566=ORIENTED_EDGE('2065',*,*,#944,.T.);
#1567=ORIENTED_EDGE('2135',*,*,#1556,.F.);
#1568=ORIENTED_EDGE('2091',*,*,#1126,.F.);
#1569=ORIENTED_EDGE('2150',*,*,#1517,.F.);
#1570=EDGE_LOOP('2037',(#1566,#1567,#1568,#1569));
#1571=FACE_OUTER_BOUND('2037',#1570,.F.);
#1572=ADVANCED_FACE('2037',(#1571),#1565,.F.);
#1573=CARTESIAN_POINT('',(-1.715965895715E0,1.37E0,1.67E0));
#1574=DIRECTION('',(0.E0,8.746197071394E-1,-4.848096202463E-1));
#1575=DIRECTION('',(-1.E0,0.E0,0.E0));
#1576=AXIS2_PLACEMENT_3D('',#1573,#1574,#1575);
#1577=PLANE('12088',#1576);
#1578=ORIENTED_EDGE('12095',*,*,#1174,.T.);
#1580=ORIENTED_EDGE('12099',*,*,#1579,.T.);
#1582=ORIENTED_EDGE('12091',*,*,#1581,.T.);
#1584=ORIENTED_EDGE('12100',*,*,#1583,.T.);
#1585=EDGE_LOOP('12088',(#1578,#1580,#1582,#1584));
#1586=FACE_OUTER_BOUND('12088',#1585,.F.);
#1587=ADVANCED_FACE('12088',(#1586),#1577,.F.);
#1588=CARTESIAN_POINT('',(-9.119476800286E-1,1.37E0,2.13E0));
#1589=DIRECTION('',(8.433914458129E-1,0.E0,-5.372996083468E-1));
#1590=DIRECTION('',(-5.372996083468E-1,0.E0,-8.433914458129E-1));
#1591=AXIS2_PLACEMENT_3D('',#1588,#1589,#1590);
#1592=PLANE('12053',#1591);
#1593=ORIENTED_EDGE('12097',*,*,#1180,.F.);
#1595=ORIENTED_EDGE('12101',*,*,#1594,.T.);
#1597=ORIENTED_EDGE('12093',*,*,#1596,.F.);
#1598=ORIENTED_EDGE('12099',*,*,#1579,.F.);
#1599=EDGE_LOOP('12053',(#1593,#1595,#1597,#1598));
#1600=FACE_OUTER_BOUND('12053',#1599,.F.);
#1601=ADVANCED_FACE('12053',(#1600),#1592,.F.);
#1602=CARTESIAN_POINT('',(-1.715965895715E0,-1.37E0,1.67E0));
#1603=DIRECTION('',(0.E0,8.746197071394E-1,4.848096202463E-1));
#1604=DIRECTION('',(-1.E0,0.E0,0.E0));
#1605=AXIS2_PLACEMENT_3D('',#1602,#1603,#1604);
#1606=PLANE('12090',#1605);
#1607=ORIENTED_EDGE('12096',*,*,#1178,.F.);
#1609=ORIENTED_EDGE('12102',*,*,#1608,.F.);
#1611=ORIENTED_EDGE('12092',*,*,#1610,.F.);
#1612=ORIENTED_EDGE('12101',*,*,#1594,.F.);
#1613=EDGE_LOOP('12090',(#1607,#1609,#1611,#1612));
#1614=FACE_OUTER_BOUND('12090',#1613,.F.);
#1615=ADVANCED_FACE('12090',(#1614),#1606,.T.);
#1616=CARTESIAN_POINT('',(-1.335E0,1.37E0,1.67E0));
#1617=DIRECTION('',(-8.433914458129E-1,0.E0,-5.372996083468E-1));
#1618=DIRECTION('',(-5.372996083468E-1,0.E0,8.433914458129E-1));
#1619=AXIS2_PLACEMENT_3D('',#1616,#1617,#1618);
#1620=PLANE('12057',#1619);
#1621=ORIENTED_EDGE('12098',*,*,#1176,.T.);
#1622=ORIENTED_EDGE('12100',*,*,#1583,.F.);
#1624=ORIENTED_EDGE('12094',*,*,#1623,.T.);
#1625=ORIENTED_EDGE('12102',*,*,#1608,.T.);
#1626=EDGE_LOOP('12057',(#1621,#1622,#1624,#1625));
#1627=FACE_OUTER_BOUND('12057',#1626,.F.);
#1628=ADVANCED_FACE('12057',(#1627),#1620,.F.);
#1629=CARTESIAN_POINT('',(-1.205E0,1.37E0,1.67E0));
#1630=DIRECTION('',(0.E0,0.E0,-1.E0));
#1631=DIRECTION('',(-1.E0,0.E0,0.E0));
#1632=AXIS2_PLACEMENT_3D('',#1629,#1630,#1631);
#1633=PLANE('12055',#1632);
#1634=ORIENTED_EDGE('12091',*,*,#1581,.F.);
#1635=ORIENTED_EDGE('12093',*,*,#1596,.T.);
#1636=ORIENTED_EDGE('12092',*,*,#1610,.T.);
#1637=ORIENTED_EDGE('12094',*,*,#1623,.F.);
#1638=EDGE_LOOP('12055',(#1634,#1635,#1636,#1637));
#1639=FACE_OUTER_BOUND('12055',#1638,.F.);
#1640=ADVANCED_FACE('12055',(#1639),#1633,.F.);
#1641=CARTESIAN_POINT('',(-3.2E0,1.75E0,2.13E0));
#1642=DIRECTION('',(0.E0,0.E0,1.E0));
#1643=DIRECTION('',(1.E0,0.E0,0.E0));
#1644=AXIS2_PLACEMENT_3D('',#1641,#1642,#1643);
#1645=CYLINDRICAL_SURFACE('12721',#1644,2.05E-1);
#1646=ORIENTED_EDGE('12733',*,*,#1184,.F.);
#1648=ORIENTED_EDGE('12737',*,*,#1647,.T.);
#1650=ORIENTED_EDGE('12717',*,*,#1649,.T.);
#1652=ORIENTED_EDGE('12738',*,*,#1651,.F.);
#1653=EDGE_LOOP('12721',(#1646,#1648,#1650,#1652));
#1654=FACE_OUTER_BOUND('12721',#1653,.F.);
#1655=ADVANCED_FACE('12721',(#1654),#1645,.T.);
#1656=CARTESIAN_POINT('',(-3.2E0,1.75E0,2.13E0));
#1657=DIRECTION('',(0.E0,0.E0,1.E0));
#1658=DIRECTION('',(1.E0,0.E0,0.E0));
#1659=AXIS2_PLACEMENT_3D('',#1656,#1657,#1658);
#1660=CYLINDRICAL_SURFACE('12723',#1659,2.05E-1);
#1661=ORIENTED_EDGE('12734',*,*,#1186,.F.);
#1662=ORIENTED_EDGE('12738',*,*,#1651,.T.);
#1664=ORIENTED_EDGE('12718',*,*,#1663,.T.);
#1665=ORIENTED_EDGE('12737',*,*,#1647,.F.);
#1666=EDGE_LOOP('12723',(#1661,#1662,#1664,#1665));
#1667=FACE_OUTER_BOUND('12723',#1666,.F.);
#1668=ADVANCED_FACE('12723',(#1667),#1660,.T.);
#1669=CARTESIAN_POINT('',(0.E0,0.E0,2.33E0));
#1670=DIRECTION('',(0.E0,0.E0,1.E0));
#1671=DIRECTION('',(1.E0,0.E0,0.E0));
#1672=AXIS2_PLACEMENT_3D('',#1669,#1670,#1671);
#1673=PLANE('12716',#1672);
#1674=ORIENTED_EDGE('12717',*,*,#1649,.F.);
#1675=ORIENTED_EDGE('12718',*,*,#1663,.F.);
#1676=EDGE_LOOP('12716',(#1674,#1675));
#1677=FACE_OUTER_BOUND('12716',#1676,.F.);
#1678=ADVANCED_FACE('12716',(#1677),#1673,.T.);
#1679=CARTESIAN_POINT('',(0.E0,0.E0,2.33E0));
#1680=DIRECTION('',(0.E0,0.E0,1.E0));
#1681=DIRECTION('',(1.E0,0.E0,0.E0));
#1682=AXIS2_PLACEMENT_3D('',#1679,#1680,#1681);
#1683=PLANE('12716',#1682);
#1685=ORIENTED_EDGE('12719',*,*,#1684,.F.);
#1687=ORIENTED_EDGE('12720',*,*,#1686,.F.);
#1688=EDGE_LOOP('12716',(#1685,#1687));
#1689=FACE_OUTER_BOUND('12716',#1688,.F.);
#1690=ADVANCED_FACE('12716',(#1689),#1683,.T.);
#1691=CARTESIAN_POINT('',(-1.88E0,-1.75E0,2.13E0));
#1692=DIRECTION('',(0.E0,0.E0,1.E0));
#1693=DIRECTION('',(1.E0,0.E0,0.E0));
#1694=AXIS2_PLACEMENT_3D('',#1691,#1692,#1693);
#1695=CYLINDRICAL_SURFACE('12725',#1694,2.05E-1);
#1696=ORIENTED_EDGE('12735',*,*,#1190,.F.);
#1698=ORIENTED_EDGE('12739',*,*,#1697,.T.);
#1699=ORIENTED_EDGE('12719',*,*,#1684,.T.);
#1701=ORIENTED_EDGE('12740',*,*,#1700,.F.);
#1702=EDGE_LOOP('12725',(#1696,#1698,#1699,#1701));
#1703=FACE_OUTER_BOUND('12725',#1702,.F.);
#1704=ADVANCED_FACE('12725',(#1703),#1695,.T.);
#1705=CARTESIAN_POINT('',(-1.88E0,-1.75E0,2.13E0));
#1706=DIRECTION('',(0.E0,0.E0,1.E0));
#1707=DIRECTION('',(1.E0,0.E0,0.E0));
#1708=AXIS2_PLACEMENT_3D('',#1705,#1706,#1707);
#1709=CYLINDRICAL_SURFACE('12727',#1708,2.05E-1);
#1710=ORIENTED_EDGE('12736',*,*,#1192,.F.);
#1711=ORIENTED_EDGE('12740',*,*,#1700,.T.);
#1712=ORIENTED_EDGE('12720',*,*,#1686,.T.);
#1713=ORIENTED_EDGE('12739',*,*,#1697,.F.);
#1714=EDGE_LOOP('12727',(#1710,#1711,#1712,#1713));
#1715=FACE_OUTER_BOUND('12727',#1714,.F.);
#1716=ADVANCED_FACE('12727',(#1715),#1709,.T.);
#1717=CARTESIAN_POINT('',(-6.6E-1,1.75E0,2.13E0));
#1718=DIRECTION('',(0.E0,0.E0,1.E0));
#1719=DIRECTION('',(1.E0,0.E0,0.E0));
#1720=AXIS2_PLACEMENT_3D('',#1717,#1718,#1719);
#1721=CYLINDRICAL_SURFACE('12756',#1720,2.05E-1);
#1722=ORIENTED_EDGE('12768',*,*,#1196,.F.);
#1724=ORIENTED_EDGE('12772',*,*,#1723,.T.);
#1726=ORIENTED_EDGE('12752',*,*,#1725,.T.);
#1728=ORIENTED_EDGE('12773',*,*,#1727,.F.);
#1729=EDGE_LOOP('12756',(#1722,#1724,#1726,#1728));
#1730=FACE_OUTER_BOUND('12756',#1729,.F.);
#1731=ADVANCED_FACE('12756',(#1730),#1721,.T.);
#1732=CARTESIAN_POINT('',(-6.6E-1,1.75E0,2.13E0));
#1733=DIRECTION('',(0.E0,0.E0,1.E0));
#1734=DIRECTION('',(1.E0,0.E0,0.E0));
#1735=AXIS2_PLACEMENT_3D('',#1732,#1733,#1734);
#1736=CYLINDRICAL_SURFACE('12758',#1735,2.05E-1);
#1737=ORIENTED_EDGE('12769',*,*,#1198,.F.);
#1738=ORIENTED_EDGE('12773',*,*,#1727,.T.);
#1740=ORIENTED_EDGE('12753',*,*,#1739,.T.);
#1741=ORIENTED_EDGE('12772',*,*,#1723,.F.);
#1742=EDGE_LOOP('12758',(#1737,#1738,#1740,#1741));
#1743=FACE_OUTER_BOUND('12758',#1742,.F.);
#1744=ADVANCED_FACE('12758',(#1743),#1736,.T.);
#1745=CARTESIAN_POINT('',(0.E0,0.E0,2.33E0));
#1746=DIRECTION('',(0.E0,0.E0,1.E0));
#1747=DIRECTION('',(1.E0,0.E0,0.E0));
#1748=AXIS2_PLACEMENT_3D('',#1745,#1746,#1747);
#1749=PLANE('12751',#1748);
#1750=ORIENTED_EDGE('12752',*,*,#1725,.F.);
#1751=ORIENTED_EDGE('12753',*,*,#1739,.F.);
#1752=EDGE_LOOP('12751',(#1750,#1751));
#1753=FACE_OUTER_BOUND('12751',#1752,.F.);
#1754=ADVANCED_FACE('12751',(#1753),#1749,.T.);
#1755=CARTESIAN_POINT('',(0.E0,0.E0,2.33E0));
#1756=DIRECTION('',(0.E0,0.E0,1.E0));
#1757=DIRECTION('',(1.E0,0.E0,0.E0));
#1758=AXIS2_PLACEMENT_3D('',#1755,#1756,#1757);
#1759=PLANE('12751',#1758);
#1761=ORIENTED_EDGE('12754',*,*,#1760,.F.);
#1763=ORIENTED_EDGE('12755',*,*,#1762,.F.);
#1764=EDGE_LOOP('12751',(#1761,#1763));
#1765=FACE_OUTER_BOUND('12751',#1764,.F.);
#1766=ADVANCED_FACE('12751',(#1765),#1759,.T.);
#1767=CARTESIAN_POINT('',(6.6E-1,-1.75E0,2.13E0));
#1768=DIRECTION('',(0.E0,0.E0,1.E0));
#1769=DIRECTION('',(1.E0,0.E0,0.E0));
#1770=AXIS2_PLACEMENT_3D('',#1767,#1768,#1769);
#1771=CYLINDRICAL_SURFACE('12760',#1770,2.05E-1);
#1772=ORIENTED_EDGE('12770',*,*,#1202,.F.);
#1774=ORIENTED_EDGE('12774',*,*,#1773,.T.);
#1775=ORIENTED_EDGE('12754',*,*,#1760,.T.);
#1777=ORIENTED_EDGE('12775',*,*,#1776,.F.);
#1778=EDGE_LOOP('12760',(#1772,#1774,#1775,#1777));
#1779=FACE_OUTER_BOUND('12760',#1778,.F.);
#1780=ADVANCED_FACE('12760',(#1779),#1771,.T.);
#1781=CARTESIAN_POINT('',(6.6E-1,-1.75E0,2.13E0));
#1782=DIRECTION('',(0.E0,0.E0,1.E0));
#1783=DIRECTION('',(1.E0,0.E0,0.E0));
#1784=AXIS2_PLACEMENT_3D('',#1781,#1782,#1783);
#1785=CYLINDRICAL_SURFACE('12762',#1784,2.05E-1);
#1786=ORIENTED_EDGE('12771',*,*,#1204,.F.);
#1787=ORIENTED_EDGE('12775',*,*,#1776,.T.);
#1788=ORIENTED_EDGE('12755',*,*,#1762,.T.);
#1789=ORIENTED_EDGE('12774',*,*,#1773,.F.);
#1790=EDGE_LOOP('12762',(#1786,#1787,#1788,#1789));
#1791=FACE_OUTER_BOUND('12762',#1790,.F.);
#1792=ADVANCED_FACE('12762',(#1791),#1785,.T.);
#1793=CARTESIAN_POINT('',(-1.715965895715E0,1.37E0,4.6E-1));
#1794=DIRECTION('',(0.E0,8.746197071394E-1,4.848096202463E-1));
#1795=DIRECTION('',(1.E0,0.E0,0.E0));
#1796=AXIS2_PLACEMENT_3D('',#1793,#1794,#1795);
#1797=PLANE('12071',#1796);
#1798=ORIENTED_EDGE('12078',*,*,#1008,.F.);
#1800=ORIENTED_EDGE('12083',*,*,#1799,.T.);
#1802=ORIENTED_EDGE('12074',*,*,#1801,.T.);
#1804=ORIENTED_EDGE('12082',*,*,#1803,.T.);
#1805=EDGE_LOOP('12071',(#1798,#1800,#1802,#1804));
#1806=FACE_OUTER_BOUND('12071',#1805,.F.);
#1807=ADVANCED_FACE('12071',(#1806),#1797,.F.);
#1808=CARTESIAN_POINT('',(-1.628052319971E0,1.37E0,0.E0));
#1809=DIRECTION('',(-8.433914458129E-1,0.E0,5.372996083468E-1));
#1810=DIRECTION('',(5.372996083468E-1,0.E0,8.433914458129E-1));
#1811=AXIS2_PLACEMENT_3D('',#1808,#1809,#1810);
#1812=PLANE('11231',#1811);
#1813=ORIENTED_EDGE('12081',*,*,#1014,.F.);
#1815=ORIENTED_EDGE('12085',*,*,#1814,.T.);
#1817=ORIENTED_EDGE('12077',*,*,#1816,.F.);
#1818=ORIENTED_EDGE('12083',*,*,#1799,.F.);
#1819=EDGE_LOOP('11231',(#1813,#1815,#1817,#1818));
#1820=FACE_OUTER_BOUND('11231',#1819,.F.);
#1821=ADVANCED_FACE('11231',(#1820),#1812,.F.);
#1822=CARTESIAN_POINT('',(-1.715965895715E0,-1.37E0,4.6E-1));
#1823=DIRECTION('',(0.E0,8.746197071394E-1,-4.848096202463E-1));
#1824=DIRECTION('',(1.E0,0.E0,0.E0));
#1825=AXIS2_PLACEMENT_3D('',#1822,#1823,#1824);
#1826=PLANE('12073',#1825);
#1827=ORIENTED_EDGE('12079',*,*,#1012,.T.);
#1829=ORIENTED_EDGE('12084',*,*,#1828,.F.);
#1831=ORIENTED_EDGE('12075',*,*,#1830,.F.);
#1832=ORIENTED_EDGE('12085',*,*,#1814,.F.);
#1833=EDGE_LOOP('12073',(#1827,#1829,#1831,#1832));
#1834=FACE_OUTER_BOUND('12073',#1833,.F.);
#1835=ADVANCED_FACE('12073',(#1834),#1826,.T.);
#1836=CARTESIAN_POINT('',(-1.205E0,1.37E0,4.6E-1));
#1837=DIRECTION('',(8.433914458129E-1,0.E0,5.372996083468E-1));
#1838=DIRECTION('',(5.372996083468E-1,0.E0,-8.433914458129E-1));
#1839=AXIS2_PLACEMENT_3D('',#1836,#1837,#1838);
#1840=PLANE('11227',#1839);
#1841=ORIENTED_EDGE('12080',*,*,#1010,.T.);
#1842=ORIENTED_EDGE('12082',*,*,#1803,.F.);
#1844=ORIENTED_EDGE('12076',*,*,#1843,.T.);
#1845=ORIENTED_EDGE('12084',*,*,#1828,.T.);
#1846=EDGE_LOOP('11227',(#1841,#1842,#1844,#1845));
#1847=FACE_OUTER_BOUND('11227',#1846,.F.);
#1848=ADVANCED_FACE('11227',(#1847),#1840,.F.);
#1849=CARTESIAN_POINT('',(-1.335E0,1.37E0,4.6E-1));
#1850=DIRECTION('',(0.E0,0.E0,1.E0));
#1851=DIRECTION('',(1.E0,0.E0,0.E0));
#1852=AXIS2_PLACEMENT_3D('',#1849,#1850,#1851);
#1853=PLANE('11233',#1852);
#1854=ORIENTED_EDGE('12074',*,*,#1801,.F.);
#1855=ORIENTED_EDGE('12077',*,*,#1816,.T.);
#1856=ORIENTED_EDGE('12075',*,*,#1830,.T.);
#1857=ORIENTED_EDGE('12076',*,*,#1843,.F.);
#1858=EDGE_LOOP('11233',(#1854,#1855,#1856,#1857));
#1859=FACE_OUTER_BOUND('11233',#1858,.F.);
#1860=ADVANCED_FACE('11233',(#1859),#1853,.F.);
#1861=CARTESIAN_POINT('',(-3.2E0,-1.75E0,0.E0));
#1862=DIRECTION('',(0.E0,0.E0,-1.E0));
#1863=DIRECTION('',(1.E0,0.E0,0.E0));
#1864=AXIS2_PLACEMENT_3D('',#1861,#1862,#1863);
#1865=CYLINDRICAL_SURFACE('12909',#1864,2.05E-1);
#1866=ORIENTED_EDGE('12921',*,*,#1018,.F.);
#1868=ORIENTED_EDGE('12925',*,*,#1867,.T.);
#1870=ORIENTED_EDGE('12905',*,*,#1869,.T.);
#1872=ORIENTED_EDGE('12926',*,*,#1871,.F.);
#1873=EDGE_LOOP('12909',(#1866,#1868,#1870,#1872));
#1874=FACE_OUTER_BOUND('12909',#1873,.F.);
#1875=ADVANCED_FACE('12909',(#1874),#1865,.T.);
#1876=CARTESIAN_POINT('',(-3.2E0,-1.75E0,0.E0));
#1877=DIRECTION('',(0.E0,0.E0,-1.E0));
#1878=DIRECTION('',(1.E0,0.E0,0.E0));
#1879=AXIS2_PLACEMENT_3D('',#1876,#1877,#1878);
#1880=CYLINDRICAL_SURFACE('12911',#1879,2.05E-1);
#1881=ORIENTED_EDGE('12922',*,*,#1020,.F.);
#1882=ORIENTED_EDGE('12926',*,*,#1871,.T.);
#1884=ORIENTED_EDGE('12906',*,*,#1883,.T.);
#1885=ORIENTED_EDGE('12925',*,*,#1867,.F.);
#1886=EDGE_LOOP('12911',(#1881,#1882,#1884,#1885));
#1887=FACE_OUTER_BOUND('12911',#1886,.F.);
#1888=ADVANCED_FACE('12911',(#1887),#1880,.T.);
#1889=CARTESIAN_POINT('',(0.E0,0.E0,-2.E-1));
#1890=DIRECTION('',(0.E0,0.E0,-1.E0));
#1891=DIRECTION('',(1.E0,0.E0,0.E0));
#1892=AXIS2_PLACEMENT_3D('',#1889,#1890,#1891);
#1893=PLANE('12904',#1892);
#1894=ORIENTED_EDGE('12905',*,*,#1869,.F.);
#1895=ORIENTED_EDGE('12906',*,*,#1883,.F.);
#1896=EDGE_LOOP('12904',(#1894,#1895));
#1897=FACE_OUTER_BOUND('12904',#1896,.F.);
#1898=ADVANCED_FACE('12904',(#1897),#1893,.T.);
#1899=CARTESIAN_POINT('',(0.E0,0.E0,-2.E-1));
#1900=DIRECTION('',(0.E0,0.E0,-1.E0));
#1901=DIRECTION('',(1.E0,0.E0,0.E0));
#1902=AXIS2_PLACEMENT_3D('',#1899,#1900,#1901);
#1903=PLANE('12904',#1902);
#1905=ORIENTED_EDGE('12907',*,*,#1904,.F.);
#1907=ORIENTED_EDGE('12908',*,*,#1906,.F.);
#1908=EDGE_LOOP('12904',(#1905,#1907));
#1909=FACE_OUTER_BOUND('12904',#1908,.F.);
#1910=ADVANCED_FACE('12904',(#1909),#1903,.T.);
#1911=CARTESIAN_POINT('',(-1.88E0,1.75E0,0.E0));
#1912=DIRECTION('',(0.E0,0.E0,-1.E0));
#1913=DIRECTION('',(1.E0,0.E0,0.E0));
#1914=AXIS2_PLACEMENT_3D('',#1911,#1912,#1913);
#1915=CYLINDRICAL_SURFACE('12913',#1914,2.05E-1);
#1916=ORIENTED_EDGE('12923',*,*,#1024,.F.);
#1918=ORIENTED_EDGE('12927',*,*,#1917,.T.);
#1919=ORIENTED_EDGE('12907',*,*,#1904,.T.);
#1921=ORIENTED_EDGE('12928',*,*,#1920,.F.);
#1922=EDGE_LOOP('12913',(#1916,#1918,#1919,#1921));
#1923=FACE_OUTER_BOUND('12913',#1922,.F.);
#1924=ADVANCED_FACE('12913',(#1923),#1915,.T.);
#1925=CARTESIAN_POINT('',(-1.88E0,1.75E0,0.E0));
#1926=DIRECTION('',(0.E0,0.E0,-1.E0));
#1927=DIRECTION('',(1.E0,0.E0,0.E0));
#1928=AXIS2_PLACEMENT_3D('',#1925,#1926,#1927);
#1929=CYLINDRICAL_SURFACE('12915',#1928,2.05E-1);
#1930=ORIENTED_EDGE('12924',*,*,#1026,.F.);
#1931=ORIENTED_EDGE('12928',*,*,#1920,.T.);
#1932=ORIENTED_EDGE('12908',*,*,#1906,.T.);
#1933=ORIENTED_EDGE('12927',*,*,#1917,.F.);
#1934=EDGE_LOOP('12915',(#1930,#1931,#1932,#1933));
#1935=FACE_OUTER_BOUND('12915',#1934,.F.);
#1936=ADVANCED_FACE('12915',(#1935),#1929,.T.);
#1937=CARTESIAN_POINT('',(-6.6E-1,-1.75E0,0.E0));
#1938=DIRECTION('',(0.E0,0.E0,-1.E0));
#1939=DIRECTION('',(1.E0,0.E0,0.E0));
#1940=AXIS2_PLACEMENT_3D('',#1937,#1938,#1939);
#1941=CYLINDRICAL_SURFACE('14042',#1940,2.05E-1);
#1942=ORIENTED_EDGE('14054',*,*,#1030,.F.);
#1944=ORIENTED_EDGE('14058',*,*,#1943,.T.);
#1946=ORIENTED_EDGE('14038',*,*,#1945,.T.);
#1948=ORIENTED_EDGE('14059',*,*,#1947,.F.);
#1949=EDGE_LOOP('14042',(#1942,#1944,#1946,#1948));
#1950=FACE_OUTER_BOUND('14042',#1949,.F.);
#1951=ADVANCED_FACE('14042',(#1950),#1941,.T.);
#1952=CARTESIAN_POINT('',(-6.6E-1,-1.75E0,0.E0));
#1953=DIRECTION('',(0.E0,0.E0,-1.E0));
#1954=DIRECTION('',(1.E0,0.E0,0.E0));
#1955=AXIS2_PLACEMENT_3D('',#1952,#1953,#1954);
#1956=CYLINDRICAL_SURFACE('14044',#1955,2.05E-1);
#1957=ORIENTED_EDGE('14055',*,*,#1032,.F.);
#1958=ORIENTED_EDGE('14059',*,*,#1947,.T.);
#1960=ORIENTED_EDGE('14039',*,*,#1959,.T.);
#1961=ORIENTED_EDGE('14058',*,*,#1943,.F.);
#1962=EDGE_LOOP('14044',(#1957,#1958,#1960,#1961));
#1963=FACE_OUTER_BOUND('14044',#1962,.F.);
#1964=ADVANCED_FACE('14044',(#1963),#1956,.T.);
#1965=CARTESIAN_POINT('',(0.E0,0.E0,-2.E-1));
#1966=DIRECTION('',(0.E0,0.E0,-1.E0));
#1967=DIRECTION('',(1.E0,0.E0,0.E0));
#1968=AXIS2_PLACEMENT_3D('',#1965,#1966,#1967);
#1969=PLANE('14037',#1968);
#1970=ORIENTED_EDGE('14038',*,*,#1945,.F.);
#1971=ORIENTED_EDGE('14039',*,*,#1959,.F.);
#1972=EDGE_LOOP('14037',(#1970,#1971));
#1973=FACE_OUTER_BOUND('14037',#1972,.F.);
#1974=ADVANCED_FACE('14037',(#1973),#1969,.T.);
#1975=CARTESIAN_POINT('',(0.E0,0.E0,-2.E-1));
#1976=DIRECTION('',(0.E0,0.E0,-1.E0));
#1977=DIRECTION('',(1.E0,0.E0,0.E0));
#1978=AXIS2_PLACEMENT_3D('',#1975,#1976,#1977);
#1979=PLANE('14037',#1978);
#1981=ORIENTED_EDGE('14040',*,*,#1980,.F.);
#1983=ORIENTED_EDGE('14041',*,*,#1982,.F.);
#1984=EDGE_LOOP('14037',(#1981,#1983));
#1985=FACE_OUTER_BOUND('14037',#1984,.F.);
#1986=ADVANCED_FACE('14037',(#1985),#1979,.T.);
#1987=CARTESIAN_POINT('',(6.6E-1,1.75E0,0.E0));
#1988=DIRECTION('',(0.E0,0.E0,-1.E0));
#1989=DIRECTION('',(1.E0,0.E0,0.E0));
#1990=AXIS2_PLACEMENT_3D('',#1987,#1988,#1989);
#1991=CYLINDRICAL_SURFACE('14046',#1990,2.05E-1);
#1992=ORIENTED_EDGE('14056',*,*,#1036,.F.);
#1994=ORIENTED_EDGE('14060',*,*,#1993,.T.);
#1995=ORIENTED_EDGE('14040',*,*,#1980,.T.);
#1997=ORIENTED_EDGE('14061',*,*,#1996,.F.);
#1998=EDGE_LOOP('14046',(#1992,#1994,#1995,#1997));
#1999=FACE_OUTER_BOUND('14046',#1998,.F.);
#2000=ADVANCED_FACE('14046',(#1999),#1991,.T.);
#2001=CARTESIAN_POINT('',(6.6E-1,1.75E0,0.E0));
#2002=DIRECTION('',(0.E0,0.E0,-1.E0));
#2003=DIRECTION('',(1.E0,0.E0,0.E0));
#2004=AXIS2_PLACEMENT_3D('',#2001,#2002,#2003);
#2005=CYLINDRICAL_SURFACE('14048',#2004,2.05E-1);
#2006=ORIENTED_EDGE('14057',*,*,#1038,.F.);
#2007=ORIENTED_EDGE('14061',*,*,#1996,.T.);
#2008=ORIENTED_EDGE('14041',*,*,#1982,.T.);
#2009=ORIENTED_EDGE('14060',*,*,#1993,.F.);
#2010=EDGE_LOOP('14048',(#2006,#2007,#2008,#2009));
#2011=FACE_OUTER_BOUND('14048',#2010,.F.);
#2012=ADVANCED_FACE('14048',(#2011),#2005,.T.);
#2013=CLOSED_SHELL('',(#1042,#1057,#1071,#1085,#1098,#1208,#1222,#1235,#1248,
#1260,#1274,#1287,#1300,#1312,#1326,#1339,#1352,#1364,#1378,#1391,#1404,#1418,
#1431,#1444,#1456,#1469,#1482,#1495,#1509,#1522,#1534,#1547,#1560,#1572,#1587,
#1601,#1615,#1628,#1640,#1655,#1668,#1678,#1690,#1704,#1716,#1731,#1744,#1754,
#1766,#1780,#1792,#1807,#1821,#1835,#1848,#1860,#1875,#1888,#1898,#1910,#1924,
#1936,#1951,#1964,#1974,#1986,#2000,#2012));
#2014=MANIFOLD_SOLID_BREP('',#2013);
#2015=(LENGTH_UNIT()NAMED_UNIT(*)SI_UNIT(.MILLI.,.METRE.));
#2016=DIMENSIONAL_EXPONENTS(0.E0,0.E0,0.E0,0.E0,0.E0,0.E0,0.E0);
#2017=(NAMED_UNIT(*)PLANE_ANGLE_UNIT()SI_UNIT($,.RADIAN.));
#2018=PLANE_ANGLE_MEASURE_WITH_UNIT(PLANE_ANGLE_MEASURE(1.745329251994E-2),
#2017);
#2019=(CONVERSION_BASED_UNIT('DEGREE',#2018)NAMED_UNIT(#2016)PLANE_ANGLE_UNIT(
));
#2020=(NAMED_UNIT(*)SI_UNIT($,.STERADIAN.)SOLID_ANGLE_UNIT());
#2021=UNCERTAINTY_MEASURE_WITH_UNIT(LENGTH_MEASURE(7.325838266702E-4),#2015,
'closure',
'Maximum model space distance between geometric entities at asserted connectivities');
#2022=(GEOMETRIC_REPRESENTATION_CONTEXT(3)GLOBAL_UNCERTAINTY_ASSIGNED_CONTEXT((
#2021))GLOBAL_UNIT_ASSIGNED_CONTEXT((#2015,#2019,#2020))REPRESENTATION_CONTEXT(
'ID1','3'));
#2023=CARTESIAN_POINT('',(0.E0,0.E0,0.E0));
#2024=DIRECTION('',(0.E0,0.E0,1.E0));
#2025=DIRECTION('',(1.E0,0.E0,0.E0));
#2028=APPLICATION_CONTEXT(
'CONFIGURATION CONTROLLED 3D DESIGNS OF MECHANICAL PARTS AND ASSEMBLIES');
#2029=APPLICATION_PROTOCOL_DEFINITION('international standard',
'config_control_design',1994,#2028);
#2030=DESIGN_CONTEXT('',#2028,'design');
#2031=MECHANICAL_CONTEXT('',#2028,'mechanical');
#2032=PRODUCT('98470-004','98470-004','NOT SPECIFIED',(#2031));
#2033=PRODUCT_DEFINITION_FORMATION_WITH_SPECIFIED_SOURCE('7','LAST_VERSION',
#2032,.MADE.);
#2042=CARTESIAN_POINT('',(-1.388875446786E0,1.792608966665E1,1.437312600745E1));
#2043=DIRECTION('',(0.E0,0.E0,1.E0));
#2044=DIRECTION('',(1.E0,0.E0,0.E0));
#2045=AXIS2_PLACEMENT_3D('',#2042,#2043,#2044);
#2046=ITEM_DEFINED_TRANSFORMATION('','',#2026,#2045);
#2047=(REPRESENTATION_RELATIONSHIP('','',#2027,#2039)REPRESENTATION_RELATIONSHIP_WITH_TRANSFORMATION(#2046)SHAPE_REPRESENTATION_RELATIONSHIP());
#2048=CONTEXT_DEPENDENT_SHAPE_REPRESENTATION(#2047,#2041);
#2049=DIRECTION('',(1.E0,0.E0,0.E0));
#2050=VECTOR('',#2049,6.17E-1);
#2051=CARTESIAN_POINT('',(-3.085E-1,5.895E0,0.E0));
#2052=LINE('122',#2051,#2050);
#2053=DIRECTION('',(0.E0,-1.E0,0.E0));
#2054=VECTOR('',#2053,9.74E0);
#2055=CARTESIAN_POINT('',(-3.085E-1,5.895E0,0.E0));
#2056=LINE('138',#2055,#2054);
#2057=DIRECTION('',(1.E0,0.E0,0.E0));
#2058=VECTOR('',#2057,6.17E-1);
#2059=CARTESIAN_POINT('',(-3.085E-1,-3.845E0,0.E0));
#2060=LINE('691',#2059,#2058);
#2061=DIRECTION('',(0.E0,1.E0,0.E0));
#2062=VECTOR('',#2061,9.74E0);
#2063=CARTESIAN_POINT('',(3.085E-1,-3.845E0,0.E0));
#2064=LINE('139',#2063,#2062);
#2065=DIRECTION('',(-3.637276874675E-1,8.683165957397E-1,3.372365029657E-1));
#2066=VECTOR('',#2065,5.001690474755E-1);
#2067=CARTESIAN_POINT('',(3.085E-1,5.895E0,0.E0));
#2068=LINE('132',#2067,#2066);
#2069=DIRECTION('',(-3.637276874675E-1,8.683165957397E-1,-3.372365029657E-1));
#2070=VECTOR('',#2069,5.001690474755E-1);
#2071=CARTESIAN_POINT('',(3.085E-1,5.895E0,6.17E-1));
#2072=LINE('133',#2071,#2070);
#2073=CARTESIAN_POINT('',(1.265746690189E-1,6.329305084598E0,
4.483247395376E-1));
#2074=CARTESIAN_POINT('',(1.202909817654E-1,6.344305949566E0,
4.424987087236E-1));
#2075=CARTESIAN_POINT('',(1.123908373481E-1,6.363165736001E0,
4.308466470954E-1));
#2076=CARTESIAN_POINT('',(1.012240733162E-1,6.389823829030E0,
4.075425238392E-1));
#2077=CARTESIAN_POINT('',(9.297838634816E-2,6.409508519210E0,
3.784123697688E-1));
#2078=CARTESIAN_POINT('',(8.760083765666E-2,6.422346185778E0,
3.434561848844E-1));
#2079=CARTESIAN_POINT('',(8.593335995072E-2,6.426326907111E0,3.085E-1));
#2080=CARTESIAN_POINT('',(8.760083765666E-2,6.422346185778E0,
2.735438151156E-1));
#2081=CARTESIAN_POINT('',(9.297838634816E-2,6.409508519210E0,
2.385876302312E-1));
#2082=CARTESIAN_POINT('',(1.012240733162E-1,6.389823829030E0,
2.094574761608E-1));
#2083=CARTESIAN_POINT('',(1.123908373481E-1,6.363165736001E0,
1.861533529046E-1));
#2084=CARTESIAN_POINT('',(1.202909817654E-1,6.344305949566E0,
1.745012912764E-1));
#2085=CARTESIAN_POINT('',(1.265746690189E-1,6.329305084598E0,
1.686752604624E-1));
#2087=DIRECTION('',(0.E0,0.E0,1.E0));
#2088=VECTOR('',#2087,6.17E-1);
#2089=CARTESIAN_POINT('',(3.085E-1,5.895E0,0.E0));
#2090=LINE('136',#2089,#2088);
#2091=DIRECTION('',(0.E0,0.E0,1.E0));
#2092=VECTOR('',#2091,6.17E-1);
#2093=CARTESIAN_POINT('',(3.085E-1,-3.845E0,0.E0));
#2094=LINE('702',#2093,#2092);
#2095=DIRECTION('',(-3.637276874675E-1,-8.683165957397E-1,-3.372365029657E-1));
#2096=VECTOR('',#2095,5.001690474755E-1);
#2097=CARTESIAN_POINT('',(3.085E-1,-3.845E0,6.17E-1));
#2098=LINE('693',#2097,#2096);
#2099=DIRECTION('',(-3.637276874675E-1,-8.683165957397E-1,3.372365029657E-1));
#2100=VECTOR('',#2099,5.001690474755E-1);
#2101=CARTESIAN_POINT('',(3.085E-1,-3.845E0,0.E0));
#2102=LINE('696',#2101,#2100);
#2103=CARTESIAN_POINT('',(1.265746690189E-1,-4.279305084598E0,
1.686752604624E-1));
#2104=CARTESIAN_POINT('',(1.202909817654E-1,-4.294305949566E0,
1.745012912764E-1));
#2105=CARTESIAN_POINT('',(1.123908373481E-1,-4.313165736001E0,
1.861533529046E-1));
#2106=CARTESIAN_POINT('',(1.012240733162E-1,-4.339823829030E0,
2.094574761608E-1));
#2107=CARTESIAN_POINT('',(9.297838634816E-2,-4.359508519210E0,
2.385876302312E-1));
#2108=CARTESIAN_POINT('',(8.760083765666E-2,-4.372346185778E0,
2.735438151156E-1));
#2109=CARTESIAN_POINT('',(8.593335995072E-2,-4.376326907111E0,3.085E-1));
#2110=CARTESIAN_POINT('',(8.760083765666E-2,-4.372346185778E0,
3.434561848844E-1));
#2111=CARTESIAN_POINT('',(9.297838634816E-2,-4.359508519210E0,
3.784123697688E-1));
#2112=CARTESIAN_POINT('',(1.012240733162E-1,-4.339823829030E0,
4.075425238392E-1));
#2113=CARTESIAN_POINT('',(1.123908373481E-1,-4.313165736001E0,
4.308466470954E-1));
#2114=CARTESIAN_POINT('',(1.202909817654E-1,-4.294305949566E0,
4.424987087236E-1));
#2115=CARTESIAN_POINT('',(1.265746690189E-1,-4.279305084598E0,
4.483247395376E-1));
#2117=DIRECTION('',(1.E0,0.E0,0.E0));
#2118=VECTOR('',#2117,6.17E-1);
#2119=CARTESIAN_POINT('',(-3.085E-1,5.895E0,6.17E-1));
#2120=LINE('147',#2119,#2118);
#2121=DIRECTION('',(0.E0,1.E0,0.E0));
#2122=VECTOR('',#2121,9.74E0);
#2123=CARTESIAN_POINT('',(3.085E-1,-3.845E0,6.17E-1));
#2124=LINE('149',#2123,#2122);
#2125=DIRECTION('',(1.E0,0.E0,0.E0));
#2126=VECTOR('',#2125,6.17E-1);
#2127=CARTESIAN_POINT('',(-3.085E-1,-3.845E0,6.17E-1));
#2128=LINE('692',#2127,#2126);
#2129=DIRECTION('',(0.E0,-1.E0,0.E0));
#2130=VECTOR('',#2129,9.74E0);
#2131=CARTESIAN_POINT('',(-3.085E-1,5.895E0,6.17E-1));
#2132=LINE('148',#2131,#2130);
#2133=DIRECTION('',(1.E0,0.E0,0.E0));
#2134=VECTOR('',#2133,2.531493380378E-1);
#2135=CARTESIAN_POINT('',(-1.265746690189E-1,6.329305084598E0,
4.483247395376E-1));
#2136=LINE('146',#2135,#2134);
#2137=DIRECTION('',(3.637276874675E-1,8.683165957397E-1,3.372365029657E-1));
#2138=VECTOR('',#2137,5.001690474755E-1);
#2139=CARTESIAN_POINT('',(-3.085E-1,5.895E0,0.E0));
#2140=LINE('124',#2139,#2138);
#2141=CARTESIAN_POINT('',(-1.265746690189E-1,6.329305084598E0,
4.483247395376E-1));
#2142=CARTESIAN_POINT('',(-1.202909817654E-1,6.344305949566E0,
4.424987087236E-1));
#2143=CARTESIAN_POINT('',(-1.123908373481E-1,6.363165736001E0,
4.308466470954E-1));
#2144=CARTESIAN_POINT('',(-1.012240733162E-1,6.389823829030E0,
4.075425238392E-1));
#2145=CARTESIAN_POINT('',(-9.297838634815E-2,6.409508519210E0,
3.784123697688E-1));
#2146=CARTESIAN_POINT('',(-8.760083765666E-2,6.422346185778E0,
3.434561848844E-1));
#2147=CARTESIAN_POINT('',(-8.593335995072E-2,6.426326907111E0,3.085E-1));
#2148=CARTESIAN_POINT('',(-8.760083765666E-2,6.422346185778E0,
2.735438151156E-1));
#2149=CARTESIAN_POINT('',(-9.297838634815E-2,6.409508519210E0,
2.385876302312E-1));
#2150=CARTESIAN_POINT('',(-1.012240733162E-1,6.389823829030E0,
2.094574761608E-1));
#2151=CARTESIAN_POINT('',(-1.123908373481E-1,6.363165736001E0,
1.861533529046E-1));
#2152=CARTESIAN_POINT('',(-1.202909817654E-1,6.344305949566E0,
1.745012912764E-1));
#2153=CARTESIAN_POINT('',(-1.265746690189E-1,6.329305084598E0,
1.686752604624E-1));
#2155=DIRECTION('',(3.637276874675E-1,8.683165957397E-1,-3.372365029657E-1));
#2156=VECTOR('',#2155,5.001690474755E-1);
#2157=CARTESIAN_POINT('',(-3.085E-1,5.895E0,6.17E-1));
#2158=LINE('125',#2157,#2156);
#2159=DIRECTION('',(1.E0,0.E0,0.E0));
#2160=VECTOR('',#2159,2.531493380378E-1);
#2161=CARTESIAN_POINT('',(-1.265746690189E-1,6.329305084598E0,
1.686752604624E-1));
#2162=LINE('145',#2161,#2160);
#2163=DIRECTION('',(0.E0,0.E0,1.E0));
#2164=VECTOR('',#2163,6.17E-1);
#2165=CARTESIAN_POINT('',(-3.085E-1,5.895E0,0.E0));
#2166=LINE('134',#2165,#2164);
#2167=DIRECTION('',(0.E0,0.E0,1.E0));
#2168=VECTOR('',#2167,6.17E-1);
#2169=CARTESIAN_POINT('',(-3.085E-1,-3.845E0,0.E0));
#2170=LINE('701',#2169,#2168);
#2171=DIRECTION('',(3.637276874675E-1,-8.683165957397E-1,-3.372365029657E-1));
#2172=VECTOR('',#2171,5.001690474755E-1);
#2173=CARTESIAN_POINT('',(-3.085E-1,-3.845E0,6.17E-1));
#2174=LINE('697',#2173,#2172);
#2175=CARTESIAN_POINT('',(-1.265746690189E-1,-4.279305084598E0,
4.483247395376E-1));
#2176=CARTESIAN_POINT('',(-1.202909817654E-1,-4.294305949566E0,
4.424987087236E-1));
#2177=CARTESIAN_POINT('',(-1.123908373481E-1,-4.313165736001E0,
4.308466470954E-1));
#2178=CARTESIAN_POINT('',(-1.012240733162E-1,-4.339823829030E0,
4.075425238392E-1));
#2179=CARTESIAN_POINT('',(-9.297838634815E-2,-4.359508519210E0,
3.784123697688E-1));
#2180=CARTESIAN_POINT('',(-8.760083765666E-2,-4.372346185778E0,
3.434561848844E-1));
#2181=CARTESIAN_POINT('',(-8.593335995072E-2,-4.376326907111E0,3.085E-1));
#2182=CARTESIAN_POINT('',(-8.760083765666E-2,-4.372346185778E0,
2.735438151156E-1));
#2183=CARTESIAN_POINT('',(-9.297838634815E-2,-4.359508519210E0,
2.385876302312E-1));
#2184=CARTESIAN_POINT('',(-1.012240733162E-1,-4.339823829030E0,
2.094574761608E-1));
#2185=CARTESIAN_POINT('',(-1.123908373481E-1,-4.313165736001E0,
1.861533529046E-1));
#2186=CARTESIAN_POINT('',(-1.202909817654E-1,-4.294305949566E0,
1.745012912764E-1));
#2187=CARTESIAN_POINT('',(-1.265746690189E-1,-4.279305084598E0,
1.686752604624E-1));
#2189=DIRECTION('',(3.637276874675E-1,-8.683165957397E-1,3.372365029657E-1));
#2190=VECTOR('',#2189,5.001690474755E-1);
#2191=CARTESIAN_POINT('',(-3.085E-1,-3.845E0,0.E0));
#2192=LINE('700',#2191,#2190);
#2193=DIRECTION('',(1.E0,0.E0,0.E0));
#2194=VECTOR('',#2193,2.531493380378E-1);
#2195=CARTESIAN_POINT('',(-1.265746690189E-1,-4.279305084598E0,
4.483247395376E-1));
#2196=LINE('703',#2195,#2194);
#2197=DIRECTION('',(1.E0,0.E0,0.E0));
#2198=VECTOR('',#2197,2.531493380378E-1);
#2199=CARTESIAN_POINT('',(-1.265746690189E-1,-4.279305084598E0,
1.686752604624E-1));
#2200=LINE('704',#2199,#2198);
#2201=CARTESIAN_POINT('',(-3.085E-1,5.895E0,0.E0));
#2202=CARTESIAN_POINT('',(3.085E-1,5.895E0,0.E0));
#2203=VERTEX_POINT('',#2201);
#2204=VERTEX_POINT('',#2202);
#2205=CARTESIAN_POINT('',(-1.265746690189E-1,6.329305084598E0,
1.686752604624E-1));
#2206=VERTEX_POINT('',#2205);
#2207=CARTESIAN_POINT('',(-3.085E-1,5.895E0,6.17E-1));
#2208=CARTESIAN_POINT('',(-1.265746690189E-1,6.329305084598E0,
4.483247395376E-1));
#2209=VERTEX_POINT('',#2207);
#2210=VERTEX_POINT('',#2208);
#2211=CARTESIAN_POINT('',(1.265746690189E-1,6.329305084598E0,
1.686752604624E-1));
#2212=VERTEX_POINT('',#2211);
#2213=CARTESIAN_POINT('',(3.085E-1,5.895E0,6.17E-1));
#2214=CARTESIAN_POINT('',(1.265746690189E-1,6.329305084598E0,
4.483247395376E-1));
#2215=VERTEX_POINT('',#2213);
#2216=VERTEX_POINT('',#2214);
#2217=CARTESIAN_POINT('',(-3.085E-1,-3.845E0,0.E0));
#2218=VERTEX_POINT('',#2217);
#2219=CARTESIAN_POINT('',(3.085E-1,-3.845E0,0.E0));
#2220=VERTEX_POINT('',#2219);
#2221=CARTESIAN_POINT('',(-3.085E-1,-3.845E0,6.17E-1));
#2222=VERTEX_POINT('',#2221);
#2223=CARTESIAN_POINT('',(3.085E-1,-3.845E0,6.17E-1));
#2224=VERTEX_POINT('',#2223);
#2225=CARTESIAN_POINT('',(1.265746690189E-1,-4.279305084598E0,
4.483247395376E-1));
#2226=VERTEX_POINT('',#2225);
#2227=VERTEX_POINT('',#2103);
#2228=CARTESIAN_POINT('',(-1.265746690189E-1,-4.279305084598E0,
4.483247395376E-1));
#2229=VERTEX_POINT('',#2228);
#2230=VERTEX_POINT('',#2187);
#2231=CARTESIAN_POINT('',(0.E0,0.E0,0.E0));
#2232=DIRECTION('',(0.E0,0.E0,1.E0));
#2233=DIRECTION('',(1.E0,0.E0,0.E0));
#2234=AXIS2_PLACEMENT_3D('',#2231,#2232,#2233);
#2235=PLANE('27',#2234);
#2237=ORIENTED_EDGE('122',*,*,#2236,.F.);
#2239=ORIENTED_EDGE('138',*,*,#2238,.T.);
#2241=ORIENTED_EDGE('691',*,*,#2240,.T.);
#2243=ORIENTED_EDGE('139',*,*,#2242,.T.);
#2244=EDGE_LOOP('27',(#2237,#2239,#2241,#2243));
#2245=FACE_OUTER_BOUND('27',#2244,.F.);
#2246=ADVANCED_FACE('27',(#2245),#2235,.F.);
#2247=CARTESIAN_POINT('',(-3.085E-1,5.895E0,0.E0));
#2248=DIRECTION('',(0.E0,-3.620338973221E-1,9.321649302509E-1));
#2249=DIRECTION('',(0.E0,9.321649302509E-1,3.620338973221E-1));
#2250=AXIS2_PLACEMENT_3D('',#2247,#2248,#2249);
#2251=PLANE('116',#2250);
#2252=ORIENTED_EDGE('122',*,*,#2236,.T.);
#2254=ORIENTED_EDGE('132',*,*,#2253,.T.);
#2256=ORIENTED_EDGE('145',*,*,#2255,.F.);
#2258=ORIENTED_EDGE('124',*,*,#2257,.F.);
#2259=EDGE_LOOP('116',(#2252,#2254,#2256,#2258));
#2260=FACE_OUTER_BOUND('116',#2259,.F.);
#2261=ADVANCED_FACE('116',(#2260),#2251,.F.);
#2262=CARTESIAN_POINT('',(8.648918585270E-2,6.425E0,6.17E-1));
#2263=DIRECTION('',(-9.223477646990E-1,-3.863607135241E-1,0.E0));
#2264=DIRECTION('',(3.863607135241E-1,-9.223477646990E-1,0.E0));
#2265=AXIS2_PLACEMENT_3D('',#2262,#2263,#2264);
#2266=PLANE('72',#2265);
#2267=ORIENTED_EDGE('132',*,*,#2253,.F.);
#2269=ORIENTED_EDGE('136',*,*,#2268,.T.);
#2271=ORIENTED_EDGE('133',*,*,#2270,.T.);
#2273=ORIENTED_EDGE('618',*,*,#2272,.T.);
#2274=EDGE_LOOP('72',(#2267,#2269,#2271,#2273));
#2275=FACE_OUTER_BOUND('72',#2274,.F.);
#2276=ADVANCED_FACE('72',(#2275),#2266,.F.);
#2277=CARTESIAN_POINT('',(3.085E-1,-4.375E0,0.E0));
#2278=DIRECTION('',(1.E0,0.E0,0.E0));
#2279=DIRECTION('',(0.E0,1.E0,0.E0));
#2280=AXIS2_PLACEMENT_3D('',#2277,#2278,#2279);
#2281=PLANE('41',#2280);
#2282=ORIENTED_EDGE('136',*,*,#2268,.F.);
#2283=ORIENTED_EDGE('139',*,*,#2242,.F.);
#2285=ORIENTED_EDGE('702',*,*,#2284,.T.);
#2287=ORIENTED_EDGE('149',*,*,#2286,.T.);
#2288=EDGE_LOOP('41',(#2282,#2283,#2285,#2287));
#2289=FACE_OUTER_BOUND('41',#2288,.F.);
#2290=ADVANCED_FACE('41',(#2289),#2281,.T.);
#2291=CARTESIAN_POINT('',(3.085E-1,-3.845E0,6.17E-1));
#2292=DIRECTION('',(-9.223477646990E-1,3.863607135241E-1,0.E0));
#2293=DIRECTION('',(-3.863607135241E-1,-9.223477646990E-1,0.E0));
#2294=AXIS2_PLACEMENT_3D('',#2291,#2292,#2293);
#2295=PLANE('645',#2294);
#2297=ORIENTED_EDGE('693',*,*,#2296,.F.);
#2298=ORIENTED_EDGE('702',*,*,#2284,.F.);
#2300=ORIENTED_EDGE('696',*,*,#2299,.T.);
#2302=ORIENTED_EDGE('694',*,*,#2301,.T.);
#2303=EDGE_LOOP('645',(#2297,#2298,#2300,#2302));
#2304=FACE_OUTER_BOUND('645',#2303,.F.);
#2305=ADVANCED_FACE('645',(#2304),#2295,.F.);
#2306=CARTESIAN_POINT('',(-3.085E-1,-3.845E0,6.17E-1));
#2307=DIRECTION('',(0.E0,3.620338973221E-1,-9.321649302509E-1));
#2308=DIRECTION('',(0.E0,-9.321649302509E-1,-3.620338973221E-1));
#2309=AXIS2_PLACEMENT_3D('',#2306,#2307,#2308);
#2310=PLANE('679',#2309);
#2312=ORIENTED_EDGE('692',*,*,#2311,.T.);
#2313=ORIENTED_EDGE('693',*,*,#2296,.T.);
#2315=ORIENTED_EDGE('703',*,*,#2314,.F.);
#2317=ORIENTED_EDGE('697',*,*,#2316,.F.);
#2318=EDGE_LOOP('679',(#2312,#2313,#2315,#2317));
#2319=FACE_OUTER_BOUND('679',#2318,.F.);
#2320=ADVANCED_FACE('679',(#2319),#2310,.F.);
#2321=CARTESIAN_POINT('',(0.E0,0.E0,6.17E-1));
#2322=DIRECTION('',(0.E0,0.E0,1.E0));
#2323=DIRECTION('',(1.E0,0.E0,0.E0));
#2324=AXIS2_PLACEMENT_3D('',#2321,#2322,#2323);
#2325=PLANE('32',#2324);
#2327=ORIENTED_EDGE('147',*,*,#2326,.T.);
#2328=ORIENTED_EDGE('149',*,*,#2286,.F.);
#2329=ORIENTED_EDGE('692',*,*,#2311,.F.);
#2331=ORIENTED_EDGE('148',*,*,#2330,.F.);
#2332=EDGE_LOOP('32',(#2327,#2328,#2329,#2331));
#2333=FACE_OUTER_BOUND('32',#2332,.F.);
#2334=ADVANCED_FACE('32',(#2333),#2325,.T.);
#2335=CARTESIAN_POINT('',(-3.085E-1,6.329305084598E0,4.483247395376E-1));
#2336=DIRECTION('',(0.E0,-3.620338973221E-1,-9.321649302509E-1));
#2337=DIRECTION('',(0.E0,-9.321649302509E-1,3.620338973221E-1));
#2338=AXIS2_PLACEMENT_3D('',#2335,#2336,#2337);
#2339=PLANE('120',#2338);
#2341=ORIENTED_EDGE('125',*,*,#2340,.T.);
#2343=ORIENTED_EDGE('146',*,*,#2342,.T.);
#2344=ORIENTED_EDGE('133',*,*,#2270,.F.);
#2345=ORIENTED_EDGE('147',*,*,#2326,.F.);
#2346=EDGE_LOOP('120',(#2341,#2343,#2344,#2345));
#2347=FACE_OUTER_BOUND('120',#2346,.F.);
#2348=ADVANCED_FACE('120',(#2347),#2339,.F.);
#2349=CARTESIAN_POINT('',(-3.085E-1,5.895E0,6.17E-1));
#2350=DIRECTION('',(9.223477646990E-1,-3.863607135241E-1,0.E0));
#2351=DIRECTION('',(3.863607135241E-1,9.223477646990E-1,0.E0));
#2352=AXIS2_PLACEMENT_3D('',#2349,#2350,#2351);
#2353=PLANE('68',#2352);
#2354=ORIENTED_EDGE('124',*,*,#2257,.T.);
#2356=ORIENTED_EDGE('616',*,*,#2355,.F.);
#2357=ORIENTED_EDGE('125',*,*,#2340,.F.);
#2359=ORIENTED_EDGE('134',*,*,#2358,.F.);
#2360=EDGE_LOOP('68',(#2354,#2356,#2357,#2359));
#2361=FACE_OUTER_BOUND('68',#2360,.F.);
#2362=ADVANCED_FACE('68',(#2361),#2353,.F.);
#2363=CARTESIAN_POINT('',(-3.085E-1,6.275E0,3.085E-1));
#2364=DIRECTION('',(-1.E0,0.E0,0.E0));
#2365=DIRECTION('',(0.E0,0.E0,1.E0));
#2366=AXIS2_PLACEMENT_3D('',#2363,#2364,#2365);
#2367=CYLINDRICAL_SURFACE('118',#2366,1.5E-1);
#2368=ORIENTED_EDGE('145',*,*,#2255,.T.);
#2369=ORIENTED_EDGE('618',*,*,#2272,.F.);
#2370=ORIENTED_EDGE('146',*,*,#2342,.F.);
#2371=ORIENTED_EDGE('616',*,*,#2355,.T.);
#2372=EDGE_LOOP('118',(#2368,#2369,#2370,#2371));
#2373=FACE_OUTER_BOUND('118',#2372,.F.);
#2374=ADVANCED_FACE('118',(#2373),#2367,.T.);
#2375=CARTESIAN_POINT('',(-3.085E-1,6.425E0,0.E0));
#2376=DIRECTION('',(-1.E0,0.E0,0.E0));
#2377=DIRECTION('',(0.E0,-1.E0,0.E0));
#2378=AXIS2_PLACEMENT_3D('',#2375,#2376,#2377);
#2379=PLANE('37',#2378);
#2380=ORIENTED_EDGE('134',*,*,#2358,.T.);
#2381=ORIENTED_EDGE('148',*,*,#2330,.T.);
#2383=ORIENTED_EDGE('701',*,*,#2382,.F.);
#2384=ORIENTED_EDGE('138',*,*,#2238,.F.);
#2385=EDGE_LOOP('37',(#2380,#2381,#2383,#2384));
#2386=FACE_OUTER_BOUND('37',#2385,.F.);
#2387=ADVANCED_FACE('37',(#2386),#2379,.T.);
#2388=CARTESIAN_POINT('',(-8.648918585270E-2,-4.375E0,6.17E-1));
#2389=DIRECTION('',(9.223477646990E-1,3.863607135241E-1,0.E0));
#2390=DIRECTION('',(-3.863607135241E-1,9.223477646990E-1,0.E0));
#2391=AXIS2_PLACEMENT_3D('',#2388,#2389,#2390);
#2392=PLANE('649',#2391);
#2393=ORIENTED_EDGE('697',*,*,#2316,.T.);
#2395=ORIENTED_EDGE('698',*,*,#2394,.T.);
#2397=ORIENTED_EDGE('700',*,*,#2396,.F.);
#2398=ORIENTED_EDGE('701',*,*,#2382,.T.);
#2399=EDGE_LOOP('649',(#2393,#2395,#2397,#2398));
#2400=FACE_OUTER_BOUND('649',#2399,.F.);
#2401=ADVANCED_FACE('649',(#2400),#2392,.F.);
#2402=CARTESIAN_POINT('',(-3.085E-1,-4.225E0,3.085E-1));
#2403=DIRECTION('',(-1.E0,0.E0,0.E0));
#2404=DIRECTION('',(0.E0,0.E0,1.E0));
#2405=AXIS2_PLACEMENT_3D('',#2402,#2403,#2404);
#2406=CYLINDRICAL_SURFACE('681',#2405,1.5E-1);
#2407=ORIENTED_EDGE('694',*,*,#2301,.F.);
#2409=ORIENTED_EDGE('704',*,*,#2408,.F.);
#2410=ORIENTED_EDGE('698',*,*,#2394,.F.);
#2411=ORIENTED_EDGE('703',*,*,#2314,.T.);
#2412=EDGE_LOOP('681',(#2407,#2409,#2410,#2411));
#2413=FACE_OUTER_BOUND('681',#2412,.F.);
#2414=ADVANCED_FACE('681',(#2413),#2406,.T.);
#2415=CARTESIAN_POINT('',(-3.085E-1,-4.279305084598E0,1.686752604624E-1));
#2416=DIRECTION('',(0.E0,3.620338973221E-1,9.321649302509E-1));
#2417=DIRECTION('',(0.E0,9.321649302509E-1,-3.620338973221E-1));
#2418=AXIS2_PLACEMENT_3D('',#2415,#2416,#2417);
#2419=PLANE('683',#2418);
#2420=ORIENTED_EDGE('691',*,*,#2240,.F.);
#2421=ORIENTED_EDGE('700',*,*,#2396,.T.);
#2422=ORIENTED_EDGE('704',*,*,#2408,.T.);
#2423=ORIENTED_EDGE('696',*,*,#2299,.F.);
#2424=EDGE_LOOP('683',(#2420,#2421,#2422,#2423));
#2425=FACE_OUTER_BOUND('683',#2424,.F.);
#2426=ADVANCED_FACE('683',(#2425),#2419,.F.);
#2427=CLOSED_SHELL('',(#2246,#2261,#2276,#2290,#2305,#2320,#2334,#2348,#2362,
#2374,#2387,#2401,#2414,#2426));
#2428=MANIFOLD_SOLID_BREP('',#2427);
#2429=(LENGTH_UNIT()NAMED_UNIT(*)SI_UNIT(.MILLI.,.METRE.));
#2430=DIMENSIONAL_EXPONENTS(0.E0,0.E0,0.E0,0.E0,0.E0,0.E0,0.E0);
#2431=(NAMED_UNIT(*)PLANE_ANGLE_UNIT()SI_UNIT($,.RADIAN.));
#2432=PLANE_ANGLE_MEASURE_WITH_UNIT(PLANE_ANGLE_MEASURE(1.745329251994E-2),
#2431);
#2433=(CONVERSION_BASED_UNIT('DEGREE',#2432)NAMED_UNIT(#2430)PLANE_ANGLE_UNIT(
));
#2434=(NAMED_UNIT(*)SI_UNIT($,.STERADIAN.)SOLID_ANGLE_UNIT());
#2435=UNCERTAINTY_MEASURE_WITH_UNIT(LENGTH_MEASURE(1.189889517198E-3),#2429,
'closure',
'Maximum model space distance between geometric entities at asserted connectivities');
#2436=(GEOMETRIC_REPRESENTATION_CONTEXT(3)GLOBAL_UNCERTAINTY_ASSIGNED_CONTEXT((
#2435))GLOBAL_UNIT_ASSIGNED_CONTEXT((#2429,#2433,#2434))REPRESENTATION_CONTEXT(
'ID2','3'));
#2437=CARTESIAN_POINT('',(0.E0,0.E0,0.E0));
#2438=DIRECTION('',(0.E0,0.E0,1.E0));
#2439=DIRECTION('',(1.E0,0.E0,0.E0));
#2442=APPLICATION_CONTEXT(
'CONFIGURATION CONTROLLED 3D DESIGNS OF MECHANICAL PARTS AND ASSEMBLIES');
#2443=APPLICATION_PROTOCOL_DEFINITION('international standard',
'config_control_design',1994,#2442);
#2444=DESIGN_CONTEXT('',#2442,'design');
#2445=MECHANICAL_CONTEXT('',#2442,'mechanical');
#2446=PRODUCT('77310_Y01','77310_Y01','NOT SPECIFIED',(#2445));
#2447=PRODUCT_DEFINITION_FORMATION_WITH_SPECIFIED_SOURCE('4','LAST_VERSION',
#2446,.MADE.);
#2453=CARTESIAN_POINT('',(-3.928875446786E0,1.888758966665E1,1.475812600745E1));
#2454=DIRECTION('',(0.E0,1.E0,0.E0));
#2455=DIRECTION('',(1.E0,0.E0,0.E0));
#2456=AXIS2_PLACEMENT_3D('',#2453,#2454,#2455);
#2457=ITEM_DEFINED_TRANSFORMATION('','',#2440,#2456);
#2458=(REPRESENTATION_RELATIONSHIP('','',#2441,#2039)REPRESENTATION_RELATIONSHIP_WITH_TRANSFORMATION(#2457)SHAPE_REPRESENTATION_RELATIONSHIP());
#2459=CONTEXT_DEPENDENT_SHAPE_REPRESENTATION(#2458,#2452);
#2462=CARTESIAN_POINT('',(-1.388875446786E0,1.888758966665E1,1.475812600745E1));
#2463=DIRECTION('',(0.E0,1.E0,0.E0));
#2464=DIRECTION('',(1.E0,0.E0,0.E0));
#2465=AXIS2_PLACEMENT_3D('',#2462,#2463,#2464);
#2466=ITEM_DEFINED_TRANSFORMATION('','',#2440,#2465);
#2467=(REPRESENTATION_RELATIONSHIP('','',#2441,#2039)REPRESENTATION_RELATIONSHIP_WITH_TRANSFORMATION(#2466)SHAPE_REPRESENTATION_RELATIONSHIP());
#2468=CONTEXT_DEPENDENT_SHAPE_REPRESENTATION(#2467,#2461);
#2471=CARTESIAN_POINT('',(-3.928875446786E0,1.634758966665E1,1.475812600745E1));
#2472=DIRECTION('',(0.E0,1.E0,0.E0));
#2473=DIRECTION('',(1.E0,0.E0,0.E0));
#2474=AXIS2_PLACEMENT_3D('',#2471,#2472,#2473);
#2475=ITEM_DEFINED_TRANSFORMATION('','',#2440,#2474);
#2476=(REPRESENTATION_RELATIONSHIP('','',#2441,#2039)REPRESENTATION_RELATIONSHIP_WITH_TRANSFORMATION(#2475)SHAPE_REPRESENTATION_RELATIONSHIP());
#2477=CONTEXT_DEPENDENT_SHAPE_REPRESENTATION(#2476,#2470);
#2480=CARTESIAN_POINT('',(-1.388875446786E0,1.634758966665E1,1.475812600745E1));
#2481=DIRECTION('',(0.E0,1.E0,0.E0));
#2482=DIRECTION('',(1.E0,0.E0,0.E0));
#2483=AXIS2_PLACEMENT_3D('',#2480,#2481,#2482);
#2484=ITEM_DEFINED_TRANSFORMATION('','',#2440,#2483);
#2485=(REPRESENTATION_RELATIONSHIP('','',#2441,#2039)REPRESENTATION_RELATIONSHIP_WITH_TRANSFORMATION(#2484)SHAPE_REPRESENTATION_RELATIONSHIP());
#2486=CONTEXT_DEPENDENT_SHAPE_REPRESENTATION(#2485,#2479);
#2487=(LENGTH_UNIT()NAMED_UNIT(*)SI_UNIT(.MILLI.,.METRE.));
#2488=DIMENSIONAL_EXPONENTS(0.E0,0.E0,0.E0,0.E0,0.E0,0.E0,0.E0);
#2489=(NAMED_UNIT(*)PLANE_ANGLE_UNIT()SI_UNIT($,.RADIAN.));
#2490=PLANE_ANGLE_MEASURE_WITH_UNIT(PLANE_ANGLE_MEASURE(1.745329251994E-2),
#2489);
#2491=(CONVERSION_BASED_UNIT('DEGREE',#2490)NAMED_UNIT(#2488)PLANE_ANGLE_UNIT(
));
#2492=(NAMED_UNIT(*)SI_UNIT($,.STERADIAN.)SOLID_ANGLE_UNIT());
#2493=UNCERTAINTY_MEASURE_WITH_UNIT(LENGTH_MEASURE(1.272235632872E-3),#2487,
'closure',
'Maximum model space distance between geometric entities at asserted connectivities');
#2494=(GEOMETRIC_REPRESENTATION_CONTEXT(3)GLOBAL_UNCERTAINTY_ASSIGNED_CONTEXT((
#2493))GLOBAL_UNIT_ASSIGNED_CONTEXT((#2487,#2491,#2492))REPRESENTATION_CONTEXT(
'ID3','3'));
#2495=CARTESIAN_POINT('',(0.E0,0.E0,0.E0));
#2496=DIRECTION('',(0.E0,0.E0,1.E0));
#2497=DIRECTION('',(1.E0,0.E0,0.E0));
#2499=APPLICATION_CONTEXT(
'CONFIGURATION CONTROLLED 3D DESIGNS OF MECHANICAL PARTS AND ASSEMBLIES');
#2500=APPLICATION_PROTOCOL_DEFINITION('international standard',
'config_control_design',1994,#2499);
#2501=DESIGN_CONTEXT('',#2499,'design');
#2502=MECHANICAL_CONTEXT('',#2499,'mechanical');
#2503=PRODUCT('77313_Y01_04_ASM','77313_Y01_04_ASM','NOT SPECIFIED',(#2502));
#2504=PRODUCT_DEFINITION_FORMATION_WITH_SPECIFIED_SOURCE('1','LAST_VERSION',
#2503,.MADE.);
#2506=PRODUCT_CATEGORY('part','');
#2507=PRODUCT_RELATED_PRODUCT_CATEGORY('assembly','',(#2503));
#2508=PRODUCT_CATEGORY_RELATIONSHIP('','',#2506,#2507);
#2509=PRODUCT_CATEGORY('part','');
#2510=PRODUCT_RELATED_PRODUCT_CATEGORY('detail','',(#2032,#2446));
#2511=PRODUCT_CATEGORY_RELATIONSHIP('','',#2509,#2510);
#2512=SECURITY_CLASSIFICATION_LEVEL('unclassified');
#2513=SECURITY_CLASSIFICATION('','',#2512);
#2514=CC_DESIGN_SECURITY_CLASSIFICATION(#2513,(#2033,#2447,#2504,#2040,#2451,
#2460,#2469,#2478));
#2515=APPROVAL_STATUS('approved');
#2516=APPROVAL(#2515,'');
#2517=CC_DESIGN_APPROVAL(#2516,(#2513,#2033,#2447,#2504,#2034,#2448,#2505));
#2518=CALENDAR_DATE(106,27,11);
#2519=COORDINATED_UNIVERSAL_TIME_OFFSET(1,0,.AHEAD.);
#2520=LOCAL_TIME(11,38,3.E1,#2519);
#2521=DATE_AND_TIME(#2518,#2520);
#2522=APPROVAL_DATE_TIME(#2521,#2516);
#2523=DATE_TIME_ROLE('creation_date');
#2524=CC_DESIGN_DATE_AND_TIME_ASSIGNMENT(#2521,#2523,(#2034,#2448,#2505));
#2525=DATE_TIME_ROLE('classification_date');
#2526=CC_DESIGN_DATE_AND_TIME_ASSIGNMENT(#2521,#2525,(#2513));
#2527=PERSON('UNSPECIFIED','UNSPECIFIED',$,$,$,$);
#2528=ORGANIZATION('UNSPECIFIED','UNSPECIFIED','UNSPECIFIED');
#2529=PERSON_AND_ORGANIZATION(#2527,#2528);
#2530=APPROVAL_ROLE('approver');
#2531=APPROVAL_PERSON_ORGANIZATION(#2529,#2516,#2530);
#2532=PERSON_AND_ORGANIZATION_ROLE('creator');
#2533=CC_DESIGN_PERSON_AND_ORGANIZATION_ASSIGNMENT(#2529,#2532,(#2033,#2447,
#2504,#2034,#2448,#2505));
#2534=PERSON_AND_ORGANIZATION_ROLE('design_supplier');
#2535=CC_DESIGN_PERSON_AND_ORGANIZATION_ASSIGNMENT(#2529,#2534,(#2033,#2447,
#2504));
#2536=PERSON_AND_ORGANIZATION_ROLE('classification_officer');
#2537=CC_DESIGN_PERSON_AND_ORGANIZATION_ASSIGNMENT(#2529,#2536,(#2513));
#2538=PERSON_AND_ORGANIZATION_ROLE('design_owner');
#2539=CC_DESIGN_PERSON_AND_ORGANIZATION_ASSIGNMENT(#2529,#2538,(#2503,#2032,
#2446));
#149=CIRCLE('12921',#148,2.05E-1);
#154=CIRCLE('12922',#153,2.05E-1);
#159=CIRCLE('12923',#158,2.05E-1);
#164=CIRCLE('12924',#163,2.05E-1);
#169=CIRCLE('14054',#168,2.05E-1);
#174=CIRCLE('14055',#173,2.05E-1);
#179=CIRCLE('14056',#178,2.05E-1);
#184=CIRCLE('14057',#183,2.05E-1);
#349=CIRCLE('12733',#348,2.05E-1);
#354=CIRCLE('12734',#353,2.05E-1);
#359=CIRCLE('12735',#358,2.05E-1);
#364=CIRCLE('12736',#363,2.05E-1);
#369=CIRCLE('12768',#368,2.05E-1);
#374=CIRCLE('12769',#373,2.05E-1);
#379=CIRCLE('12770',#378,2.05E-1);
#384=CIRCLE('12771',#383,2.05E-1);
#541=CIRCLE('12717',#540,2.05E-1);
#546=CIRCLE('12718',#545,2.05E-1);
#551=CIRCLE('12719',#550,2.05E-1);
#556=CIRCLE('12720',#555,2.05E-1);
#577=CIRCLE('12752',#576,2.05E-1);
#582=CIRCLE('12753',#581,2.05E-1);
#587=CIRCLE('12754',#586,2.05E-1);
#592=CIRCLE('12755',#591,2.05E-1);
#645=CIRCLE('12905',#644,2.05E-1);
#650=CIRCLE('12906',#649,2.05E-1);
#655=CIRCLE('12907',#654,2.05E-1);
#660=CIRCLE('12908',#659,2.05E-1);
#681=CIRCLE('14038',#680,2.05E-1);
#686=CIRCLE('14039',#685,2.05E-1);
#691=CIRCLE('14040',#690,2.05E-1);
#696=CIRCLE('14041',#695,2.05E-1);
#934=EDGE_CURVE('11178',#819,#820,#68,.T.);
#936=EDGE_CURVE('11203',#775,#819,#72,.T.);
#938=EDGE_CURVE('2151',#775,#754,#76,.T.);
#940=EDGE_CURVE('2063',#753,#754,#80,.T.);
#942=EDGE_CURVE('2066',#758,#753,#84,.T.);
#944=EDGE_CURVE('2065',#757,#758,#88,.T.);
#946=EDGE_CURVE('7848',#757,#811,#92,.T.);
#948=EDGE_CURVE('20948',#823,#811,#96,.T.);
#950=EDGE_CURVE('11180',#823,#824,#100,.T.);
#952=EDGE_CURVE('20947',#815,#824,#104,.T.);
#954=EDGE_CURVE('7844',#815,#750,#108,.T.);
#956=EDGE_CURVE('2050',#748,#750,#112,.T.);
#958=EDGE_CURVE('2049',#747,#748,#116,.T.);
#960=EDGE_CURVE('2051',#739,#747,#120,.T.);
#962=EDGE_CURVE('1712',#739,#740,#124,.T.);
#964=EDGE_CURVE('11202',#820,#740,#128,.T.);
#968=EDGE_CURVE('306',#707,#708,#4,.T.);
#970=EDGE_CURVE('309',#712,#707,#8,.T.);
#972=EDGE_CURVE('308',#710,#712,#12,.T.);
#974=EDGE_CURVE('307',#708,#710,#16,.T.);
#978=EDGE_CURVE('310',#715,#716,#20,.T.);
#980=EDGE_CURVE('313',#720,#715,#24,.T.);
#982=EDGE_CURVE('312',#718,#720,#28,.T.);
#984=EDGE_CURVE('311',#716,#718,#32,.T.);
#988=EDGE_CURVE('7546',#779,#780,#36,.T.);
#990=EDGE_CURVE('7549',#784,#779,#40,.T.);
#992=EDGE_CURVE('7548',#782,#784,#44,.T.);
#994=EDGE_CURVE('7547',#780,#782,#48,.T.);
#998=EDGE_CURVE('7550',#787,#788,#52,.T.);
#1000=EDGE_CURVE('7553',#792,#787,#56,.T.);
#1002=EDGE_CURVE('7552',#790,#792,#60,.T.);
#1004=EDGE_CURVE('7551',#788,#790,#64,.T.);
#1008=EDGE_CURVE('12078',#843,#844,#132,.T.);
#1010=EDGE_CURVE('12080',#848,#844,#136,.T.);
#1012=EDGE_CURVE('12079',#847,#848,#140,.T.);
#1014=EDGE_CURVE('12081',#847,#843,#144,.T.);
#1018=EDGE_CURVE('12921',#907,#908,#149,.T.);
#1020=EDGE_CURVE('12922',#908,#907,#154,.T.);
#1024=EDGE_CURVE('12923',#911,#912,#159,.T.);
#1026=EDGE_CURVE('12924',#912,#911,#164,.T.);
#1030=EDGE_CURVE('14054',#923,#924,#169,.T.);
#1032=EDGE_CURVE('14055',#924,#923,#174,.T.);
#1036=EDGE_CURVE('14056',#927,#928,#179,.T.);
#1038=EDGE_CURVE('14057',#928,#927,#184,.T.);
#1049=EDGE_CURVE('435',#724,#708,#192,.T.);
#1051=EDGE_CURVE('370',#723,#724,#204,.T.);
#1053=EDGE_CURVE('434',#723,#707,#188,.T.);
#1064=EDGE_CURVE('436',#726,#710,#196,.T.);
#1066=EDGE_CURVE('371',#724,#726,#208,.T.);
#1078=EDGE_CURVE('437',#728,#712,#200,.T.);
#1080=EDGE_CURVE('372',#726,#728,#212,.T.);
#1093=EDGE_CURVE('373',#728,#723,#216,.T.);
#1104=EDGE_CURVE('11182',#827,#828,#268,.T.);
#1106=EDGE_CURVE('11204',#828,#744,#272,.T.);
#1108=EDGE_CURVE('1714',#743,#744,#276,.T.);
#1110=EDGE_CURVE('2077',#743,#761,#280,.T.);
#1112=EDGE_CURVE('2075',#761,#762,#284,.T.);
#1114=EDGE_CURVE('2076',#762,#764,#288,.T.);
#1116=EDGE_CURVE('7846',#816,#764,#292,.T.);
#1118=EDGE_CURVE('20949',#816,#832,#296,.T.);
#1120=EDGE_CURVE('11184',#831,#832,#300,.T.);
#1122=EDGE_CURVE('20950',#831,#812,#304,.T.);
#1124=EDGE_CURVE('7850',#771,#812,#308,.T.);
#1126=EDGE_CURVE('2091',#771,#772,#312,.T.);
#1128=EDGE_CURVE('2092',#772,#767,#316,.T.);
#1130=EDGE_CURVE('2089',#767,#768,#320,.T.);
#1132=EDGE_CURVE('2159',#776,#768,#324,.T.);
#1134=EDGE_CURVE('11205',#776,#827,#328,.T.);
#1144=EDGE_CURVE('374',#731,#732,#220,.T.);
#1146=EDGE_CURVE('375',#732,#734,#224,.T.);
#1148=EDGE_CURVE('376',#734,#736,#228,.T.);
#1150=EDGE_CURVE('377',#736,#731,#232,.T.);
#1154=EDGE_CURVE('7554',#795,#796,#236,.T.);
#1156=EDGE_CURVE('7555',#796,#798,#240,.T.);
#1158=EDGE_CURVE('7556',#798,#800,#244,.T.);
#1160=EDGE_CURVE('7557',#800,#795,#248,.T.);
#1164=EDGE_CURVE('7558',#803,#804,#252,.T.);
#1166=EDGE_CURVE('7559',#804,#806,#256,.T.);
#1168=EDGE_CURVE('7560',#806,#808,#260,.T.);
#1170=EDGE_CURVE('7561',#808,#803,#264,.T.);
#1174=EDGE_CURVE('12095',#859,#860,#332,.T.);
#1176=EDGE_CURVE('12098',#863,#859,#336,.T.);
#1178=EDGE_CURVE('12096',#863,#864,#340,.T.);
#1180=EDGE_CURVE('12097',#864,#860,#344,.T.);
#1184=EDGE_CURVE('12733',#875,#876,#349,.T.);
#1186=EDGE_CURVE('12734',#876,#875,#354,.T.);
#1190=EDGE_CURVE('12735',#879,#880,#359,.T.);
#1192=EDGE_CURVE('12736',#880,#879,#364,.T.);
#1196=EDGE_CURVE('12768',#891,#892,#369,.T.);
#1198=EDGE_CURVE('12769',#892,#891,#374,.T.);
#1202=EDGE_CURVE('12770',#895,#896,#379,.T.);
#1204=EDGE_CURVE('12771',#896,#895,#384,.T.);
#1215=EDGE_CURVE('439',#732,#716,#392,.T.);
#1218=EDGE_CURVE('438',#731,#715,#388,.T.);
#1229=EDGE_CURVE('440',#734,#718,#396,.T.);
#1242=EDGE_CURVE('441',#736,#720,#400,.T.);
#1267=EDGE_CURVE('7563',#796,#780,#408,.T.);
#1270=EDGE_CURVE('7562',#795,#779,#404,.T.);
#1281=EDGE_CURVE('7564',#798,#782,#412,.T.);
#1294=EDGE_CURVE('7565',#800,#784,#416,.T.);
#1319=EDGE_CURVE('7567',#804,#788,#424,.T.);
#1322=EDGE_CURVE('7566',#803,#787,#420,.T.);
#1333=EDGE_CURVE('7568',#806,#790,#428,.T.);
#1346=EDGE_CURVE('7569',#808,#792,#432,.T.);
#1371=EDGE_CURVE('11190',#820,#828,#436,.T.);
#1374=EDGE_CURVE('11191',#819,#827,#488,.T.);
#1386=EDGE_CURVE('2100',#740,#744,#444,.T.);
#1398=EDGE_CURVE('2102',#739,#743,#440,.T.);
#1410=EDGE_CURVE('7843',#815,#816,#448,.T.);
#1413=EDGE_CURVE('2101',#750,#764,#452,.T.);
#1425=EDGE_CURVE('2120',#761,#747,#456,.T.);
#1438=EDGE_CURVE('2121',#762,#748,#460,.T.);
#1462=EDGE_CURVE('20945',#824,#832,#464,.T.);
#1476=EDGE_CURVE('20946',#823,#831,#468,.T.);
#1490=EDGE_CURVE('7840',#811,#812,#480,.T.);
#1501=EDGE_CURVE('2148',#775,#776,#472,.T.);
#1504=EDGE_CURVE('2149',#754,#768,#476,.T.);
#1517=EDGE_CURVE('2150',#757,#771,#484,.T.);
#1543=EDGE_CURVE('2132',#767,#753,#492,.T.);
#1556=EDGE_CURVE('2135',#772,#758,#496,.T.);
#1579=EDGE_CURVE('12099',#860,#851,#500,.T.);
#1581=EDGE_CURVE('12091',#851,#852,#504,.T.);
#1583=EDGE_CURVE('12100',#852,#859,#508,.T.);
#1594=EDGE_CURVE('12101',#864,#855,#520,.T.);
#1596=EDGE_CURVE('12093',#851,#855,#528,.T.);
#1608=EDGE_CURVE('12102',#856,#863,#512,.T.);
#1610=EDGE_CURVE('12092',#855,#856,#516,.T.);
#1623=EDGE_CURVE('12094',#852,#856,#524,.T.);
#1647=EDGE_CURVE('12737',#875,#867,#532,.T.);
#1649=EDGE_CURVE('12717',#867,#868,#541,.T.);
#1651=EDGE_CURVE('12738',#876,#868,#536,.T.);
#1663=EDGE_CURVE('12718',#868,#867,#546,.T.);
#1684=EDGE_CURVE('12719',#871,#872,#551,.T.);
#1686=EDGE_CURVE('12720',#872,#871,#556,.T.);
#1697=EDGE_CURVE('12739',#879,#871,#560,.T.);
#1700=EDGE_CURVE('12740',#880,#872,#564,.T.);
#1723=EDGE_CURVE('12772',#891,#883,#568,.T.);
#1725=EDGE_CURVE('12752',#883,#884,#577,.T.);
#1727=EDGE_CURVE('12773',#892,#884,#572,.T.);
#1739=EDGE_CURVE('12753',#884,#883,#582,.T.);
#1760=EDGE_CURVE('12754',#887,#888,#587,.T.);
#1762=EDGE_CURVE('12755',#888,#887,#592,.T.);
#1773=EDGE_CURVE('12774',#895,#887,#596,.T.);
#1776=EDGE_CURVE('12775',#896,#888,#600,.T.);
#1799=EDGE_CURVE('12083',#843,#835,#604,.T.);
#1801=EDGE_CURVE('12074',#835,#836,#608,.T.);
#1803=EDGE_CURVE('12082',#836,#844,#612,.T.);
#1814=EDGE_CURVE('12085',#847,#839,#624,.T.);
#1816=EDGE_CURVE('12077',#835,#839,#632,.T.);
#1828=EDGE_CURVE('12084',#840,#848,#616,.T.);
#1830=EDGE_CURVE('12075',#839,#840,#620,.T.);
#1843=EDGE_CURVE('12076',#836,#840,#628,.T.);
#1867=EDGE_CURVE('12925',#907,#899,#636,.T.);
#1869=EDGE_CURVE('12905',#899,#900,#645,.T.);
#1871=EDGE_CURVE('12926',#908,#900,#640,.T.);
#1883=EDGE_CURVE('12906',#900,#899,#650,.T.);
#1904=EDGE_CURVE('12907',#903,#904,#655,.T.);
#1906=EDGE_CURVE('12908',#904,#903,#660,.T.);
#1917=EDGE_CURVE('12927',#911,#903,#664,.T.);
#1920=EDGE_CURVE('12928',#912,#904,#668,.T.);
#1943=EDGE_CURVE('14058',#923,#915,#672,.T.);
#1945=EDGE_CURVE('14038',#915,#916,#681,.T.);
#1947=EDGE_CURVE('14059',#924,#916,#676,.T.);
#1959=EDGE_CURVE('14039',#916,#915,#686,.T.);
#1980=EDGE_CURVE('14040',#919,#920,#691,.T.);
#1982=EDGE_CURVE('14041',#920,#919,#696,.T.);
#1993=EDGE_CURVE('14060',#927,#919,#700,.T.);
#1996=EDGE_CURVE('14061',#928,#920,#704,.T.);
#2026=AXIS2_PLACEMENT_3D('',#2023,#2024,#2025);
#2027=ADVANCED_BREP_SHAPE_REPRESENTATION('',(#2026,#2014),#2022);
#2034=PRODUCT_DEFINITION('design','',#2033,#2030);
#2035=PRODUCT_DEFINITION_SHAPE('','SHAPE FOR 98470-004.',#2034);
#2036=SHAPE_DEFINITION_REPRESENTATION(#2035,#2027);
#2037=SHAPE_DEFINITION_REPRESENTATION(#2038,#2039);
#2038=PRODUCT_DEFINITION_SHAPE('','SHAPE FOR 77313_Y01_04_ASM.',#2505);
#2039=SHAPE_REPRESENTATION('',(#2045,#2456,#2465,#2474,#2483,#2498),#2494);
#2040=NEXT_ASSEMBLY_USAGE_OCCURRENCE('158','Next assembly relationship',
'98470-004',#2505,#2034,$);
#2041=PRODUCT_DEFINITION_SHAPE('Placement #158',
'Placement of 98470-004 with respect to 77313_Y01_04_ASM',#2040);
#2086=B_SPLINE_CURVE_WITH_KNOTS('618',3,(#2073,#2074,#2075,#2076,#2077,#2078,
#2079,#2080,#2081,#2082,#2083,#2084,#2085),.UNSPECIFIED.,.F.,.F.,(4,1,1,1,1,1,1,
1,1,1,4),(0.E0,6.25E-2,1.25E-1,2.5E-1,3.75E-1,5.E-1,6.25E-1,7.5E-1,8.75E-1,
9.375E-1,1.E0),.UNSPECIFIED.);
#2116=B_SPLINE_CURVE_WITH_KNOTS('694',3,(#2103,#2104,#2105,#2106,#2107,#2108,
#2109,#2110,#2111,#2112,#2113,#2114,#2115),.UNSPECIFIED.,.F.,.F.,(4,1,1,1,1,1,1,
1,1,1,4),(0.E0,6.25E-2,1.25E-1,2.5E-1,3.75E-1,5.E-1,6.25E-1,7.5E-1,8.75E-1,
9.375E-1,1.E0),.UNSPECIFIED.);
#2154=B_SPLINE_CURVE_WITH_KNOTS('616',3,(#2141,#2142,#2143,#2144,#2145,#2146,
#2147,#2148,#2149,#2150,#2151,#2152,#2153),.UNSPECIFIED.,.F.,.F.,(4,1,1,1,1,1,1,
1,1,1,4),(0.E0,6.25E-2,1.25E-1,2.5E-1,3.75E-1,5.E-1,6.25E-1,7.5E-1,8.75E-1,
9.375E-1,1.E0),.UNSPECIFIED.);
#2188=B_SPLINE_CURVE_WITH_KNOTS('698',3,(#2175,#2176,#2177,#2178,#2179,#2180,
#2181,#2182,#2183,#2184,#2185,#2186,#2187),.UNSPECIFIED.,.F.,.F.,(4,1,1,1,1,1,1,
1,1,1,4),(0.E0,6.25E-2,1.25E-1,2.5E-1,3.75E-1,5.E-1,6.25E-1,7.5E-1,8.75E-1,
9.375E-1,1.E0),.UNSPECIFIED.);
#2236=EDGE_CURVE('122',#2203,#2204,#2052,.T.);
#2238=EDGE_CURVE('138',#2203,#2218,#2056,.T.);
#2240=EDGE_CURVE('691',#2218,#2220,#2060,.T.);
#2242=EDGE_CURVE('139',#2220,#2204,#2064,.T.);
#2253=EDGE_CURVE('132',#2204,#2212,#2068,.T.);
#2255=EDGE_CURVE('145',#2206,#2212,#2162,.T.);
#2257=EDGE_CURVE('124',#2203,#2206,#2140,.T.);
#2268=EDGE_CURVE('136',#2204,#2215,#2090,.T.);
#2270=EDGE_CURVE('133',#2215,#2216,#2072,.T.);
#2272=EDGE_CURVE('618',#2216,#2212,#2086,.T.);
#2284=EDGE_CURVE('702',#2220,#2224,#2094,.T.);
#2286=EDGE_CURVE('149',#2224,#2215,#2124,.T.);
#2296=EDGE_CURVE('693',#2224,#2226,#2098,.T.);
#2299=EDGE_CURVE('696',#2220,#2227,#2102,.T.);
#2301=EDGE_CURVE('694',#2227,#2226,#2116,.T.);
#2311=EDGE_CURVE('692',#2222,#2224,#2128,.T.);
#2314=EDGE_CURVE('703',#2229,#2226,#2196,.T.);
#2316=EDGE_CURVE('697',#2222,#2229,#2174,.T.);
#2326=EDGE_CURVE('147',#2209,#2215,#2120,.T.);
#2330=EDGE_CURVE('148',#2209,#2222,#2132,.T.);
#2340=EDGE_CURVE('125',#2209,#2210,#2158,.T.);
#2342=EDGE_CURVE('146',#2210,#2216,#2136,.T.);
#2355=EDGE_CURVE('616',#2210,#2206,#2154,.T.);
#2358=EDGE_CURVE('134',#2203,#2209,#2166,.T.);
#2382=EDGE_CURVE('701',#2218,#2222,#2170,.T.);
#2394=EDGE_CURVE('698',#2229,#2230,#2188,.T.);
#2396=EDGE_CURVE('700',#2218,#2230,#2192,.T.);
#2408=EDGE_CURVE('704',#2230,#2227,#2200,.T.);
#2440=AXIS2_PLACEMENT_3D('',#2437,#2438,#2439);
#2441=ADVANCED_BREP_SHAPE_REPRESENTATION('',(#2440,#2428),#2436);
#2448=PRODUCT_DEFINITION('design','',#2447,#2444);
#2449=PRODUCT_DEFINITION_SHAPE('','SHAPE FOR 77310_Y01.',#2448);
#2450=SHAPE_DEFINITION_REPRESENTATION(#2449,#2441);
#2451=NEXT_ASSEMBLY_USAGE_OCCURRENCE('159','Next assembly relationship',
'77310_Y01',#2505,#2448,$);
#2452=PRODUCT_DEFINITION_SHAPE('Placement #159',
'Placement of 77310_Y01 with respect to 77313_Y01_04_ASM',#2451);
#2460=NEXT_ASSEMBLY_USAGE_OCCURRENCE('160','Next assembly relationship',
'77310_Y01',#2505,#2448,$);
#2461=PRODUCT_DEFINITION_SHAPE('Placement #160',
'Placement of 77310_Y01 with respect to 77313_Y01_04_ASM',#2460);
#2469=NEXT_ASSEMBLY_USAGE_OCCURRENCE('161','Next assembly relationship',
'77310_Y01',#2505,#2448,$);
#2470=PRODUCT_DEFINITION_SHAPE('Placement #161',
'Placement of 77310_Y01 with respect to 77313_Y01_04_ASM',#2469);
#2478=NEXT_ASSEMBLY_USAGE_OCCURRENCE('162','Next assembly relationship',
'77310_Y01',#2505,#2448,$);
#2479=PRODUCT_DEFINITION_SHAPE('Placement #162',
'Placement of 77310_Y01 with respect to 77313_Y01_04_ASM',#2478);
#2498=AXIS2_PLACEMENT_3D('',#2495,#2496,#2497);
#2505=PRODUCT_DEFINITION('design','',#2504,#2501);
ENDSEC;
END-ISO-10303-21;
