ISO-10303-21;
HEADER;
FILE_DESCRIPTION(('SolidDesigner STEP Export'),'2;1');
FILE_NAME('1694237.stp','2009-02-09T17:01:20',(''),(''),
'CoCreate Modeling STEP processor for AP214 (Solid Model)',
'CoCreate Modeling 16.00A  16-Aug-2008 (C) Parametric Technology GmbH',
'');
FILE_SCHEMA(('AUTOMOTIVE_DESIGN { 1 0 10303 214 1 1 1 1 }'));
ENDSEC;
DATA;
#10=CARTESIAN_POINT('',(0.,-2.4,0.));
#20=DIRECTION('',(0.,1.,0.));
#30=DIRECTION('',(1.,0.,0.));
#40=AXIS2_PLACEMENT_3D('',#10,#20,#30);
#50=TOROIDAL_SURFACE('',#40,6.64999999999998,0.4);
#60=CARTESIAN_POINT('',(0.,-2.,0.));
#70=DIRECTION('',(0.,1.,0.));
#80=DIRECTION('',(0.,0.,1.));
#90=AXIS2_PLACEMENT_3D('',#60,#70,#80);
#100=CIRCLE('',#90,6.64999999999998);
#110=CARTESIAN_POINT('',(8.143632E-16,-2.,-6.64999999999998));
#120=VERTEX_POINT('',#110);
#130=CARTESIAN_POINT('',(-6.64999999999998,-2.,0.));
#140=VERTEX_POINT('',#130);
#150=EDGE_CURVE('',#120,#140,#100,.T.);
#160=ORIENTED_EDGE('',*,*,#150,.F.);
#170=CARTESIAN_POINT('',(-6.64999999999998,-2.4,0.));
#180=DIRECTION('',(0.,0.,1.));
#190=DIRECTION('',(1.,0.,0.));
#200=AXIS2_PLACEMENT_3D('',#170,#180,#190);
#210=CIRCLE('',#200,0.4);
#220=CARTESIAN_POINT('',(-7.04999999999998,-2.4,0.));
#230=VERTEX_POINT('',#220);
#240=EDGE_CURVE('',#140,#230,#210,.T.);
#250=ORIENTED_EDGE('',*,*,#240,.F.);
#260=CARTESIAN_POINT('',(0.,-2.4,0.));
#270=DIRECTION('',(0.,1.,0.));
#280=DIRECTION('',(1.,0.,0.));
#290=AXIS2_PLACEMENT_3D('',#260,#270,#280);
#300=CIRCLE('',#290,7.04999999999998);
#310=CARTESIAN_POINT('',(7.04999999999998,-2.4,0.));
#320=VERTEX_POINT('',#310);
#330=EDGE_CURVE('',#320,#230,#300,.T.);
#340=ORIENTED_EDGE('',*,*,#330,.T.);
#350=CARTESIAN_POINT('',(6.64999999999998,-2.4,0.));
#360=DIRECTION('',(0.,0.,-1.));
#370=DIRECTION('',(-1.,0.,0.));
#380=AXIS2_PLACEMENT_3D('',#350,#360,#370);
#390=CIRCLE('',#380,0.4);
#400=CARTESIAN_POINT('',(6.64999999999998,-2.,0.));
#410=VERTEX_POINT('',#400);
#420=EDGE_CURVE('',#410,#320,#390,.T.);
#430=ORIENTED_EDGE('',*,*,#420,.T.);
#440=EDGE_CURVE('',#410,#120,#100,.T.);
#450=ORIENTED_EDGE('',*,*,#440,.F.);
#460=EDGE_LOOP('',(#450,#430,#340,#250,#160));
#470=FACE_OUTER_BOUND('',#460,.T.);
#480=ADVANCED_FACE('',(#470),#50,.T.);
#490=COLOUR_RGB('',0.831372618675232,0.850980460643768,0.858823597431183
);
#500=FILL_AREA_STYLE_COLOUR('',#490);
#510=FILL_AREA_STYLE('',(#500));
#520=SURFACE_STYLE_FILL_AREA(#510);
#530=SURFACE_SIDE_STYLE('',(#520));
#540=SURFACE_STYLE_USAGE(.BOTH.,#530);
#550=PRESENTATION_STYLE_ASSIGNMENT((#540));
#560=CARTESIAN_POINT('',(0.,-7.55000000000001,0.));
#570=DIRECTION('',(0.,1.,0.));
#580=DIRECTION('',(1.,0.,0.));
#590=AXIS2_PLACEMENT_3D('',#560,#570,#580);
#600=TOROIDAL_SURFACE('',#590,4.35000000000002,0.35);
#610=CARTESIAN_POINT('',(0.,-7.20000000000001,0.));
#620=DIRECTION('',(0.,1.,0.));
#630=DIRECTION('',(0.,0.,1.));
#640=AXIS2_PLACEMENT_3D('',#610,#620,#630);
#650=CIRCLE('',#640,4.35000000000002);
#660=CARTESIAN_POINT('',(5.327038E-16,-7.20000000000001,
-4.35000000000002));
#670=VERTEX_POINT('',#660);
#680=CARTESIAN_POINT('',(-4.35000000000002,-7.20000000000001,0.));
#690=VERTEX_POINT('',#680);
#700=EDGE_CURVE('',#670,#690,#650,.T.);
#710=ORIENTED_EDGE('',*,*,#700,.F.);
#720=CARTESIAN_POINT('',(-4.35000000000002,-7.55000000000001,0.));
#730=DIRECTION('',(0.,0.,1.));
#740=DIRECTION('',(1.,0.,0.));
#750=AXIS2_PLACEMENT_3D('',#720,#730,#740);
#760=CIRCLE('',#750,0.35);
#770=CARTESIAN_POINT('',(-4.70000000000002,-7.55000000000001,0.));
#780=VERTEX_POINT('',#770);
#790=EDGE_CURVE('',#690,#780,#760,.T.);
#800=ORIENTED_EDGE('',*,*,#790,.F.);
#810=CARTESIAN_POINT('',(0.,-7.55000000000001,0.));
#820=DIRECTION('',(0.,1.,0.));
#830=DIRECTION('',(1.,0.,0.));
#840=AXIS2_PLACEMENT_3D('',#810,#820,#830);
#850=CIRCLE('',#840,4.70000000000002);
#860=CARTESIAN_POINT('',(4.70000000000002,-7.55000000000001,0.));
#870=VERTEX_POINT('',#860);
#880=EDGE_CURVE('',#870,#780,#850,.T.);
#890=ORIENTED_EDGE('',*,*,#880,.T.);
#900=CARTESIAN_POINT('',(4.35000000000002,-7.55000000000001,0.));
#910=DIRECTION('',(0.,0.,-1.));
#920=DIRECTION('',(-1.,0.,0.));
#930=AXIS2_PLACEMENT_3D('',#900,#910,#920);
#940=CIRCLE('',#930,0.35);
#950=CARTESIAN_POINT('',(4.35000000000002,-7.20000000000001,0.));
#960=VERTEX_POINT('',#950);
#970=EDGE_CURVE('',#960,#870,#940,.T.);
#980=ORIENTED_EDGE('',*,*,#970,.T.);
#990=EDGE_CURVE('',#960,#670,#650,.T.);
#1000=ORIENTED_EDGE('',*,*,#990,.F.);
#1010=EDGE_LOOP('',(#1000,#980,#890,#800,#710));
#1020=FACE_OUTER_BOUND('',#1010,.T.);
#1030=ADVANCED_FACE('',(#1020),#600,.T.);
#1040=COLOUR_RGB('',0.831372618675232,0.850980460643768,
0.858823597431183);
#1050=FILL_AREA_STYLE_COLOUR('',#1040);
#1060=FILL_AREA_STYLE('',(#1050));
#1070=SURFACE_STYLE_FILL_AREA(#1060);
#1080=SURFACE_SIDE_STYLE('',(#1070));
#1090=SURFACE_STYLE_USAGE(.BOTH.,#1080);
#1100=PRESENTATION_STYLE_ASSIGNMENT((#1090));
#1110=CARTESIAN_POINT('',(0.,-1.,0.));
#1120=DIRECTION('',(0.,1.,0.));
#1130=DIRECTION('',(0.,0.,1.));
#1140=AXIS2_PLACEMENT_3D('',#1110,#1120,#1130);
#1150=CYLINDRICAL_SURFACE('',#1140,8.50000000000001);
#1160=CARTESIAN_POINT('',(0.,-2.220446E-15,0.));
#1170=DIRECTION('',(0.,1.,0.));
#1180=DIRECTION('',(0.,0.,1.));
#1190=AXIS2_PLACEMENT_3D('',#1160,#1170,#1180);
#1200=CIRCLE('',#1190,8.50000000000001);
#1210=CARTESIAN_POINT('',(-8.4951905283833,0.,-0.285898384862296));
#1220=VERTEX_POINT('',#1210);
#1230=CARTESIAN_POINT('',(-8.4951905283833,0.,0.285898384862265));
#1240=VERTEX_POINT('',#1230);
#1250=EDGE_CURVE('',#1220,#1240,#1200,.T.);
#1260=ORIENTED_EDGE('',*,*,#1250,.F.);
#1270=CARTESIAN_POINT('',(-8.4951905283833,-2.,0.285898384862265));
#1280=DIRECTION('',(0.,1.,0.));
#1290=VECTOR('',#1280,2.);
#1300=LINE('',#1270,#1290);
#1310=CARTESIAN_POINT('',(-8.4951905283833,-2.,0.285898384862265));
#1320=VERTEX_POINT('',#1310);
#1330=EDGE_CURVE('',#1320,#1240,#1300,.T.);
#1340=ORIENTED_EDGE('',*,*,#1330,.T.);
#1350=CARTESIAN_POINT('',(0.,-2.,0.));
#1360=DIRECTION('',(0.,1.,0.));
#1370=DIRECTION('',(0.,0.,1.));
#1380=AXIS2_PLACEMENT_3D('',#1350,#1360,#1370);
#1390=CIRCLE('',#1380,8.50000000000001);
#1400=CARTESIAN_POINT('',(-8.4951905283833,-2.,-0.285898384862294));
#1410=VERTEX_POINT('',#1400);
#1420=EDGE_CURVE('',#1410,#1320,#1390,.T.);
#1430=ORIENTED_EDGE('',*,*,#1420,.T.);
#1440=CARTESIAN_POINT('',(-8.4951905283833,0.,-0.285898384862296));
#1450=DIRECTION('',(0.,-1.,0.));
#1460=VECTOR('',#1450,2.);
#1470=LINE('',#1440,#1460);
#1480=EDGE_CURVE('',#1220,#1410,#1470,.T.);
#1490=ORIENTED_EDGE('',*,*,#1480,.T.);
#1500=EDGE_LOOP('',(#1490,#1430,#1340,#1260));
#1510=FACE_OUTER_BOUND('',#1500,.T.);
#1520=ADVANCED_FACE('',(#1510),#1150,.T.);
#1530=COLOUR_RGB('',0.831372618675232,0.850980460643768,
0.858823597431183);
#1540=FILL_AREA_STYLE_COLOUR('',#1530);
#1550=FILL_AREA_STYLE('',(#1540));
#1560=SURFACE_STYLE_FILL_AREA(#1550);
#1570=SURFACE_SIDE_STYLE('',(#1560));
#1580=SURFACE_STYLE_USAGE(.BOTH.,#1570);
#1590=PRESENTATION_STYLE_ASSIGNMENT((#1580));
#1600=CARTESIAN_POINT('',(0.,-7.20000000000001,5.17500000000001));
#1610=DIRECTION('',(0.,-1.,0.));
#1620=DIRECTION('',(0.,0.,-1.));
#1630=AXIS2_PLACEMENT_3D('',#1600,#1610,#1620);
#1640=PLANE('',#1630);
#1650=CARTESIAN_POINT('',(0.,-7.20000000000001,0.));
#1660=DIRECTION('',(0.,1.,0.));
#1670=DIRECTION('',(0.,0.,1.));
#1680=AXIS2_PLACEMENT_3D('',#1650,#1660,#1670);
#1690=CIRCLE('',#1680,6.);
#1700=CARTESIAN_POINT('',(7.34788079488412E-16,-7.20000000000001,-6.));
#1710=VERTEX_POINT('',#1700);
#1720=CARTESIAN_POINT('',(0.,-7.20000000000001,6.));
#1730=VERTEX_POINT('',#1720);
#1740=EDGE_CURVE('',#1710,#1730,#1690,.T.);
#1750=ORIENTED_EDGE('',*,*,#1740,.F.);
#1760=EDGE_CURVE('',#1730,#1710,#1690,.T.);
#1770=ORIENTED_EDGE('',*,*,#1760,.F.);
#1780=EDGE_LOOP('',(#1770,#1750));
#1790=FACE_OUTER_BOUND('',#1780,.T.);
#1800=EDGE_CURVE('',#690,#960,#650,.T.);
#1810=ORIENTED_EDGE('',*,*,#1800,.T.);
#1820=ORIENTED_EDGE('',*,*,#700,.T.);
#1830=ORIENTED_EDGE('',*,*,#990,.T.);
#1840=EDGE_LOOP('',(#1830,#1820,#1810));
#1850=FACE_BOUND('',#1840,.T.);
#1860=ADVANCED_FACE('',(#1790,#1850),#1640,.T.);
#1870=COLOUR_RGB('',0.831372618675232,0.850980460643768,
0.858823597431183);
#1880=FILL_AREA_STYLE_COLOUR('',#1870);
#1890=FILL_AREA_STYLE('',(#1880));
#1900=SURFACE_STYLE_FILL_AREA(#1890);
#1910=SURFACE_SIDE_STYLE('',(#1900));
#1920=SURFACE_STYLE_USAGE(.BOTH.,#1910);
#1930=PRESENTATION_STYLE_ASSIGNMENT((#1920));
#1940=CARTESIAN_POINT('',(0.,-12.2,6.12499999999999));
#1950=DIRECTION('',(0.,-1.,0.));
#1960=DIRECTION('',(0.,0.,-1.));
#1970=AXIS2_PLACEMENT_3D('',#1940,#1950,#1960);
#1980=PLANE('',#1970);
#1990=CARTESIAN_POINT('',(0.,-12.2,0.));
#2000=DIRECTION('',(0.,1.,0.));
#2010=DIRECTION('',(0.,0.,1.));
#2020=AXIS2_PLACEMENT_3D('',#1990,#2000,#2010);
#2030=CIRCLE('',#2020,6.24999999999998);
#2040=CARTESIAN_POINT('',(7.65404249467094E-16,-12.2,-6.24999999999998))
;
#2050=VERTEX_POINT('',#2040);
#2060=CARTESIAN_POINT('',(0.,-12.2,6.24999999999998));
#2070=VERTEX_POINT('',#2060);
#2080=EDGE_CURVE('',#2050,#2070,#2030,.T.);
#2090=ORIENTED_EDGE('',*,*,#2080,.F.);
#2100=EDGE_CURVE('',#2070,#2050,#2030,.T.);
#2110=ORIENTED_EDGE('',*,*,#2100,.F.);
#2120=EDGE_LOOP('',(#2110,#2090));
#2130=FACE_OUTER_BOUND('',#2120,.T.);
#2140=CARTESIAN_POINT('',(0.,-12.2,0.));
#2150=DIRECTION('',(0.,1.,0.));
#2160=DIRECTION('',(0.,0.,1.));
#2170=AXIS2_PLACEMENT_3D('',#2140,#2150,#2160);
#2180=CIRCLE('',#2170,6.);
#2190=CARTESIAN_POINT('',(0.,-12.2,6.));
#2200=VERTEX_POINT('',#2190);
#2210=CARTESIAN_POINT('',(7.34788079488412E-16,-12.2,-6.));
#2220=VERTEX_POINT('',#2210);
#2230=EDGE_CURVE('',#2200,#2220,#2180,.T.);
#2240=ORIENTED_EDGE('',*,*,#2230,.T.);
#2250=EDGE_CURVE('',#2220,#2200,#2180,.T.);
#2260=ORIENTED_EDGE('',*,*,#2250,.T.);
#2270=EDGE_LOOP('',(#2260,#2240));
#2280=FACE_BOUND('',#2270,.T.);
#2290=ADVANCED_FACE('',(#2130,#2280),#1980,.T.);
#2300=COLOUR_RGB('',0.831372618675232,0.850980460643768,
0.858823597431183);
#2310=FILL_AREA_STYLE_COLOUR('',#2300);
#2320=FILL_AREA_STYLE('',(#2310));
#2330=SURFACE_STYLE_FILL_AREA(#2320);
#2340=SURFACE_SIDE_STYLE('',(#2330));
#2350=SURFACE_STYLE_USAGE(.BOTH.,#2340);
#2360=PRESENTATION_STYLE_ASSIGNMENT((#2350));
#2370=CARTESIAN_POINT('',(0.,-1.,0.));
#2380=DIRECTION('',(0.,1.,0.));
#2390=DIRECTION('',(0.,0.,1.));
#2400=AXIS2_PLACEMENT_3D('',#2370,#2380,#2390);
#2410=CYLINDRICAL_SURFACE('',#2400,8.50000000000001);
#2420=CARTESIAN_POINT('',(0.,-2.220446E-15,0.));
#2430=DIRECTION('',(0.,1.,0.));
#2440=DIRECTION('',(0.,0.,1.));
#2450=AXIS2_PLACEMENT_3D('',#2420,#2430,#2440);
#2460=CIRCLE('',#2450,8.50000000000001);
#2470=CARTESIAN_POINT('',(4.49519052838324,0.,-7.2141016151378));
#2480=VERTEX_POINT('',#2470);
#2490=CARTESIAN_POINT('',(4.,0.,-7.50000000000001));
#2500=VERTEX_POINT('',#2490);
#2510=EDGE_CURVE('',#2480,#2500,#2460,.T.);
#2520=ORIENTED_EDGE('',*,*,#2510,.F.);
#2530=CARTESIAN_POINT('',(4.,-2.,-7.50000000000001));
#2540=DIRECTION('',(0.,1.,0.));
#2550=VECTOR('',#2540,2.);
#2560=LINE('',#2530,#2550);
#2570=CARTESIAN_POINT('',(4.,-2.,-7.50000000000001));
#2580=VERTEX_POINT('',#2570);
#2590=EDGE_CURVE('',#2580,#2500,#2560,.T.);
#2600=ORIENTED_EDGE('',*,*,#2590,.T.);
#2610=CARTESIAN_POINT('',(0.,-2.,0.));
#2620=DIRECTION('',(0.,1.,0.));
#2630=DIRECTION('',(0.,0.,1.));
#2640=AXIS2_PLACEMENT_3D('',#2610,#2620,#2630);
#2650=CIRCLE('',#2640,8.50000000000001);
#2660=CARTESIAN_POINT('',(4.49519052838324,-2.,-7.2141016151378));
#2670=VERTEX_POINT('',#2660);
#2680=EDGE_CURVE('',#2670,#2580,#2650,.T.);
#2690=ORIENTED_EDGE('',*,*,#2680,.T.);
#2700=CARTESIAN_POINT('',(4.49519052838324,0.,-7.2141016151378));
#2710=DIRECTION('',(0.,-1.,0.));
#2720=VECTOR('',#2710,2.);
#2730=LINE('',#2700,#2720);
#2740=EDGE_CURVE('',#2480,#2670,#2730,.T.);
#2750=ORIENTED_EDGE('',*,*,#2740,.T.);
#2760=EDGE_LOOP('',(#2750,#2690,#2600,#2520));
#2770=FACE_OUTER_BOUND('',#2760,.T.);
#2780=ADVANCED_FACE('',(#2770),#2410,.T.);
#2790=COLOUR_RGB('',0.831372618675232,0.850980460643768,
0.858823597431183);
#2800=FILL_AREA_STYLE_COLOUR('',#2790);
#2810=FILL_AREA_STYLE('',(#2800));
#2820=SURFACE_STYLE_FILL_AREA(#2810);
#2830=SURFACE_SIDE_STYLE('',(#2820));
#2840=SURFACE_STYLE_USAGE(.BOTH.,#2830);
#2850=PRESENTATION_STYLE_ASSIGNMENT((#2840));
#2860=CARTESIAN_POINT('',(0.,-9.70000000000001,0.));
#2870=DIRECTION('',(0.,1.,0.));
#2880=DIRECTION('',(0.,0.,1.));
#2890=AXIS2_PLACEMENT_3D('',#2860,#2870,#2880);
#2900=CYLINDRICAL_SURFACE('',#2890,6.);
#2910=CARTESIAN_POINT('',(0.,-9.70000000000001,6.));
#2920=DIRECTION('',(0.,1.,0.));
#2930=VECTOR('',#2920,1.);
#2940=LINE('',#2910,#2930);
#2950=EDGE_CURVE('',#2200,#1730,#2940,.T.);
#2960=ORIENTED_EDGE('',*,*,#2950,.T.);
#2970=ORIENTED_EDGE('',*,*,#2230,.F.);
#2980=CARTESIAN_POINT('',(7.34788079488412E-16,-9.70000000000001,-6.));
#2990=DIRECTION('',(0.,1.,0.));
#3000=VECTOR('',#2990,1.);
#3010=LINE('',#2980,#3000);
#3020=EDGE_CURVE('',#2220,#1710,#3010,.T.);
#3030=ORIENTED_EDGE('',*,*,#3020,.F.);
#3040=ORIENTED_EDGE('',*,*,#1760,.T.);
#3050=EDGE_LOOP('',(#3040,#3030,#2970,#2960));
#3060=FACE_OUTER_BOUND('',#3050,.T.);
#3070=ADVANCED_FACE('',(#3060),#2900,.F.);
#3080=COLOUR_RGB('',0.831372618675232,0.850980460643768,
0.858823597431183);
#3090=FILL_AREA_STYLE_COLOUR('',#3080);
#3100=FILL_AREA_STYLE('',(#3090));
#3110=SURFACE_STYLE_FILL_AREA(#3100);
#3120=SURFACE_SIDE_STYLE('',(#3110));
#3130=SURFACE_STYLE_USAGE(.BOTH.,#3120);
#3140=PRESENTATION_STYLE_ASSIGNMENT((#3130));
#3150=CARTESIAN_POINT('',(4.33012701892216,0.,7.49999999999999));
#3160=DIRECTION('',(0.866025403784439,-0.,0.5));
#3170=DIRECTION('',(0.5,0.,-0.866025403784439));
#3180=AXIS2_PLACEMENT_3D('',#3150,#3160,#3170);
#3190=PLANE('',#3180);
#3200=CARTESIAN_POINT('',(4.49519052838322,0.,7.21410161513781));
#3210=DIRECTION('',(0.5,0.,-0.866025403784439));
#3220=VECTOR('',#3210,8.00000000000016);
#3230=LINE('',#3200,#3220);
#3240=CARTESIAN_POINT('',(4.49519052838322,0.,7.21410161513781));
#3250=VERTEX_POINT('',#3240);
#3260=CARTESIAN_POINT('',(8.4951905283833,0.,0.285898384862161));
#3270=VERTEX_POINT('',#3260);
#3280=EDGE_CURVE('',#3250,#3270,#3230,.T.);
#3290=ORIENTED_EDGE('',*,*,#3280,.F.);
#3300=CARTESIAN_POINT('',(8.4951905283833,0.,0.285898384862161));
#3310=DIRECTION('',(0.,-1.,0.));
#3320=VECTOR('',#3310,2.);
#3330=LINE('',#3300,#3320);
#3340=CARTESIAN_POINT('',(8.4951905283833,-2.,0.28589838486216));
#3350=VERTEX_POINT('',#3340);
#3360=EDGE_CURVE('',#3270,#3350,#3330,.T.);
#3370=ORIENTED_EDGE('',*,*,#3360,.F.);
#3380=CARTESIAN_POINT('',(8.4951905283833,-2.,0.28589838486216));
#3390=DIRECTION('',(-0.5,0.,0.866025403784438));
#3400=VECTOR('',#3390,8.00000000000016);
#3410=LINE('',#3380,#3400);
#3420=CARTESIAN_POINT('',(4.49519052838322,-2.,7.21410161513781));
#3430=VERTEX_POINT('',#3420);
#3440=EDGE_CURVE('',#3350,#3430,#3410,.T.);
#3450=ORIENTED_EDGE('',*,*,#3440,.F.);
#3460=CARTESIAN_POINT('',(4.49519052838322,-2.,7.21410161513781));
#3470=DIRECTION('',(0.,1.,0.));
#3480=VECTOR('',#3470,2.);
#3490=LINE('',#3460,#3480);
#3500=EDGE_CURVE('',#3430,#3250,#3490,.T.);
#3510=ORIENTED_EDGE('',*,*,#3500,.F.);
#3520=EDGE_LOOP('',(#3510,#3450,#3370,#3290));
#3530=FACE_OUTER_BOUND('',#3520,.T.);
#3540=ADVANCED_FACE('',(#3530),#3190,.T.);
#3550=COLOUR_RGB('',0.831372618675232,0.850980460643768,
0.858823597431183);
#3560=FILL_AREA_STYLE_COLOUR('',#3550);
#3570=FILL_AREA_STYLE('',(#3560));
#3580=SURFACE_STYLE_FILL_AREA(#3570);
#3590=SURFACE_SIDE_STYLE('',(#3580));
#3600=SURFACE_STYLE_USAGE(.BOTH.,#3590);
#3610=PRESENTATION_STYLE_ASSIGNMENT((#3600));
#3620=CARTESIAN_POINT('',(0.,-2.6,0.));
#3630=DIRECTION('',(0.,1.,0.));
#3640=DIRECTION('',(0.,0.,1.));
#3650=AXIS2_PLACEMENT_3D('',#3620,#3630,#3640);
#3660=CYLINDRICAL_SURFACE('',#3650,6.24999999999998);
#3670=CARTESIAN_POINT('',(7.65404249467094E-16,-2.6,-6.24999999999998));
#3680=DIRECTION('',(0.,1.,0.));
#3690=VECTOR('',#3680,1.);
#3700=LINE('',#3670,#3690);
#3710=CARTESIAN_POINT('',(7.65404249467094E-16,-5.8,-6.24999999999998));
#3720=VERTEX_POINT('',#3710);
#3730=EDGE_CURVE('',#2050,#3720,#3700,.T.);
#3740=ORIENTED_EDGE('',*,*,#3730,.T.);
#3750=ORIENTED_EDGE('',*,*,#2100,.T.);
#3760=CARTESIAN_POINT('',(0.,-2.6,6.24999999999998));
#3770=DIRECTION('',(0.,1.,0.));
#3780=VECTOR('',#3770,1.);
#3790=LINE('',#3760,#3780);
#3800=CARTESIAN_POINT('',(0.,-5.8,6.24999999999998));
#3810=VERTEX_POINT('',#3800);
#3820=EDGE_CURVE('',#2070,#3810,#3790,.T.);
#3830=ORIENTED_EDGE('',*,*,#3820,.F.);
#3840=CARTESIAN_POINT('',(0.,-5.8,0.));
#3850=DIRECTION('',(0.,1.,0.));
#3860=DIRECTION('',(0.,0.,1.));
#3870=AXIS2_PLACEMENT_3D('',#3840,#3850,#3860);
#3880=CIRCLE('',#3870,6.24999999999998);
#3890=EDGE_CURVE('',#3810,#3720,#3880,.T.);
#3900=ORIENTED_EDGE('',*,*,#3890,.F.);
#3910=EDGE_LOOP('',(#3900,#3830,#3750,#3740));
#3920=FACE_OUTER_BOUND('',#3910,.T.);
#3930=ADVANCED_FACE('',(#3920),#3660,.T.);
#3940=COLOUR_RGB('',0.831372618675232,0.850980460643768,
0.858823597431183);
#3950=FILL_AREA_STYLE_COLOUR('',#3940);
#3960=FILL_AREA_STYLE('',(#3950));
#3970=SURFACE_STYLE_FILL_AREA(#3960);
#3980=SURFACE_SIDE_STYLE('',(#3970));
#3990=SURFACE_STYLE_USAGE(.BOTH.,#3980);
#4000=PRESENTATION_STYLE_ASSIGNMENT((#3990));
#4010=CARTESIAN_POINT('',(0.,-2.6,0.));
#4020=DIRECTION('',(0.,1.,0.));
#4030=DIRECTION('',(0.,0.,1.));
#4040=AXIS2_PLACEMENT_3D('',#4010,#4020,#4030);
#4050=CYLINDRICAL_SURFACE('',#4040,6.24999999999998);
#4060=CARTESIAN_POINT('',(0.,-2.6,6.24999999999998));
#4070=DIRECTION('',(0.,1.,0.));
#4080=VECTOR('',#4070,1.);
#4090=LINE('',#4060,#4080);
#4100=CARTESIAN_POINT('',(0.,-2.8,6.24999999999998));
#4110=VERTEX_POINT('',#4100);
#4120=CARTESIAN_POINT('',(0.,-2.4,6.24999999999998));
#4130=VERTEX_POINT('',#4120);
#4140=EDGE_CURVE('',#4110,#4130,#4090,.T.);
#4150=ORIENTED_EDGE('',*,*,#4140,.F.);
#4160=CARTESIAN_POINT('',(0.,-2.4,0.));
#4170=DIRECTION('',(0.,1.,0.));
#4180=DIRECTION('',(1.,0.,0.));
#4190=AXIS2_PLACEMENT_3D('',#4160,#4170,#4180);
#4200=CIRCLE('',#4190,6.24999999999998);
#4210=CARTESIAN_POINT('',(6.24999999999998,-2.4,0.));
#4220=VERTEX_POINT('',#4210);
#4230=EDGE_CURVE('',#4130,#4220,#4200,.T.);
#4240=ORIENTED_EDGE('',*,*,#4230,.F.);
#4250=CARTESIAN_POINT('',(7.65404249467094E-16,-2.4,-6.24999999999998));
#4260=VERTEX_POINT('',#4250);
#4270=EDGE_CURVE('',#4220,#4260,#4200,.T.);
#4280=ORIENTED_EDGE('',*,*,#4270,.F.);
#4290=CARTESIAN_POINT('',(7.65404249467094E-16,-2.6,-6.24999999999998));
#4300=DIRECTION('',(0.,1.,0.));
#4310=VECTOR('',#4300,1.);
#4320=LINE('',#4290,#4310);
#4330=CARTESIAN_POINT('',(7.65404249467094E-16,-2.8,-6.24999999999998));
#4340=VERTEX_POINT('',#4330);
#4350=EDGE_CURVE('',#4340,#4260,#4320,.T.);
#4360=ORIENTED_EDGE('',*,*,#4350,.T.);
#4370=CARTESIAN_POINT('',(0.,-2.8,0.));
#4380=DIRECTION('',(0.,1.,0.));
#4390=DIRECTION('',(0.,0.,1.));
#4400=AXIS2_PLACEMENT_3D('',#4370,#4380,#4390);
#4410=CIRCLE('',#4400,6.24999999999998);
#4420=EDGE_CURVE('',#4110,#4340,#4410,.T.);
#4430=ORIENTED_EDGE('',*,*,#4420,.T.);
#4440=EDGE_LOOP('',(#4430,#4360,#4280,#4240,#4150));
#4450=FACE_OUTER_BOUND('',#4440,.T.);
#4460=ADVANCED_FACE('',(#4450),#4050,.T.);
#4470=COLOUR_RGB('',0.831372618675232,0.850980460643768,
0.858823597431183);
#4480=FILL_AREA_STYLE_COLOUR('',#4470);
#4490=FILL_AREA_STYLE('',(#4480));
#4500=SURFACE_STYLE_FILL_AREA(#4490);
#4510=SURFACE_SIDE_STYLE('',(#4500));
#4520=SURFACE_STYLE_USAGE(.BOTH.,#4510);
#4530=PRESENTATION_STYLE_ASSIGNMENT((#4520));
#4540=CARTESIAN_POINT('',(0.,2.,0.));
#4550=DIRECTION('',(0.,1.,0.));
#4560=DIRECTION('',(1.,0.,0.));
#4570=AXIS2_PLACEMENT_3D('',#4540,#4550,#4560);
#4580=CYLINDRICAL_SURFACE('',#4570,0.65);
#4590=CARTESIAN_POINT('',(-0.65,2.,-7.9602041944578E-17));
#4600=DIRECTION('',(0.,1.,0.));
#4610=VECTOR('',#4600,1.);
#4620=LINE('',#4590,#4610);
#4630=CARTESIAN_POINT('',(-0.65,2.,-7.9602041944578E-17));
#4640=VERTEX_POINT('',#4630);
#4650=CARTESIAN_POINT('',(-0.65,4.2,-7.9602041944578E-17));
#4660=VERTEX_POINT('',#4650);
#4670=EDGE_CURVE('',#4640,#4660,#4620,.T.);
#4680=ORIENTED_EDGE('',*,*,#4670,.F.);
#4690=CARTESIAN_POINT('',(0.,4.2,0.));
#4700=DIRECTION('',(0.,-1.,0.));
#4710=DIRECTION('',(1.,0.,0.));
#4720=AXIS2_PLACEMENT_3D('',#4690,#4700,#4710);
#4730=CIRCLE('',#4720,0.65);
#4740=CARTESIAN_POINT('',(0.65,4.2,0.));
#4750=VERTEX_POINT('',#4740);
#4760=EDGE_CURVE('',#4660,#4750,#4730,.T.);
#4770=ORIENTED_EDGE('',*,*,#4760,.F.);
#4780=CARTESIAN_POINT('',(0.65,2.,0.));
#4790=DIRECTION('',(0.,1.,0.));
#4800=VECTOR('',#4790,1.);
#4810=LINE('',#4780,#4800);
#4820=CARTESIAN_POINT('',(0.65,2.,0.));
#4830=VERTEX_POINT('',#4820);
#4840=EDGE_CURVE('',#4830,#4750,#4810,.T.);
#4850=ORIENTED_EDGE('',*,*,#4840,.T.);
#4860=CARTESIAN_POINT('',(0.,2.,0.));
#4870=DIRECTION('',(0.,1.,0.));
#4880=DIRECTION('',(1.,0.,0.));
#4890=AXIS2_PLACEMENT_3D('',#4860,#4870,#4880);
#4900=CIRCLE('',#4890,0.65);
#4910=EDGE_CURVE('',#4830,#4640,#4900,.T.);
#4920=ORIENTED_EDGE('',*,*,#4910,.F.);
#4930=EDGE_LOOP('',(#4920,#4850,#4770,#4680));
#4940=FACE_OUTER_BOUND('',#4930,.T.);
#4950=ADVANCED_FACE('',(#4940),#4580,.F.);
#4960=COLOUR_RGB('',0.831372618675232,0.850980460643768,
0.858823597431183);
#4970=FILL_AREA_STYLE_COLOUR('',#4960);
#4980=FILL_AREA_STYLE('',(#4970));
#4990=SURFACE_STYLE_FILL_AREA(#4980);
#5000=SURFACE_SIDE_STYLE('',(#4990));
#5010=SURFACE_STYLE_USAGE(.BOTH.,#5000);
#5020=PRESENTATION_STYLE_ASSIGNMENT((#5010));
#5030=CARTESIAN_POINT('',(-7.5,0.,-6.5));
#5040=DIRECTION('',(0.,1.,0.));
#5050=DIRECTION('',(1.,0.,0.));
#5060=AXIS2_PLACEMENT_3D('',#5030,#5040,#5050);
#5070=CYLINDRICAL_SURFACE('',#5060,1.);
#5080=CARTESIAN_POINT('',(-6.5,0.,-6.5));
#5090=DIRECTION('',(0.,1.,0.));
#5100=VECTOR('',#5090,1.);
#5110=LINE('',#5080,#5100);
#5120=CARTESIAN_POINT('',(-6.5,8.,-6.5));
#5130=VERTEX_POINT('',#5120);
#5140=CARTESIAN_POINT('',(-6.5,10.,-6.5));
#5150=VERTEX_POINT('',#5140);
#5160=EDGE_CURVE('',#5130,#5150,#5110,.T.);
#5170=ORIENTED_EDGE('',*,*,#5160,.T.);
#5180=CARTESIAN_POINT('',(-7.5,8.,-6.5));
#5190=DIRECTION('',(0.,-1.,0.));
#5200=DIRECTION('',(1.,0.,0.));
#5210=AXIS2_PLACEMENT_3D('',#5180,#5190,#5200);
#5220=CIRCLE('',#5210,1.);
#5230=CARTESIAN_POINT('',(-8.5,8.,-6.5));
#5240=VERTEX_POINT('',#5230);
#5250=EDGE_CURVE('',#5130,#5240,#5220,.T.);
#5260=ORIENTED_EDGE('',*,*,#5250,.F.);
#5270=CARTESIAN_POINT('',(-8.5,0.,-6.5));
#5280=DIRECTION('',(0.,1.,0.));
#5290=VECTOR('',#5280,1.);
#5300=LINE('',#5270,#5290);
#5310=CARTESIAN_POINT('',(-8.5,10.,-6.5));
#5320=VERTEX_POINT('',#5310);
#5330=EDGE_CURVE('',#5240,#5320,#5300,.T.);
#5340=ORIENTED_EDGE('',*,*,#5330,.F.);
#5350=CARTESIAN_POINT('',(-7.5,10.,-6.5));
#5360=DIRECTION('',(0.,-1.,0.));
#5370=DIRECTION('',(1.,0.,0.));
#5380=AXIS2_PLACEMENT_3D('',#5350,#5360,#5370);
#5390=CIRCLE('',#5380,1.);
#5400=EDGE_CURVE('',#5150,#5320,#5390,.T.);
#5410=ORIENTED_EDGE('',*,*,#5400,.T.);
#5420=EDGE_LOOP('',(#5410,#5340,#5260,#5170));
#5430=FACE_OUTER_BOUND('',#5420,.T.);
#5440=ADVANCED_FACE('',(#5430),#5070,.T.);
#5450=COLOUR_RGB('',0.831372618675232,0.850980460643768,
0.858823597431183);
#5460=FILL_AREA_STYLE_COLOUR('',#5450);
#5470=FILL_AREA_STYLE('',(#5460));
#5480=SURFACE_STYLE_FILL_AREA(#5470);
#5490=SURFACE_SIDE_STYLE('',(#5480));
#5500=SURFACE_STYLE_USAGE(.BOTH.,#5490);
#5510=PRESENTATION_STYLE_ASSIGNMENT((#5500));
#5520=CARTESIAN_POINT('',(7.5,0.,-6.5));
#5530=DIRECTION('',(0.,1.,0.));
#5540=DIRECTION('',(1.,0.,0.));
#5550=AXIS2_PLACEMENT_3D('',#5520,#5530,#5540);
#5560=CYLINDRICAL_SURFACE('',#5550,1.);
#5570=CARTESIAN_POINT('',(6.5,0.,-6.5));
#5580=DIRECTION('',(0.,1.,0.));
#5590=VECTOR('',#5580,1.);
#5600=LINE('',#5570,#5590);
#5610=CARTESIAN_POINT('',(6.5,8.,-6.5));
#5620=VERTEX_POINT('',#5610);
#5630=CARTESIAN_POINT('',(6.5,10.,-6.5));
#5640=VERTEX_POINT('',#5630);
#5650=EDGE_CURVE('',#5620,#5640,#5600,.T.);
#5660=ORIENTED_EDGE('',*,*,#5650,.T.);
#5670=CARTESIAN_POINT('',(7.5,8.,-6.5));
#5680=DIRECTION('',(0.,-1.,0.));
#5690=DIRECTION('',(1.,0.,0.));
#5700=AXIS2_PLACEMENT_3D('',#5670,#5680,#5690);
#5710=CIRCLE('',#5700,1.);
#5720=CARTESIAN_POINT('',(8.5,8.,-6.5));
#5730=VERTEX_POINT('',#5720);
#5740=EDGE_CURVE('',#5620,#5730,#5710,.T.);
#5750=ORIENTED_EDGE('',*,*,#5740,.F.);
#5760=CARTESIAN_POINT('',(8.5,0.,-6.5));
#5770=DIRECTION('',(0.,1.,0.));
#5780=VECTOR('',#5770,1.);
#5790=LINE('',#5760,#5780);
#5800=CARTESIAN_POINT('',(8.5,10.,-6.5));
#5810=VERTEX_POINT('',#5800);
#5820=EDGE_CURVE('',#5730,#5810,#5790,.T.);
#5830=ORIENTED_EDGE('',*,*,#5820,.F.);
#5840=CARTESIAN_POINT('',(7.5,10.,-6.5));
#5850=DIRECTION('',(0.,-1.,0.));
#5860=DIRECTION('',(1.,0.,0.));
#5870=AXIS2_PLACEMENT_3D('',#5840,#5850,#5860);
#5880=CIRCLE('',#5870,1.);
#5890=EDGE_CURVE('',#5640,#5810,#5880,.T.);
#5900=ORIENTED_EDGE('',*,*,#5890,.T.);
#5910=EDGE_LOOP('',(#5900,#5830,#5750,#5660));
#5920=FACE_OUTER_BOUND('',#5910,.T.);
#5930=ADVANCED_FACE('',(#5920),#5560,.T.);
#5940=COLOUR_RGB('',0.831372618675232,0.850980460643768,
0.858823597431183);
#5950=FILL_AREA_STYLE_COLOUR('',#5940);
#5960=FILL_AREA_STYLE('',(#5950));
#5970=SURFACE_STYLE_FILL_AREA(#5960);
#5980=SURFACE_SIDE_STYLE('',(#5970));
#5990=SURFACE_STYLE_USAGE(.BOTH.,#5980);
#6000=PRESENTATION_STYLE_ASSIGNMENT((#5990));
#6010=CARTESIAN_POINT('',(0.,1.,0.));
#6020=DIRECTION('',(0.,0.,-1.));
#6030=DIRECTION('',(-1.,0.,0.));
#6040=AXIS2_PLACEMENT_3D('',#6010,#6020,#6030);
#6050=CYLINDRICAL_SURFACE('',#6040,0.5);
#6060=CARTESIAN_POINT('',(0.5,1.,0.));
#6070=DIRECTION('',(0.,0.,-1.));
#6080=VECTOR('',#6070,1.);
#6090=LINE('',#6060,#6080);
#6100=CARTESIAN_POINT('',(0.5,1.,-7.7));
#6110=VERTEX_POINT('',#6100);
#6120=CARTESIAN_POINT('',(0.5,1.,-8.5));
#6130=VERTEX_POINT('',#6120);
#6140=EDGE_CURVE('',#6110,#6130,#6090,.T.);
#6150=ORIENTED_EDGE('',*,*,#6140,.F.);
#6160=CARTESIAN_POINT('',(0.,1.,-8.5));
#6170=DIRECTION('',(0.,0.,1.));
#6180=DIRECTION('',(-1.,0.,0.));
#6190=AXIS2_PLACEMENT_3D('',#6160,#6170,#6180);
#6200=CIRCLE('',#6190,0.5);
#6210=CARTESIAN_POINT('',(-0.5,1.,-8.5));
#6220=VERTEX_POINT('',#6210);
#6230=EDGE_CURVE('',#6220,#6130,#6200,.T.);
#6240=ORIENTED_EDGE('',*,*,#6230,.T.);
#6250=CARTESIAN_POINT('',(-0.5,1.,0.));
#6260=DIRECTION('',(0.,0.,-1.));
#6270=VECTOR('',#6260,1.);
#6280=LINE('',#6250,#6270);
#6290=CARTESIAN_POINT('',(-0.5,1.,-7.7));
#6300=VERTEX_POINT('',#6290);
#6310=EDGE_CURVE('',#6300,#6220,#6280,.T.);
#6320=ORIENTED_EDGE('',*,*,#6310,.T.);
#6330=CARTESIAN_POINT('',(0.,1.,-7.7));
#6340=DIRECTION('',(0.,0.,1.));
#6350=DIRECTION('',(-1.,0.,0.));
#6360=AXIS2_PLACEMENT_3D('',#6330,#6340,#6350);
#6370=CIRCLE('',#6360,0.5);
#6380=EDGE_CURVE('',#6300,#6110,#6370,.T.);
#6390=ORIENTED_EDGE('',*,*,#6380,.F.);
#6400=EDGE_LOOP('',(#6390,#6320,#6240,#6150));
#6410=FACE_OUTER_BOUND('',#6400,.T.);
#6420=ADVANCED_FACE('',(#6410),#6050,.T.);
#6430=COLOUR_RGB('',0.831372618675232,0.850980460643768,
0.858823597431183);
#6440=FILL_AREA_STYLE_COLOUR('',#6430);
#6450=FILL_AREA_STYLE('',(#6440));
#6460=SURFACE_STYLE_FILL_AREA(#6450);
#6470=SURFACE_SIDE_STYLE('',(#6460));
#6480=SURFACE_STYLE_USAGE(.BOTH.,#6470);
#6490=PRESENTATION_STYLE_ASSIGNMENT((#6480));
#6500=CARTESIAN_POINT('',(-1.76776695296637,2.,1.76776695296637));
#6510=DIRECTION('',(0.,1.,0.));
#6520=DIRECTION('',(1.,0.,0.));
#6530=AXIS2_PLACEMENT_3D('',#6500,#6510,#6520);
#6540=CYLINDRICAL_SURFACE('',#6530,0.5);
#6550=CARTESIAN_POINT('',(-1.76776695296637,9.6,1.76776695296637));
#6560=DIRECTION('',(0.,1.,0.));
#6570=DIRECTION('',(1.,0.,0.));
#6580=AXIS2_PLACEMENT_3D('',#6550,#6560,#6570);
#6590=CIRCLE('',#6580,0.5);
#6600=CARTESIAN_POINT('',(-1.76776695296637,9.6,1.26776695296637));
#6610=VERTEX_POINT('',#6600);
#6620=CARTESIAN_POINT('',(-2.26776695296637,9.6,1.76776695296637));
#6630=VERTEX_POINT('',#6620);
#6640=EDGE_CURVE('',#6610,#6630,#6590,.T.);
#6650=ORIENTED_EDGE('',*,*,#6640,.F.);
#6660=CARTESIAN_POINT('',(-2.26776695296637,2.,1.76776695296637));
#6670=DIRECTION('',(0.,1.,0.));
#6680=VECTOR('',#6670,1.);
#6690=LINE('',#6660,#6680);
#6700=CARTESIAN_POINT('',(-2.26776695296637,4.2,1.76776695296637));
#6710=VERTEX_POINT('',#6700);
#6720=EDGE_CURVE('',#6710,#6630,#6690,.T.);
#6730=ORIENTED_EDGE('',*,*,#6720,.T.);
#6740=CARTESIAN_POINT('',(-1.76776695296637,4.2,1.76776695296637));
#6750=DIRECTION('',(0.,-1.,0.));
#6760=DIRECTION('',(1.,0.,0.));
#6770=AXIS2_PLACEMENT_3D('',#6740,#6750,#6760);
#6780=CIRCLE('',#6770,0.5);
#6790=CARTESIAN_POINT('',(-1.26776695296637,4.2,1.76776695296637));
#6800=VERTEX_POINT('',#6790);
#6810=EDGE_CURVE('',#6710,#6800,#6780,.T.);
#6820=ORIENTED_EDGE('',*,*,#6810,.F.);
#6830=CARTESIAN_POINT('',(-1.26776695296637,2.,1.76776695296637));
#6840=DIRECTION('',(0.,1.,0.));
#6850=VECTOR('',#6840,1.);
#6860=LINE('',#6830,#6850);
#6870=CARTESIAN_POINT('',(-1.26776695296637,9.6,1.76776695296637));
#6880=VERTEX_POINT('',#6870);
#6890=EDGE_CURVE('',#6800,#6880,#6860,.T.);
#6900=ORIENTED_EDGE('',*,*,#6890,.F.);
#6910=EDGE_CURVE('',#6880,#6610,#6590,.T.);
#6920=ORIENTED_EDGE('',*,*,#6910,.F.);
#6930=EDGE_LOOP('',(#6920,#6900,#6820,#6730,#6650));
#6940=FACE_OUTER_BOUND('',#6930,.T.);
#6950=ADVANCED_FACE('',(#6940),#6540,.T.);
#6960=COLOUR_RGB('',0.831372618675232,0.850980460643768,
0.858823597431183);
#6970=FILL_AREA_STYLE_COLOUR('',#6960);
#6980=FILL_AREA_STYLE('',(#6970));
#6990=SURFACE_STYLE_FILL_AREA(#6980);
#7000=SURFACE_SIDE_STYLE('',(#6990));
#7010=SURFACE_STYLE_USAGE(.BOTH.,#7000);
#7020=PRESENTATION_STYLE_ASSIGNMENT((#7010));
#7030=CARTESIAN_POINT('',(-1.76776695296637,2.,-1.76776695296637));
#7040=DIRECTION('',(0.,1.,0.));
#7050=DIRECTION('',(1.,0.,0.));
#7060=AXIS2_PLACEMENT_3D('',#7030,#7040,#7050);
#7070=CYLINDRICAL_SURFACE('',#7060,0.5);
#7080=CARTESIAN_POINT('',(-1.26776695296637,2.,-1.76776695296637));
#7090=DIRECTION('',(0.,1.,0.));
#7100=VECTOR('',#7090,1.);
#7110=LINE('',#7080,#7100);
#7120=CARTESIAN_POINT('',(-1.26776695296637,4.2,-1.76776695296637));
#7130=VERTEX_POINT('',#7120);
#7140=CARTESIAN_POINT('',(-1.26776695296637,9.6,-1.76776695296637));
#7150=VERTEX_POINT('',#7140);
#7160=EDGE_CURVE('',#7130,#7150,#7110,.T.);
#7170=ORIENTED_EDGE('',*,*,#7160,.F.);
#7180=CARTESIAN_POINT('',(-1.76776695296637,9.6,-1.76776695296637));
#7190=DIRECTION('',(0.,1.,0.));
#7200=DIRECTION('',(1.,0.,0.));
#7210=AXIS2_PLACEMENT_3D('',#7180,#7190,#7200);
#7220=CIRCLE('',#7210,0.5);
#7230=CARTESIAN_POINT('',(-1.76776695296637,9.6,-2.26776695296637));
#7240=VERTEX_POINT('',#7230);
#7250=EDGE_CURVE('',#7150,#7240,#7220,.T.);
#7260=ORIENTED_EDGE('',*,*,#7250,.F.);
#7270=CARTESIAN_POINT('',(-2.26776695296637,9.6,-1.76776695296637));
#7280=VERTEX_POINT('',#7270);
#7290=EDGE_CURVE('',#7240,#7280,#7220,.T.);
#7300=ORIENTED_EDGE('',*,*,#7290,.F.);
#7310=CARTESIAN_POINT('',(-2.26776695296637,2.,-1.76776695296637));
#7320=DIRECTION('',(0.,1.,0.));
#7330=VECTOR('',#7320,1.);
#7340=LINE('',#7310,#7330);
#7350=CARTESIAN_POINT('',(-2.26776695296637,4.2,-1.76776695296637));
#7360=VERTEX_POINT('',#7350);
#7370=EDGE_CURVE('',#7360,#7280,#7340,.T.);
#7380=ORIENTED_EDGE('',*,*,#7370,.T.);
#7390=CARTESIAN_POINT('',(-1.76776695296637,4.2,-1.76776695296637));
#7400=DIRECTION('',(0.,-1.,0.));
#7410=DIRECTION('',(1.,0.,0.));
#7420=AXIS2_PLACEMENT_3D('',#7390,#7400,#7410);
#7430=CIRCLE('',#7420,0.5);
#7440=EDGE_CURVE('',#7360,#7130,#7430,.T.);
#7450=ORIENTED_EDGE('',*,*,#7440,.F.);
#7460=EDGE_LOOP('',(#7450,#7380,#7300,#7260,#7170));
#7470=FACE_OUTER_BOUND('',#7460,.T.);
#7480=ADVANCED_FACE('',(#7470),#7070,.T.);
#7490=COLOUR_RGB('',0.831372618675232,0.850980460643768,
0.858823597431183);
#7500=FILL_AREA_STYLE_COLOUR('',#7490);
#7510=FILL_AREA_STYLE('',(#7500));
#7520=SURFACE_STYLE_FILL_AREA(#7510);
#7530=SURFACE_SIDE_STYLE('',(#7520));
#7540=SURFACE_STYLE_USAGE(.BOTH.,#7530);
#7550=PRESENTATION_STYLE_ASSIGNMENT((#7540));
#7560=CARTESIAN_POINT('',(1.76776695296637,2.,-1.76776695296637));
#7570=DIRECTION('',(0.,1.,0.));
#7580=DIRECTION('',(1.,0.,0.));
#7590=AXIS2_PLACEMENT_3D('',#7560,#7570,#7580);
#7600=CYLINDRICAL_SURFACE('',#7590,0.5);
#7610=CARTESIAN_POINT('',(1.26776695296637,2.,-1.76776695296637));
#7620=DIRECTION('',(0.,1.,0.));
#7630=VECTOR('',#7620,1.);
#7640=LINE('',#7610,#7630);
#7650=CARTESIAN_POINT('',(1.26776695296637,4.2,-1.76776695296637));
#7660=VERTEX_POINT('',#7650);
#7670=CARTESIAN_POINT('',(1.26776695296637,9.6,-1.76776695296637));
#7680=VERTEX_POINT('',#7670);
#7690=EDGE_CURVE('',#7660,#7680,#7640,.T.);
#7700=ORIENTED_EDGE('',*,*,#7690,.F.);
#7710=CARTESIAN_POINT('',(1.76776695296637,9.6,-1.76776695296637));
#7720=DIRECTION('',(0.,1.,0.));
#7730=DIRECTION('',(1.,0.,0.));
#7740=AXIS2_PLACEMENT_3D('',#7710,#7720,#7730);
#7750=CIRCLE('',#7740,0.5);
#7760=CARTESIAN_POINT('',(1.76776695296637,9.6,-1.26776695296637));
#7770=VERTEX_POINT('',#7760);
#7780=EDGE_CURVE('',#7680,#7770,#7750,.T.);
#7790=ORIENTED_EDGE('',*,*,#7780,.F.);
#7800=CARTESIAN_POINT('',(2.26776695296637,9.6,-1.76776695296637));
#7810=VERTEX_POINT('',#7800);
#7820=EDGE_CURVE('',#7770,#7810,#7750,.T.);
#7830=ORIENTED_EDGE('',*,*,#7820,.F.);
#7840=CARTESIAN_POINT('',(2.26776695296637,2.,-1.76776695296637));
#7850=DIRECTION('',(0.,1.,0.));
#7860=VECTOR('',#7850,1.);
#7870=LINE('',#7840,#7860);
#7880=CARTESIAN_POINT('',(2.26776695296637,4.2,-1.76776695296637));
#7890=VERTEX_POINT('',#7880);
#7900=EDGE_CURVE('',#7890,#7810,#7870,.T.);
#7910=ORIENTED_EDGE('',*,*,#7900,.T.);
#7920=CARTESIAN_POINT('',(1.76776695296637,4.2,-1.76776695296637));
#7930=DIRECTION('',(0.,-1.,0.));
#7940=DIRECTION('',(1.,0.,0.));
#7950=AXIS2_PLACEMENT_3D('',#7920,#7930,#7940);
#7960=CIRCLE('',#7950,0.5);
#7970=EDGE_CURVE('',#7890,#7660,#7960,.T.);
#7980=ORIENTED_EDGE('',*,*,#7970,.F.);
#7990=EDGE_LOOP('',(#7980,#7910,#7830,#7790,#7700));
#8000=FACE_OUTER_BOUND('',#7990,.T.);
#8010=ADVANCED_FACE('',(#8000),#7600,.T.);
#8020=COLOUR_RGB('',0.831372618675232,0.850980460643768,
0.858823597431183);
#8030=FILL_AREA_STYLE_COLOUR('',#8020);
#8040=FILL_AREA_STYLE('',(#8030));
#8050=SURFACE_STYLE_FILL_AREA(#8040);
#8060=SURFACE_SIDE_STYLE('',(#8050));
#8070=SURFACE_STYLE_USAGE(.BOTH.,#8060);
#8080=PRESENTATION_STYLE_ASSIGNMENT((#8070));
#8090=CARTESIAN_POINT('',(1.76776695296637,2.,1.76776695296637));
#8100=DIRECTION('',(0.,1.,0.));
#8110=DIRECTION('',(1.,0.,0.));
#8120=AXIS2_PLACEMENT_3D('',#8090,#8100,#8110);
#8130=CYLINDRICAL_SURFACE('',#8120,0.5);
#8140=CARTESIAN_POINT('',(1.26776695296637,2.,1.76776695296637));
#8150=DIRECTION('',(0.,1.,0.));
#8160=VECTOR('',#8150,1.);
#8170=LINE('',#8140,#8160);
#8180=CARTESIAN_POINT('',(1.26776695296637,4.2,1.76776695296637));
#8190=VERTEX_POINT('',#8180);
#8200=CARTESIAN_POINT('',(1.26776695296637,9.6,1.76776695296637));
#8210=VERTEX_POINT('',#8200);
#8220=EDGE_CURVE('',#8190,#8210,#8170,.T.);
#8230=ORIENTED_EDGE('',*,*,#8220,.F.);
#8240=CARTESIAN_POINT('',(1.76776695296637,9.6,1.76776695296637));
#8250=DIRECTION('',(0.,1.,0.));
#8260=DIRECTION('',(1.,0.,0.));
#8270=AXIS2_PLACEMENT_3D('',#8240,#8250,#8260);
#8280=CIRCLE('',#8270,0.5);
#8290=CARTESIAN_POINT('',(1.76776695296637,9.6,2.26776695296637));
#8300=VERTEX_POINT('',#8290);
#8310=EDGE_CURVE('',#8210,#8300,#8280,.T.);
#8320=ORIENTED_EDGE('',*,*,#8310,.F.);
#8330=CARTESIAN_POINT('',(2.26776695296637,9.6,1.76776695296637));
#8340=VERTEX_POINT('',#8330);
#8350=EDGE_CURVE('',#8300,#8340,#8280,.T.);
#8360=ORIENTED_EDGE('',*,*,#8350,.F.);
#8370=CARTESIAN_POINT('',(2.26776695296637,2.,1.76776695296637));
#8380=DIRECTION('',(0.,1.,0.));
#8390=VECTOR('',#8380,1.);
#8400=LINE('',#8370,#8390);
#8410=CARTESIAN_POINT('',(2.26776695296637,4.2,1.76776695296637));
#8420=VERTEX_POINT('',#8410);
#8430=EDGE_CURVE('',#8420,#8340,#8400,.T.);
#8440=ORIENTED_EDGE('',*,*,#8430,.T.);
#8450=CARTESIAN_POINT('',(1.76776695296637,4.2,1.76776695296637));
#8460=DIRECTION('',(0.,-1.,0.));
#8470=DIRECTION('',(1.,0.,0.));
#8480=AXIS2_PLACEMENT_3D('',#8450,#8460,#8470);
#8490=CIRCLE('',#8480,0.5);
#8500=EDGE_CURVE('',#8420,#8190,#8490,.T.);
#8510=ORIENTED_EDGE('',*,*,#8500,.F.);
#8520=EDGE_LOOP('',(#8510,#8440,#8360,#8320,#8230));
#8530=FACE_OUTER_BOUND('',#8520,.T.);
#8540=ADVANCED_FACE('',(#8530),#8130,.T.);
#8550=COLOUR_RGB('',0.831372618675232,0.850980460643768,
0.858823597431183);
#8560=FILL_AREA_STYLE_COLOUR('',#8550);
#8570=FILL_AREA_STYLE('',(#8560));
#8580=SURFACE_STYLE_FILL_AREA(#8570);
#8590=SURFACE_SIDE_STYLE('',(#8580));
#8600=SURFACE_STYLE_USAGE(.BOTH.,#8590);
#8610=PRESENTATION_STYLE_ASSIGNMENT((#8600));
#8620=CARTESIAN_POINT('',(0.,2.,0.));
#8630=DIRECTION('',(0.,1.,0.));
#8640=DIRECTION('',(1.,0.,0.));
#8650=AXIS2_PLACEMENT_3D('',#8620,#8630,#8640);
#8660=CYLINDRICAL_SURFACE('',#8650,0.5);
#8670=CARTESIAN_POINT('',(0.,9.6,0.));
#8680=DIRECTION('',(0.,1.,0.));
#8690=DIRECTION('',(1.,0.,0.));
#8700=AXIS2_PLACEMENT_3D('',#8670,#8680,#8690);
#8710=CIRCLE('',#8700,0.5);
#8720=CARTESIAN_POINT('',(3.06161699786838E-17,9.6,-0.5));
#8730=VERTEX_POINT('',#8720);
#8740=CARTESIAN_POINT('',(-0.5,9.6,-6.12323399573677E-17));
#8750=VERTEX_POINT('',#8740);
#8760=EDGE_CURVE('',#8730,#8750,#8710,.T.);
#8770=ORIENTED_EDGE('',*,*,#8760,.F.);
#8780=CARTESIAN_POINT('',(-0.5,2.,-6.12323399573677E-17));
#8790=DIRECTION('',(0.,1.,0.));
#8800=VECTOR('',#8790,1.);
#8810=LINE('',#8780,#8800);
#8820=CARTESIAN_POINT('',(-0.5,2.,-6.12323399573677E-17));
#8830=VERTEX_POINT('',#8820);
#8840=EDGE_CURVE('',#8830,#8750,#8810,.T.);
#8850=ORIENTED_EDGE('',*,*,#8840,.T.);
#8860=CARTESIAN_POINT('',(0.,2.,0.));
#8870=DIRECTION('',(0.,-1.,0.));
#8880=DIRECTION('',(1.,0.,0.));
#8890=AXIS2_PLACEMENT_3D('',#8860,#8870,#8880);
#8900=CIRCLE('',#8890,0.5);
#8910=CARTESIAN_POINT('',(0.5,2.,0.));
#8920=VERTEX_POINT('',#8910);
#8930=EDGE_CURVE('',#8830,#8920,#8900,.T.);
#8940=ORIENTED_EDGE('',*,*,#8930,.F.);
#8950=CARTESIAN_POINT('',(0.5,2.,0.));
#8960=DIRECTION('',(0.,1.,0.));
#8970=VECTOR('',#8960,1.);
#8980=LINE('',#8950,#8970);
#8990=CARTESIAN_POINT('',(0.5,9.6,0.));
#9000=VERTEX_POINT('',#8990);
#9010=EDGE_CURVE('',#8920,#9000,#8980,.T.);
#9020=ORIENTED_EDGE('',*,*,#9010,.F.);
#9030=EDGE_CURVE('',#9000,#8730,#8710,.T.);
#9040=ORIENTED_EDGE('',*,*,#9030,.F.);
#9050=EDGE_LOOP('',(#9040,#9020,#8940,#8850,#8770));
#9060=FACE_OUTER_BOUND('',#9050,.T.);
#9070=ADVANCED_FACE('',(#9060),#8660,.T.);
#9080=COLOUR_RGB('',0.831372618675232,0.850980460643768,
0.858823597431183);
#9090=FILL_AREA_STYLE_COLOUR('',#9080);
#9100=FILL_AREA_STYLE('',(#9090));
#9110=SURFACE_STYLE_FILL_AREA(#9100);
#9120=SURFACE_SIDE_STYLE('',(#9110));
#9130=SURFACE_STYLE_USAGE(.BOTH.,#9120);
#9140=PRESENTATION_STYLE_ASSIGNMENT((#9130));
#9150=CARTESIAN_POINT('',(0.,-16.,0.));
#9160=DIRECTION('',(0.,1.,0.));
#9170=DIRECTION('',(1.,0.,0.));
#9180=AXIS2_PLACEMENT_3D('',#9150,#9160,#9170);
#9190=CYLINDRICAL_SURFACE('',#9180,0.5);
#9200=CARTESIAN_POINT('',(0.5,-16.,0.));
#9210=DIRECTION('',(0.,1.,0.));
#9220=VECTOR('',#9210,1.);
#9230=LINE('',#9200,#9220);
#9240=CARTESIAN_POINT('',(0.5,-15.,0.));
#9250=VERTEX_POINT('',#9240);
#9260=CARTESIAN_POINT('',(0.5,-6.,0.));
#9270=VERTEX_POINT('',#9260);
#9280=EDGE_CURVE('',#9250,#9270,#9230,.T.);
#9290=ORIENTED_EDGE('',*,*,#9280,.F.);
#9300=CARTESIAN_POINT('',(0.,-6.,0.));
#9310=DIRECTION('',(0.,-1.,0.));
#9320=DIRECTION('',(1.,0.,0.));
#9330=AXIS2_PLACEMENT_3D('',#9300,#9310,#9320);
#9340=CIRCLE('',#9330,0.5);
#9350=CARTESIAN_POINT('',(-0.5,-6.,-6.12323399573677E-17));
#9360=VERTEX_POINT('',#9350);
#9370=EDGE_CURVE('',#9270,#9360,#9340,.T.);
#9380=ORIENTED_EDGE('',*,*,#9370,.F.);
#9390=CARTESIAN_POINT('',(-0.5,-16.,-6.12323399573677E-17));
#9400=DIRECTION('',(0.,1.,0.));
#9410=VECTOR('',#9400,1.);
#9420=LINE('',#9390,#9410);
#9430=CARTESIAN_POINT('',(-0.5,-15.,-6.12323399573677E-17));
#9440=VERTEX_POINT('',#9430);
#9450=EDGE_CURVE('',#9440,#9360,#9420,.T.);
#9460=ORIENTED_EDGE('',*,*,#9450,.T.);
#9470=CARTESIAN_POINT('',(0.,-15.,0.));
#9480=DIRECTION('',(0.,-1.,0.));
#9490=DIRECTION('',(1.,0.,0.));
#9500=AXIS2_PLACEMENT_3D('',#9470,#9480,#9490);
#9510=CIRCLE('',#9500,0.5);
#9520=EDGE_CURVE('',#9250,#9440,#9510,.T.);
#9530=ORIENTED_EDGE('',*,*,#9520,.T.);
#9540=EDGE_LOOP('',(#9530,#9460,#9380,#9290));
#9550=FACE_OUTER_BOUND('',#9540,.T.);
#9560=ADVANCED_FACE('',(#9550),#9190,.F.);
#9570=COLOUR_RGB('',0.831372618675232,0.850980460643768,
0.858823597431183);
#9580=FILL_AREA_STYLE_COLOUR('',#9570);
#9590=FILL_AREA_STYLE('',(#9580));
#9600=SURFACE_STYLE_FILL_AREA(#9590);
#9610=SURFACE_SIDE_STYLE('',(#9600));
#9620=SURFACE_STYLE_USAGE(.BOTH.,#9610);
#9630=PRESENTATION_STYLE_ASSIGNMENT((#9620));
#9640=CARTESIAN_POINT('',(1.76776695296637,-16.,-1.76776695296637));
#9650=DIRECTION('',(0.,1.,0.));
#9660=DIRECTION('',(1.,0.,0.));
#9670=AXIS2_PLACEMENT_3D('',#9640,#9650,#9660);
#9680=CYLINDRICAL_SURFACE('',#9670,0.5);
#9690=CARTESIAN_POINT('',(1.26776695296637,-16.,-1.76776695296637));
#9700=DIRECTION('',(0.,1.,0.));
#9710=VECTOR('',#9700,1.);
#9720=LINE('',#9690,#9710);
#9730=CARTESIAN_POINT('',(1.26776695296637,-16.,-1.76776695296637));
#9740=VERTEX_POINT('',#9730);
#9750=CARTESIAN_POINT('',(1.26776695296637,-6.,-1.76776695296637));
#9760=VERTEX_POINT('',#9750);
#9770=EDGE_CURVE('',#9740,#9760,#9720,.T.);
#9780=ORIENTED_EDGE('',*,*,#9770,.T.);
#9790=CARTESIAN_POINT('',(1.76776695296637,-16.,-1.76776695296637));
#9800=DIRECTION('',(0.,1.,0.));
#9810=DIRECTION('',(1.,0.,0.));
#9820=AXIS2_PLACEMENT_3D('',#9790,#9800,#9810);
#9830=CIRCLE('',#9820,0.5);
#9840=CARTESIAN_POINT('',(2.26776695296637,-16.,-1.76776695296637));
#9850=VERTEX_POINT('',#9840);
#9860=EDGE_CURVE('',#9740,#9850,#9830,.T.);
#9870=ORIENTED_EDGE('',*,*,#9860,.F.);
#9880=CARTESIAN_POINT('',(2.26776695296637,-16.,-1.76776695296637));
#9890=DIRECTION('',(0.,1.,0.));
#9900=VECTOR('',#9890,1.);
#9910=LINE('',#9880,#9900);
#9920=CARTESIAN_POINT('',(2.26776695296637,-6.,-1.76776695296637));
#9930=VERTEX_POINT('',#9920);
#9940=EDGE_CURVE('',#9850,#9930,#9910,.T.);
#9950=ORIENTED_EDGE('',*,*,#9940,.F.);
#9960=CARTESIAN_POINT('',(1.76776695296637,-6.,-1.76776695296637));
#9970=DIRECTION('',(0.,-1.,0.));
#9980=DIRECTION('',(1.,0.,0.));
#9990=AXIS2_PLACEMENT_3D('',#9960,#9970,#9980);
#10000=CIRCLE('',#9990,0.5);
#10010=EDGE_CURVE('',#9930,#9760,#10000,.T.);
#10020=ORIENTED_EDGE('',*,*,#10010,.F.);
#10030=EDGE_LOOP('',(#10020,#9950,#9870,#9780));
#10040=FACE_OUTER_BOUND('',#10030,.T.);
#10050=ADVANCED_FACE('',(#10040),#9680,.F.);
#10060=COLOUR_RGB('',0.831372618675232,0.850980460643768,
0.858823597431183);
#10070=FILL_AREA_STYLE_COLOUR('',#10060);
#10080=FILL_AREA_STYLE('',(#10070));
#10090=SURFACE_STYLE_FILL_AREA(#10080);
#10100=SURFACE_SIDE_STYLE('',(#10090));
#10110=SURFACE_STYLE_USAGE(.BOTH.,#10100);
#10120=PRESENTATION_STYLE_ASSIGNMENT((#10110));
#10130=CARTESIAN_POINT('',(1.76776695296637,-16.,1.76776695296637));
#10140=DIRECTION('',(0.,1.,0.));
#10150=DIRECTION('',(1.,0.,0.));
#10160=AXIS2_PLACEMENT_3D('',#10130,#10140,#10150);
#10170=CYLINDRICAL_SURFACE('',#10160,0.5);
#10180=CARTESIAN_POINT('',(2.26776695296637,-16.,1.76776695296637));
#10190=DIRECTION('',(0.,1.,0.));
#10200=VECTOR('',#10190,1.);
#10210=LINE('',#10180,#10200);
#10220=CARTESIAN_POINT('',(2.26776695296637,-16.,1.76776695296637));
#10230=VERTEX_POINT('',#10220);
#10240=CARTESIAN_POINT('',(2.26776695296637,-6.,1.76776695296637));
#10250=VERTEX_POINT('',#10240);
#10260=EDGE_CURVE('',#10230,#10250,#10210,.T.);
#10270=ORIENTED_EDGE('',*,*,#10260,.T.);
#10280=CARTESIAN_POINT('',(1.76776695296637,-16.,1.76776695296637));
#10290=DIRECTION('',(0.,1.,0.));
#10300=DIRECTION('',(1.,0.,0.));
#10310=AXIS2_PLACEMENT_3D('',#10280,#10290,#10300);
#10320=CIRCLE('',#10310,0.5);
#10330=CARTESIAN_POINT('',(1.26776695296637,-16.,1.76776695296637));
#10340=VERTEX_POINT('',#10330);
#10350=EDGE_CURVE('',#10230,#10340,#10320,.T.);
#10360=ORIENTED_EDGE('',*,*,#10350,.F.);
#10370=CARTESIAN_POINT('',(1.26776695296637,-16.,1.76776695296637));
#10380=DIRECTION('',(0.,1.,0.));
#10390=VECTOR('',#10380,1.);
#10400=LINE('',#10370,#10390);
#10410=CARTESIAN_POINT('',(1.26776695296637,-6.,1.76776695296637));
#10420=VERTEX_POINT('',#10410);
#10430=EDGE_CURVE('',#10340,#10420,#10400,.T.);
#10440=ORIENTED_EDGE('',*,*,#10430,.F.);
#10450=CARTESIAN_POINT('',(1.76776695296637,-6.,1.76776695296637));
#10460=DIRECTION('',(0.,-1.,0.));
#10470=DIRECTION('',(1.,0.,0.));
#10480=AXIS2_PLACEMENT_3D('',#10450,#10460,#10470);
#10490=CIRCLE('',#10480,0.5);
#10500=EDGE_CURVE('',#10420,#10250,#10490,.T.);
#10510=ORIENTED_EDGE('',*,*,#10500,.F.);
#10520=EDGE_LOOP('',(#10510,#10440,#10360,#10270));
#10530=FACE_OUTER_BOUND('',#10520,.T.);
#10540=ADVANCED_FACE('',(#10530),#10170,.F.);
#10550=COLOUR_RGB('',0.831372618675232,0.850980460643768,
0.858823597431183);
#10560=FILL_AREA_STYLE_COLOUR('',#10550);
#10570=FILL_AREA_STYLE('',(#10560));
#10580=SURFACE_STYLE_FILL_AREA(#10570);
#10590=SURFACE_SIDE_STYLE('',(#10580));
#10600=SURFACE_STYLE_USAGE(.BOTH.,#10590);
#10610=PRESENTATION_STYLE_ASSIGNMENT((#10600));
#10620=CARTESIAN_POINT('',(-1.76776695296637,-16.,1.76776695296637));
#10630=DIRECTION('',(0.,1.,0.));
#10640=DIRECTION('',(1.,0.,0.));
#10650=AXIS2_PLACEMENT_3D('',#10620,#10630,#10640);
#10660=CYLINDRICAL_SURFACE('',#10650,0.5);
#10670=CARTESIAN_POINT('',(-1.26776695296637,-16.,1.76776695296637));
#10680=DIRECTION('',(0.,1.,0.));
#10690=VECTOR('',#10680,1.);
#10700=LINE('',#10670,#10690);
#10710=CARTESIAN_POINT('',(-1.26776695296637,-16.,1.76776695296637));
#10720=VERTEX_POINT('',#10710);
#10730=CARTESIAN_POINT('',(-1.26776695296637,-6.,1.76776695296637));
#10740=VERTEX_POINT('',#10730);
#10750=EDGE_CURVE('',#10720,#10740,#10700,.T.);
#10760=ORIENTED_EDGE('',*,*,#10750,.F.);
#10770=CARTESIAN_POINT('',(-1.76776695296637,-6.,1.76776695296637));
#10780=DIRECTION('',(0.,-1.,0.));
#10790=DIRECTION('',(1.,0.,0.));
#10800=AXIS2_PLACEMENT_3D('',#10770,#10780,#10790);
#10810=CIRCLE('',#10800,0.5);
#10820=CARTESIAN_POINT('',(-2.26776695296637,-6.,1.76776695296637));
#10830=VERTEX_POINT('',#10820);
#10840=EDGE_CURVE('',#10740,#10830,#10810,.T.);
#10850=ORIENTED_EDGE('',*,*,#10840,.F.);
#10860=CARTESIAN_POINT('',(-2.26776695296637,-16.,1.76776695296637));
#10870=DIRECTION('',(0.,1.,0.));
#10880=VECTOR('',#10870,1.);
#10890=LINE('',#10860,#10880);
#10900=CARTESIAN_POINT('',(-2.26776695296637,-16.,1.76776695296637));
#10910=VERTEX_POINT('',#10900);
#10920=EDGE_CURVE('',#10910,#10830,#10890,.T.);
#10930=ORIENTED_EDGE('',*,*,#10920,.T.);
#10940=CARTESIAN_POINT('',(-1.76776695296637,-16.,1.76776695296637));
#10950=DIRECTION('',(0.,1.,0.));
#10960=DIRECTION('',(1.,0.,0.));
#10970=AXIS2_PLACEMENT_3D('',#10940,#10950,#10960);
#10980=CIRCLE('',#10970,0.5);
#10990=EDGE_CURVE('',#10910,#10720,#10980,.T.);
#11000=ORIENTED_EDGE('',*,*,#10990,.F.);
#11010=EDGE_LOOP('',(#11000,#10930,#10850,#10760));
#11020=FACE_OUTER_BOUND('',#11010,.T.);
#11030=ADVANCED_FACE('',(#11020),#10660,.F.);
#11040=COLOUR_RGB('',0.831372618675232,0.850980460643768,
0.858823597431183);
#11050=FILL_AREA_STYLE_COLOUR('',#11040);
#11060=FILL_AREA_STYLE('',(#11050));
#11070=SURFACE_STYLE_FILL_AREA(#11060);
#11080=SURFACE_SIDE_STYLE('',(#11070));
#11090=SURFACE_STYLE_USAGE(.BOTH.,#11080);
#11100=PRESENTATION_STYLE_ASSIGNMENT((#11090));
#11110=CARTESIAN_POINT('',(-1.76776695296637,-16.,-1.76776695296637));
#11120=DIRECTION('',(0.,1.,0.));
#11130=DIRECTION('',(1.,0.,0.));
#11140=AXIS2_PLACEMENT_3D('',#11110,#11120,#11130);
#11150=CYLINDRICAL_SURFACE('',#11140,0.5);
#11160=CARTESIAN_POINT('',(-2.26776695296637,-16.,-1.76776695296637));
#11170=DIRECTION('',(0.,1.,0.));
#11180=VECTOR('',#11170,1.);
#11190=LINE('',#11160,#11180);
#11200=CARTESIAN_POINT('',(-2.26776695296637,-16.,-1.76776695296637));
#11210=VERTEX_POINT('',#11200);
#11220=CARTESIAN_POINT('',(-2.26776695296637,-6.,-1.76776695296637));
#11230=VERTEX_POINT('',#11220);
#11240=EDGE_CURVE('',#11210,#11230,#11190,.T.);
#11250=ORIENTED_EDGE('',*,*,#11240,.T.);
#11260=CARTESIAN_POINT('',(-1.76776695296637,-16.,-1.76776695296637));
#11270=DIRECTION('',(0.,1.,0.));
#11280=DIRECTION('',(1.,0.,0.));
#11290=AXIS2_PLACEMENT_3D('',#11260,#11270,#11280);
#11300=CIRCLE('',#11290,0.5);
#11310=CARTESIAN_POINT('',(-1.26776695296637,-16.,-1.76776695296637));
#11320=VERTEX_POINT('',#11310);
#11330=EDGE_CURVE('',#11210,#11320,#11300,.T.);
#11340=ORIENTED_EDGE('',*,*,#11330,.F.);
#11350=CARTESIAN_POINT('',(-1.26776695296637,-16.,-1.76776695296637));
#11360=DIRECTION('',(0.,1.,0.));
#11370=VECTOR('',#11360,1.);
#11380=LINE('',#11350,#11370);
#11390=CARTESIAN_POINT('',(-1.26776695296637,-6.,-1.76776695296637));
#11400=VERTEX_POINT('',#11390);
#11410=EDGE_CURVE('',#11320,#11400,#11380,.T.);
#11420=ORIENTED_EDGE('',*,*,#11410,.F.);
#11430=CARTESIAN_POINT('',(-1.76776695296637,-6.,-1.76776695296637));
#11440=DIRECTION('',(0.,-1.,0.));
#11450=DIRECTION('',(1.,0.,0.));
#11460=AXIS2_PLACEMENT_3D('',#11430,#11440,#11450);
#11470=CIRCLE('',#11460,0.5);
#11480=EDGE_CURVE('',#11400,#11230,#11470,.T.);
#11490=ORIENTED_EDGE('',*,*,#11480,.F.);
#11500=EDGE_LOOP('',(#11490,#11420,#11340,#11250));
#11510=FACE_OUTER_BOUND('',#11500,.T.);
#11520=ADVANCED_FACE('',(#11510),#11150,.F.);
#11530=COLOUR_RGB('',0.831372618675232,0.850980460643768,
0.858823597431183);
#11540=FILL_AREA_STYLE_COLOUR('',#11530);
#11550=FILL_AREA_STYLE('',(#11540));
#11560=SURFACE_STYLE_FILL_AREA(#11550);
#11570=SURFACE_SIDE_STYLE('',(#11560));
#11580=SURFACE_STYLE_USAGE(.BOTH.,#11570);
#11590=PRESENTATION_STYLE_ASSIGNMENT((#11580));
#11600=CARTESIAN_POINT('',(0.,-11.775,0.));
#11610=DIRECTION('',(0.,1.,0.));
#11620=DIRECTION('',(0.,0.,1.));
#11630=AXIS2_PLACEMENT_3D('',#11600,#11610,#11620);
#11640=CYLINDRICAL_SURFACE('',#11630,4.00000000000002);
#11650=CARTESIAN_POINT('',(-0.6,-16.,3.95474398665704));
#11660=DIRECTION('',(0.,1.,0.));
#11670=VECTOR('',#11660,8.44999999999999);
#11680=LINE('',#11650,#11670);
#11690=CARTESIAN_POINT('',(-0.6,-16.,3.95474398665704));
#11700=VERTEX_POINT('',#11690);
#11710=CARTESIAN_POINT('',(-0.600000000000002,-7.55000000000001,
3.95474398665706));
#11720=VERTEX_POINT('',#11710);
#11730=EDGE_CURVE('',#11700,#11720,#11680,.T.);
#11740=ORIENTED_EDGE('',*,*,#11730,.T.);
#11750=CARTESIAN_POINT('',(0.,-16.,0.));
#11760=DIRECTION('',(0.,1.,0.));
#11770=DIRECTION('',(0.,0.,1.));
#11780=AXIS2_PLACEMENT_3D('',#11750,#11760,#11770);
#11790=CIRCLE('',#11780,4.00000000000002);
#11800=CARTESIAN_POINT('',(4.89858719658944E-16,-16.,-4.00000000000002))
;
#11810=VERTEX_POINT('',#11800);
#11820=EDGE_CURVE('',#11810,#11700,#11790,.T.);
#11830=ORIENTED_EDGE('',*,*,#11820,.T.);
#11840=CARTESIAN_POINT('',(4.89858719658944E-16,-11.775,
-4.00000000000002));
#11850=DIRECTION('',(0.,1.,0.));
#11860=VECTOR('',#11850,1.);
#11870=LINE('',#11840,#11860);
#11880=CARTESIAN_POINT('',(4.89858719658944E-16,-7.55000000000001,
-4.00000000000002));
#11890=VERTEX_POINT('',#11880);
#11900=EDGE_CURVE('',#11810,#11890,#11870,.T.);
#11910=ORIENTED_EDGE('',*,*,#11900,.F.);
#11920=CARTESIAN_POINT('',(0.,-7.55000000000001,0.));
#11930=DIRECTION('',(0.,1.,0.));
#11940=DIRECTION('',(1.,0.,0.));
#11950=AXIS2_PLACEMENT_3D('',#11920,#11930,#11940);
#11960=CIRCLE('',#11950,4.00000000000002);
#11970=CARTESIAN_POINT('',(-4.00000000000002,-7.55000000000001,0.));
#11980=VERTEX_POINT('',#11970);
#11990=EDGE_CURVE('',#11890,#11980,#11960,.T.);
#12000=ORIENTED_EDGE('',*,*,#11990,.F.);
#12010=EDGE_CURVE('',#11980,#11720,#11960,.T.);
#12020=ORIENTED_EDGE('',*,*,#12010,.F.);
#12030=EDGE_LOOP('',(#12020,#12000,#11910,#11830,#11740));
#12040=FACE_OUTER_BOUND('',#12030,.T.);
#12050=ADVANCED_FACE('',(#12040),#11640,.T.);
#12060=COLOUR_RGB('',0.831372618675232,0.850980460643768,
0.858823597431183);
#12070=FILL_AREA_STYLE_COLOUR('',#12060);
#12080=FILL_AREA_STYLE('',(#12070));
#12090=SURFACE_STYLE_FILL_AREA(#12080);
#12100=SURFACE_SIDE_STYLE('',(#12090));
#12110=SURFACE_STYLE_USAGE(.BOTH.,#12100);
#12120=PRESENTATION_STYLE_ASSIGNMENT((#12110));
#12130=CARTESIAN_POINT('',(0.,-16.,0.));
#12140=DIRECTION('',(0.,1.,0.));
#12150=DIRECTION('',(-0.98519655140381,0.,-0.171428571428572));
#12160=AXIS2_PLACEMENT_3D('',#12130,#12140,#12150);
#12170=CYLINDRICAL_SURFACE('',#12160,3.5);
#12180=CARTESIAN_POINT('',(-3.44818792991333,-16.,-0.600000000000002));
#12190=DIRECTION('',(0.,1.,0.));
#12200=VECTOR('',#12190,1.);
#12210=LINE('',#12180,#12200);
#12220=CARTESIAN_POINT('',(-3.44818792991333,-16.,-0.600000000000002));
#12230=VERTEX_POINT('',#12220);
#12240=CARTESIAN_POINT('',(-3.44818792991333,-15.,-0.600000000000002));
#12250=VERTEX_POINT('',#12240);
#12260=EDGE_CURVE('',#12230,#12250,#12210,.T.);
#12270=ORIENTED_EDGE('',*,*,#12260,.T.);
#12280=CARTESIAN_POINT('',(0.,-16.,0.));
#12290=DIRECTION('',(0.,1.,0.));
#12300=DIRECTION('',(-0.98519655140381,0.,-0.171428571428572));
#12310=AXIS2_PLACEMENT_3D('',#12280,#12290,#12300);
#12320=CIRCLE('',#12310,3.5);
#12330=CARTESIAN_POINT('',(-3.44818792991333,-16.,0.600000000000001));
#12340=VERTEX_POINT('',#12330);
#12350=EDGE_CURVE('',#12230,#12340,#12320,.T.);
#12360=ORIENTED_EDGE('',*,*,#12350,.F.);
#12370=CARTESIAN_POINT('',(-3.44818792991333,-16.,0.600000000000001));
#12380=DIRECTION('',(0.,1.,0.));
#12390=VECTOR('',#12380,1.);
#12400=LINE('',#12370,#12390);
#12410=CARTESIAN_POINT('',(-3.44818792991333,-15.,0.600000000000001));
#12420=VERTEX_POINT('',#12410);
#12430=EDGE_CURVE('',#12340,#12420,#12400,.T.);
#12440=ORIENTED_EDGE('',*,*,#12430,.F.);
#12450=CARTESIAN_POINT('',(0.,-15.,0.));
#12460=DIRECTION('',(0.,-1.,0.));
#12470=DIRECTION('',(-0.98519655140381,0.,-0.171428571428572));
#12480=AXIS2_PLACEMENT_3D('',#12450,#12460,#12470);
#12490=CIRCLE('',#12480,3.5);
#12500=EDGE_CURVE('',#12420,#12250,#12490,.T.);
#12510=ORIENTED_EDGE('',*,*,#12500,.F.);
#12520=EDGE_LOOP('',(#12510,#12440,#12360,#12270));
#12530=FACE_OUTER_BOUND('',#12520,.T.);
#12540=ADVANCED_FACE('',(#12530),#12170,.F.);
#12550=COLOUR_RGB('',0.831372618675232,0.850980460643768,
0.858823597431183);
#12560=FILL_AREA_STYLE_COLOUR('',#12550);
#12570=FILL_AREA_STYLE('',(#12560));
#12580=SURFACE_STYLE_FILL_AREA(#12570);
#12590=SURFACE_SIDE_STYLE('',(#12580));
#12600=SURFACE_STYLE_USAGE(.BOTH.,#12590);
#12610=PRESENTATION_STYLE_ASSIGNMENT((#12600));
#12620=CARTESIAN_POINT('',(-3.44818792991333,-16.,-0.600000000000001));
#12630=DIRECTION('',(0.,0.,-1.));
#12640=DIRECTION('',(-1.,0.,0.));
#12650=AXIS2_PLACEMENT_3D('',#12620,#12630,#12640);
#12660=PLANE('',#12650);
#12670=CARTESIAN_POINT('',(-1.,-16.,-0.600000000000002));
#12680=DIRECTION('',(0.,1.,0.));
#12690=VECTOR('',#12680,1.);
#12700=LINE('',#12670,#12690);
#12710=CARTESIAN_POINT('',(-1.,-16.,-0.600000000000002));
#12720=VERTEX_POINT('',#12710);
#12730=CARTESIAN_POINT('',(-1.,-15.,-0.600000000000002));
#12740=VERTEX_POINT('',#12730);
#12750=EDGE_CURVE('',#12720,#12740,#12700,.T.);
#12760=ORIENTED_EDGE('',*,*,#12750,.T.);
#12770=CARTESIAN_POINT('',(-1.,-16.,-0.600000000000001));
#12780=DIRECTION('',(-1.,0.,0.));
#12790=VECTOR('',#12780,2.44818792991333);
#12800=LINE('',#12770,#12790);
#12810=EDGE_CURVE('',#12720,#12230,#12800,.T.);
#12820=ORIENTED_EDGE('',*,*,#12810,.F.);
#12830=ORIENTED_EDGE('',*,*,#12260,.F.);
#12840=CARTESIAN_POINT('',(-3.44818792991333,-15.,-0.600000000000001));
#12850=DIRECTION('',(1.,0.,0.));
#12860=VECTOR('',#12850,2.44818792991333);
#12870=LINE('',#12840,#12860);
#12880=EDGE_CURVE('',#12250,#12740,#12870,.T.);
#12890=ORIENTED_EDGE('',*,*,#12880,.F.);
#12900=EDGE_LOOP('',(#12890,#12830,#12820,#12760));
#12910=FACE_OUTER_BOUND('',#12900,.T.);
#12920=ADVANCED_FACE('',(#12910),#12660,.F.);
#12930=COLOUR_RGB('',0.831372618675232,0.850980460643768,
0.858823597431183);
#12940=FILL_AREA_STYLE_COLOUR('',#12930);
#12950=FILL_AREA_STYLE('',(#12940));
#12960=SURFACE_STYLE_FILL_AREA(#12950);
#12970=SURFACE_SIDE_STYLE('',(#12960));
#12980=SURFACE_STYLE_USAGE(.BOTH.,#12970);
#12990=PRESENTATION_STYLE_ASSIGNMENT((#12980));
#13000=CARTESIAN_POINT('',(-1.,-16.,-1.));
#13010=DIRECTION('',(0.,1.,0.));
#13020=DIRECTION('',(0.,0.,-1.));
#13030=AXIS2_PLACEMENT_3D('',#13000,#13010,#13020);
#13040=CYLINDRICAL_SURFACE('',#13030,0.4);
#13050=CARTESIAN_POINT('',(-0.600000000000001,-16.,-1.));
#13060=DIRECTION('',(0.,1.,0.));
#13070=VECTOR('',#13060,1.);
#13080=LINE('',#13050,#13070);
#13090=CARTESIAN_POINT('',(-0.600000000000001,-16.,-1.));
#13100=VERTEX_POINT('',#13090);
#13110=CARTESIAN_POINT('',(-0.600000000000001,-15.,-1.));
#13120=VERTEX_POINT('',#13110);
#13130=EDGE_CURVE('',#13100,#13120,#13080,.T.);
#13140=ORIENTED_EDGE('',*,*,#13130,.T.);
#13150=CARTESIAN_POINT('',(-1.,-16.,-1.));
#13160=DIRECTION('',(0.,-1.,0.));
#13170=DIRECTION('',(0.,0.,-1.));
#13180=AXIS2_PLACEMENT_3D('',#13150,#13160,#13170);
#13190=CIRCLE('',#13180,0.4);
#13200=EDGE_CURVE('',#13100,#12720,#13190,.T.);
#13210=ORIENTED_EDGE('',*,*,#13200,.F.);
#13220=ORIENTED_EDGE('',*,*,#12750,.F.);
#13230=CARTESIAN_POINT('',(-1.,-15.,-1.));
#13240=DIRECTION('',(0.,1.,0.));
#13250=DIRECTION('',(0.,0.,-1.));
#13260=AXIS2_PLACEMENT_3D('',#13230,#13240,#13250);
#13270=CIRCLE('',#13260,0.4);
#13280=EDGE_CURVE('',#12740,#13120,#13270,.T.);
#13290=ORIENTED_EDGE('',*,*,#13280,.F.);
#13300=EDGE_LOOP('',(#13290,#13220,#13210,#13140));
#13310=FACE_OUTER_BOUND('',#13300,.T.);
#13320=ADVANCED_FACE('',(#13310),#13040,.T.);
#13330=COLOUR_RGB('',0.831372618675232,0.850980460643768,
0.858823597431183);
#13340=FILL_AREA_STYLE_COLOUR('',#13330);
#13350=FILL_AREA_STYLE('',(#13340));
#13360=SURFACE_STYLE_FILL_AREA(#13350);
#13370=SURFACE_SIDE_STYLE('',(#13360));
#13380=SURFACE_STYLE_USAGE(.BOTH.,#13370);
#13390=PRESENTATION_STYLE_ASSIGNMENT((#13380));
#13400=CARTESIAN_POINT('',(-0.600000000000001,-16.,-1.));
#13410=DIRECTION('',(-1.,0.,0.));
#13420=DIRECTION('',(0.,0.,1.));
#13430=AXIS2_PLACEMENT_3D('',#13400,#13410,#13420);
#13440=PLANE('',#13430);
#13450=CARTESIAN_POINT('',(-0.6,-16.,-3.44818792991334));
#13460=DIRECTION('',(0.,1.,0.));
#13470=VECTOR('',#13460,1.);
#13480=LINE('',#13450,#13470);
#13490=CARTESIAN_POINT('',(-0.6,-16.,-3.44818792991334));
#13500=VERTEX_POINT('',#13490);
#13510=CARTESIAN_POINT('',(-0.6,-15.,-3.44818792991334));
#13520=VERTEX_POINT('',#13510);
#13530=EDGE_CURVE('',#13500,#13520,#13480,.T.);
#13540=ORIENTED_EDGE('',*,*,#13530,.T.);
#13550=CARTESIAN_POINT('',(-0.6,-16.,-3.44818792991334));
#13560=DIRECTION('',(0.,0.,1.));
#13570=VECTOR('',#13560,2.44818792991333);
#13580=LINE('',#13550,#13570);
#13590=EDGE_CURVE('',#13500,#13100,#13580,.T.);
#13600=ORIENTED_EDGE('',*,*,#13590,.F.);
#13610=ORIENTED_EDGE('',*,*,#13130,.F.);
#13620=CARTESIAN_POINT('',(-0.600000000000001,-15.,-1.));
#13630=DIRECTION('',(0.,0.,-1.));
#13640=VECTOR('',#13630,2.44818792991333);
#13650=LINE('',#13620,#13640);
#13660=EDGE_CURVE('',#13120,#13520,#13650,.T.);
#13670=ORIENTED_EDGE('',*,*,#13660,.F.);
#13680=EDGE_LOOP('',(#13670,#13610,#13600,#13540));
#13690=FACE_OUTER_BOUND('',#13680,.T.);
#13700=ADVANCED_FACE('',(#13690),#13440,.F.);
#13710=COLOUR_RGB('',0.831372618675232,0.850980460643768,
0.858823597431183);
#13720=FILL_AREA_STYLE_COLOUR('',#13710);
#13730=FILL_AREA_STYLE('',(#13720));
#13740=SURFACE_STYLE_FILL_AREA(#13730);
#13750=SURFACE_SIDE_STYLE('',(#13740));
#13760=SURFACE_STYLE_USAGE(.BOTH.,#13750);
#13770=PRESENTATION_STYLE_ASSIGNMENT((#13760));
#13780=CARTESIAN_POINT('',(0.,-16.,0.));
#13790=DIRECTION('',(0.,1.,0.));
#13800=DIRECTION('',(0.171428571428571,0.,-0.98519655140381));
#13810=AXIS2_PLACEMENT_3D('',#13780,#13790,#13800);
#13820=CYLINDRICAL_SURFACE('',#13810,3.5);
#13830=CARTESIAN_POINT('',(0.599999999999998,-16.,-3.44818792991333));
#13840=DIRECTION('',(0.,1.,0.));
#13850=VECTOR('',#13840,1.);
#13860=LINE('',#13830,#13850);
#13870=CARTESIAN_POINT('',(0.599999999999998,-16.,-3.44818792991333));
#13880=VERTEX_POINT('',#13870);
#13890=CARTESIAN_POINT('',(0.599999999999998,-15.,-3.44818792991333));
#13900=VERTEX_POINT('',#13890);
#13910=EDGE_CURVE('',#13880,#13900,#13860,.T.);
#13920=ORIENTED_EDGE('',*,*,#13910,.T.);
#13930=CARTESIAN_POINT('',(0.,-16.,0.));
#13940=DIRECTION('',(0.,1.,0.));
#13950=DIRECTION('',(0.171428571428571,0.,-0.98519655140381));
#13960=AXIS2_PLACEMENT_3D('',#13930,#13940,#13950);
#13970=CIRCLE('',#13960,3.5);
#13980=EDGE_CURVE('',#13880,#13500,#13970,.T.);
#13990=ORIENTED_EDGE('',*,*,#13980,.F.);
#14000=ORIENTED_EDGE('',*,*,#13530,.F.);
#14010=CARTESIAN_POINT('',(0.,-15.,0.));
#14020=DIRECTION('',(0.,-1.,0.));
#14030=DIRECTION('',(0.171428571428571,0.,-0.98519655140381));
#14040=AXIS2_PLACEMENT_3D('',#14010,#14020,#14030);
#14050=CIRCLE('',#14040,3.5);
#14060=EDGE_CURVE('',#13520,#13900,#14050,.T.);
#14070=ORIENTED_EDGE('',*,*,#14060,.F.);
#14080=EDGE_LOOP('',(#14070,#14000,#13990,#13920));
#14090=FACE_OUTER_BOUND('',#14080,.T.);
#14100=ADVANCED_FACE('',(#14090),#13820,.F.);
#14110=COLOUR_RGB('',0.831372618675232,0.850980460643768,
0.858823597431183);
#14120=FILL_AREA_STYLE_COLOUR('',#14110);
#14130=FILL_AREA_STYLE('',(#14120));
#14140=SURFACE_STYLE_FILL_AREA(#14130);
#14150=SURFACE_SIDE_STYLE('',(#14140));
#14160=SURFACE_STYLE_USAGE(.BOTH.,#14150);
#14170=PRESENTATION_STYLE_ASSIGNMENT((#14160));
#14180=CARTESIAN_POINT('',(0.6,-16.,-3.44818792991334));
#14190=DIRECTION('',(1.,-0.,0.));
#14200=DIRECTION('',(0.,0.,-1.));
#14210=AXIS2_PLACEMENT_3D('',#14180,#14190,#14200);
#14220=PLANE('',#14210);
#14230=CARTESIAN_POINT('',(0.6,-16.,-1.));
#14240=DIRECTION('',(0.,1.,0.));
#14250=VECTOR('',#14240,1.);
#14260=LINE('',#14230,#14250);
#14270=CARTESIAN_POINT('',(0.6,-16.,-1.));
#14280=VERTEX_POINT('',#14270);
#14290=CARTESIAN_POINT('',(0.6,-15.,-1.));
#14300=VERTEX_POINT('',#14290);
#14310=EDGE_CURVE('',#14280,#14300,#14260,.T.);
#14320=ORIENTED_EDGE('',*,*,#14310,.T.);
#14330=CARTESIAN_POINT('',(0.6,-16.,-1.));
#14340=DIRECTION('',(0.,0.,-1.));
#14350=VECTOR('',#14340,2.44818792991333);
#14360=LINE('',#14330,#14350);
#14370=EDGE_CURVE('',#14280,#13880,#14360,.T.);
#14380=ORIENTED_EDGE('',*,*,#14370,.F.);
#14390=ORIENTED_EDGE('',*,*,#13910,.F.);
#14400=CARTESIAN_POINT('',(0.6,-15.,-3.44818792991334));
#14410=DIRECTION('',(0.,0.,1.));
#14420=VECTOR('',#14410,2.44818792991333);
#14430=LINE('',#14400,#14420);
#14440=EDGE_CURVE('',#13900,#14300,#14430,.T.);
#14450=ORIENTED_EDGE('',*,*,#14440,.F.);
#14460=EDGE_LOOP('',(#14450,#14390,#14380,#14320));
#14470=FACE_OUTER_BOUND('',#14460,.T.);
#14480=ADVANCED_FACE('',(#14470),#14220,.F.);
#14490=COLOUR_RGB('',0.831372618675232,0.850980460643768,
0.858823597431183);
#14500=FILL_AREA_STYLE_COLOUR('',#14490);
#14510=FILL_AREA_STYLE('',(#14500));
#14520=SURFACE_STYLE_FILL_AREA(#14510);
#14530=SURFACE_SIDE_STYLE('',(#14520));
#14540=SURFACE_STYLE_USAGE(.BOTH.,#14530);
#14550=PRESENTATION_STYLE_ASSIGNMENT((#14540));
#14560=CARTESIAN_POINT('',(1.,-16.,-1.));
#14570=DIRECTION('',(0.,1.,0.));
#14580=DIRECTION('',(1.,0.,0.));
#14590=AXIS2_PLACEMENT_3D('',#14560,#14570,#14580);
#14600=CYLINDRICAL_SURFACE('',#14590,0.4);
#14610=CARTESIAN_POINT('',(1.,-16.,-0.600000000000001));
#14620=DIRECTION('',(0.,1.,0.));
#14630=VECTOR('',#14620,1.);
#14640=LINE('',#14610,#14630);
#14650=CARTESIAN_POINT('',(1.,-16.,-0.600000000000001));
#14660=VERTEX_POINT('',#14650);
#14670=CARTESIAN_POINT('',(1.,-15.,-0.600000000000001));
#14680=VERTEX_POINT('',#14670);
#14690=EDGE_CURVE('',#14660,#14680,#14640,.T.);
#14700=ORIENTED_EDGE('',*,*,#14690,.T.);
#14710=CARTESIAN_POINT('',(1.,-16.,-1.));
#14720=DIRECTION('',(0.,-1.,0.));
#14730=DIRECTION('',(1.,0.,0.));
#14740=AXIS2_PLACEMENT_3D('',#14710,#14720,#14730);
#14750=CIRCLE('',#14740,0.4);
#14760=EDGE_CURVE('',#14660,#14280,#14750,.T.);
#14770=ORIENTED_EDGE('',*,*,#14760,.F.);
#14780=ORIENTED_EDGE('',*,*,#14310,.F.);
#14790=CARTESIAN_POINT('',(1.,-15.,-1.));
#14800=DIRECTION('',(0.,1.,0.));
#14810=DIRECTION('',(1.,0.,0.));
#14820=AXIS2_PLACEMENT_3D('',#14790,#14800,#14810);
#14830=CIRCLE('',#14820,0.4);
#14840=EDGE_CURVE('',#14300,#14680,#14830,.T.);
#14850=ORIENTED_EDGE('',*,*,#14840,.F.);
#14860=EDGE_LOOP('',(#14850,#14780,#14770,#14700));
#14870=FACE_OUTER_BOUND('',#14860,.T.);
#14880=ADVANCED_FACE('',(#14870),#14600,.T.);
#14890=COLOUR_RGB('',0.831372618675232,0.850980460643768,
0.858823597431183);
#14900=FILL_AREA_STYLE_COLOUR('',#14890);
#14910=FILL_AREA_STYLE('',(#14900));
#14920=SURFACE_STYLE_FILL_AREA(#14910);
#14930=SURFACE_SIDE_STYLE('',(#14920));
#14940=SURFACE_STYLE_USAGE(.BOTH.,#14930);
#14950=PRESENTATION_STYLE_ASSIGNMENT((#14940));
#14960=CARTESIAN_POINT('',(1.,-16.,-0.600000000000001));
#14970=DIRECTION('',(0.,0.,-1.));
#14980=DIRECTION('',(-1.,0.,0.));
#14990=AXIS2_PLACEMENT_3D('',#14960,#14970,#14980);
#15000=PLANE('',#14990);
#15010=CARTESIAN_POINT('',(3.44818792991333,-16.,-0.600000000000001));
#15020=DIRECTION('',(0.,1.,0.));
#15030=VECTOR('',#15020,1.);
#15040=LINE('',#15010,#15030);
#15050=CARTESIAN_POINT('',(3.44818792991333,-16.,-0.600000000000001));
#15060=VERTEX_POINT('',#15050);
#15070=CARTESIAN_POINT('',(3.44818792991333,-15.,-0.600000000000001));
#15080=VERTEX_POINT('',#15070);
#15090=EDGE_CURVE('',#15060,#15080,#15040,.T.);
#15100=ORIENTED_EDGE('',*,*,#15090,.T.);
#15110=CARTESIAN_POINT('',(3.44818792991333,-16.,-0.600000000000001));
#15120=DIRECTION('',(-1.,0.,0.));
#15130=VECTOR('',#15120,2.44818792991333);
#15140=LINE('',#15110,#15130);
#15150=EDGE_CURVE('',#15060,#14660,#15140,.T.);
#15160=ORIENTED_EDGE('',*,*,#15150,.F.);
#15170=ORIENTED_EDGE('',*,*,#14690,.F.);
#15180=CARTESIAN_POINT('',(1.,-15.,-0.600000000000001));
#15190=DIRECTION('',(1.,0.,0.));
#15200=VECTOR('',#15190,2.44818792991333);
#15210=LINE('',#15180,#15200);
#15220=EDGE_CURVE('',#14680,#15080,#15210,.T.);
#15230=ORIENTED_EDGE('',*,*,#15220,.F.);
#15240=EDGE_LOOP('',(#15230,#15170,#15160,#15100));
#15250=FACE_OUTER_BOUND('',#15240,.T.);
#15260=ADVANCED_FACE('',(#15250),#15000,.F.);
#15270=COLOUR_RGB('',0.831372618675232,0.850980460643768,
0.858823597431183);
#15280=FILL_AREA_STYLE_COLOUR('',#15270);
#15290=FILL_AREA_STYLE('',(#15280));
#15300=SURFACE_STYLE_FILL_AREA(#15290);
#15310=SURFACE_SIDE_STYLE('',(#15300));
#15320=SURFACE_STYLE_USAGE(.BOTH.,#15310);
#15330=PRESENTATION_STYLE_ASSIGNMENT((#15320));
#15340=CARTESIAN_POINT('',(0.,-16.,0.));
#15350=DIRECTION('',(0.,1.,0.));
#15360=DIRECTION('',(0.98519655140381,0.,0.171428571428572));
#15370=AXIS2_PLACEMENT_3D('',#15340,#15350,#15360);
#15380=CYLINDRICAL_SURFACE('',#15370,3.5);
#15390=CARTESIAN_POINT('',(3.44818792991333,-16.,0.600000000000002));
#15400=DIRECTION('',(0.,1.,0.));
#15410=VECTOR('',#15400,1.);
#15420=LINE('',#15390,#15410);
#15430=CARTESIAN_POINT('',(3.44818792991333,-16.,0.600000000000002));
#15440=VERTEX_POINT('',#15430);
#15450=CARTESIAN_POINT('',(3.44818792991333,-15.,0.600000000000002));
#15460=VERTEX_POINT('',#15450);
#15470=EDGE_CURVE('',#15440,#15460,#15420,.T.);
#15480=ORIENTED_EDGE('',*,*,#15470,.T.);
#15490=CARTESIAN_POINT('',(0.,-16.,0.));
#15500=DIRECTION('',(0.,1.,0.));
#15510=DIRECTION('',(0.98519655140381,0.,0.171428571428572));
#15520=AXIS2_PLACEMENT_3D('',#15490,#15500,#15510);
#15530=CIRCLE('',#15520,3.5);
#15540=EDGE_CURVE('',#15440,#15060,#15530,.T.);
#15550=ORIENTED_EDGE('',*,*,#15540,.F.);
#15560=ORIENTED_EDGE('',*,*,#15090,.F.);
#15570=CARTESIAN_POINT('',(0.,-15.,0.));
#15580=DIRECTION('',(0.,-1.,0.));
#15590=DIRECTION('',(0.98519655140381,0.,0.171428571428572));
#15600=AXIS2_PLACEMENT_3D('',#15570,#15580,#15590);
#15610=CIRCLE('',#15600,3.5);
#15620=EDGE_CURVE('',#15080,#15460,#15610,.T.);
#15630=ORIENTED_EDGE('',*,*,#15620,.F.);
#15640=EDGE_LOOP('',(#15630,#15560,#15550,#15480));
#15650=FACE_OUTER_BOUND('',#15640,.T.);
#15660=ADVANCED_FACE('',(#15650),#15380,.F.);
#15670=COLOUR_RGB('',0.831372618675232,0.850980460643768,
0.858823597431183);
#15680=FILL_AREA_STYLE_COLOUR('',#15670);
#15690=FILL_AREA_STYLE('',(#15680));
#15700=SURFACE_STYLE_FILL_AREA(#15690);
#15710=SURFACE_SIDE_STYLE('',(#15700));
#15720=SURFACE_STYLE_USAGE(.BOTH.,#15710);
#15730=PRESENTATION_STYLE_ASSIGNMENT((#15720));
#15740=CARTESIAN_POINT('',(3.44818792991333,-16.,0.600000000000001));
#15750=DIRECTION('',(0.,0.,1.));
#15760=DIRECTION('',(1.,0.,0.));
#15770=AXIS2_PLACEMENT_3D('',#15740,#15750,#15760);
#15780=PLANE('',#15770);
#15790=CARTESIAN_POINT('',(1.,-16.,0.600000000000001));
#15800=DIRECTION('',(0.,1.,0.));
#15810=VECTOR('',#15800,1.);
#15820=LINE('',#15790,#15810);
#15830=CARTESIAN_POINT('',(1.,-16.,0.600000000000001));
#15840=VERTEX_POINT('',#15830);
#15850=CARTESIAN_POINT('',(1.,-15.,0.600000000000001));
#15860=VERTEX_POINT('',#15850);
#15870=EDGE_CURVE('',#15840,#15860,#15820,.T.);
#15880=ORIENTED_EDGE('',*,*,#15870,.T.);
#15890=CARTESIAN_POINT('',(1.,-16.,0.600000000000001));
#15900=DIRECTION('',(1.,0.,0.));
#15910=VECTOR('',#15900,2.44818792991333);
#15920=LINE('',#15890,#15910);
#15930=EDGE_CURVE('',#15840,#15440,#15920,.T.);
#15940=ORIENTED_EDGE('',*,*,#15930,.F.);
#15950=ORIENTED_EDGE('',*,*,#15470,.F.);
#15960=CARTESIAN_POINT('',(3.44818792991333,-15.,0.600000000000001));
#15970=DIRECTION('',(-1.,0.,0.));
#15980=VECTOR('',#15970,2.44818792991333);
#15990=LINE('',#15960,#15980);
#16000=EDGE_CURVE('',#15460,#15860,#15990,.T.);
#16010=ORIENTED_EDGE('',*,*,#16000,.F.);
#16020=EDGE_LOOP('',(#16010,#15950,#15940,#15880));
#16030=FACE_OUTER_BOUND('',#16020,.T.);
#16040=ADVANCED_FACE('',(#16030),#15780,.F.);
#16050=COLOUR_RGB('',0.831372618675232,0.850980460643768,
0.858823597431183);
#16060=FILL_AREA_STYLE_COLOUR('',#16050);
#16070=FILL_AREA_STYLE('',(#16060));
#16080=SURFACE_STYLE_FILL_AREA(#16070);
#16090=SURFACE_SIDE_STYLE('',(#16080));
#16100=SURFACE_STYLE_USAGE(.BOTH.,#16090);
#16110=PRESENTATION_STYLE_ASSIGNMENT((#16100));
#16120=CARTESIAN_POINT('',(1.,-16.,1.));
#16130=DIRECTION('',(0.,1.,0.));
#16140=DIRECTION('',(0.,0.,1.));
#16150=AXIS2_PLACEMENT_3D('',#16120,#16130,#16140);
#16160=CYLINDRICAL_SURFACE('',#16150,0.4);
#16170=CARTESIAN_POINT('',(0.600000000000001,-16.,1.));
#16180=DIRECTION('',(0.,1.,0.));
#16190=VECTOR('',#16180,1.);
#16200=LINE('',#16170,#16190);
#16210=CARTESIAN_POINT('',(0.600000000000001,-16.,1.));
#16220=VERTEX_POINT('',#16210);
#16230=CARTESIAN_POINT('',(0.600000000000001,-15.,1.));
#16240=VERTEX_POINT('',#16230);
#16250=EDGE_CURVE('',#16220,#16240,#16200,.T.);
#16260=ORIENTED_EDGE('',*,*,#16250,.T.);
#16270=CARTESIAN_POINT('',(1.,-16.,1.));
#16280=DIRECTION('',(0.,-1.,0.));
#16290=DIRECTION('',(0.,0.,1.));
#16300=AXIS2_PLACEMENT_3D('',#16270,#16280,#16290);
#16310=CIRCLE('',#16300,0.4);
#16320=EDGE_CURVE('',#16220,#15840,#16310,.T.);
#16330=ORIENTED_EDGE('',*,*,#16320,.F.);
#16340=ORIENTED_EDGE('',*,*,#15870,.F.);
#16350=CARTESIAN_POINT('',(1.,-15.,1.));
#16360=DIRECTION('',(0.,1.,0.));
#16370=DIRECTION('',(0.,0.,1.));
#16380=AXIS2_PLACEMENT_3D('',#16350,#16360,#16370);
#16390=CIRCLE('',#16380,0.4);
#16400=EDGE_CURVE('',#15860,#16240,#16390,.T.);
#16410=ORIENTED_EDGE('',*,*,#16400,.F.);
#16420=EDGE_LOOP('',(#16410,#16340,#16330,#16260));
#16430=FACE_OUTER_BOUND('',#16420,.T.);
#16440=ADVANCED_FACE('',(#16430),#16160,.T.);
#16450=COLOUR_RGB('',0.831372618675232,0.850980460643768,
0.858823597431183);
#16460=FILL_AREA_STYLE_COLOUR('',#16450);
#16470=FILL_AREA_STYLE('',(#16460));
#16480=SURFACE_STYLE_FILL_AREA(#16470);
#16490=SURFACE_SIDE_STYLE('',(#16480));
#16500=SURFACE_STYLE_USAGE(.BOTH.,#16490);
#16510=PRESENTATION_STYLE_ASSIGNMENT((#16500));
#16520=CARTESIAN_POINT('',(-1.,-16.,1.));
#16530=DIRECTION('',(0.,1.,0.));
#16540=DIRECTION('',(-1.,0.,0.));
#16550=AXIS2_PLACEMENT_3D('',#16520,#16530,#16540);
#16560=CYLINDRICAL_SURFACE('',#16550,0.4);
#16570=CARTESIAN_POINT('',(-1.,-16.,0.600000000000001));
#16580=DIRECTION('',(0.,1.,0.));
#16590=VECTOR('',#16580,1.);
#16600=LINE('',#16570,#16590);
#16610=CARTESIAN_POINT('',(-1.,-16.,0.600000000000001));
#16620=VERTEX_POINT('',#16610);
#16630=CARTESIAN_POINT('',(-1.,-15.,0.600000000000001));
#16640=VERTEX_POINT('',#16630);
#16650=EDGE_CURVE('',#16620,#16640,#16600,.T.);
#16660=ORIENTED_EDGE('',*,*,#16650,.T.);
#16670=CARTESIAN_POINT('',(-1.,-16.,1.));
#16680=DIRECTION('',(0.,-1.,0.));
#16690=DIRECTION('',(-1.,0.,0.));
#16700=AXIS2_PLACEMENT_3D('',#16670,#16680,#16690);
#16710=CIRCLE('',#16700,0.4);
#16720=CARTESIAN_POINT('',(-0.6,-16.,1.));
#16730=VERTEX_POINT('',#16720);
#16740=EDGE_CURVE('',#16620,#16730,#16710,.T.);
#16750=ORIENTED_EDGE('',*,*,#16740,.F.);
#16760=CARTESIAN_POINT('',(-0.6,-16.,1.));
#16770=DIRECTION('',(0.,1.,0.));
#16780=VECTOR('',#16770,1.);
#16790=LINE('',#16760,#16780);
#16800=CARTESIAN_POINT('',(-0.6,-15.,1.));
#16810=VERTEX_POINT('',#16800);
#16820=EDGE_CURVE('',#16730,#16810,#16790,.T.);
#16830=ORIENTED_EDGE('',*,*,#16820,.F.);
#16840=CARTESIAN_POINT('',(-1.,-15.,1.));
#16850=DIRECTION('',(0.,1.,0.));
#16860=DIRECTION('',(-1.,0.,0.));
#16870=AXIS2_PLACEMENT_3D('',#16840,#16850,#16860);
#16880=CIRCLE('',#16870,0.4);
#16890=EDGE_CURVE('',#16810,#16640,#16880,.T.);
#16900=ORIENTED_EDGE('',*,*,#16890,.F.);
#16910=EDGE_LOOP('',(#16900,#16830,#16750,#16660));
#16920=FACE_OUTER_BOUND('',#16910,.T.);
#16930=ADVANCED_FACE('',(#16920),#16560,.T.);
#16940=COLOUR_RGB('',0.831372618675232,0.850980460643768,
0.858823597431183);
#16950=FILL_AREA_STYLE_COLOUR('',#16940);
#16960=FILL_AREA_STYLE('',(#16950));
#16970=SURFACE_STYLE_FILL_AREA(#16960);
#16980=SURFACE_SIDE_STYLE('',(#16970));
#16990=SURFACE_STYLE_USAGE(.BOTH.,#16980);
#17000=PRESENTATION_STYLE_ASSIGNMENT((#16990));
#17010=CARTESIAN_POINT('',(-1.,-16.,0.600000000000001));
#17020=DIRECTION('',(0.,0.,1.));
#17030=DIRECTION('',(1.,0.,0.));
#17040=AXIS2_PLACEMENT_3D('',#17010,#17020,#17030);
#17050=PLANE('',#17040);
#17060=ORIENTED_EDGE('',*,*,#12430,.T.);
#17070=CARTESIAN_POINT('',(-3.44818792991333,-16.,0.600000000000001));
#17080=DIRECTION('',(1.,0.,0.));
#17090=VECTOR('',#17080,2.44818792991333);
#17100=LINE('',#17070,#17090);
#17110=EDGE_CURVE('',#12340,#16620,#17100,.T.);
#17120=ORIENTED_EDGE('',*,*,#17110,.F.);
#17130=ORIENTED_EDGE('',*,*,#16650,.F.);
#17140=CARTESIAN_POINT('',(-1.,-15.,0.600000000000001));
#17150=DIRECTION('',(-1.,0.,0.));
#17160=VECTOR('',#17150,2.44818792991333);
#17170=LINE('',#17140,#17160);
#17180=EDGE_CURVE('',#16640,#12420,#17170,.T.);
#17190=ORIENTED_EDGE('',*,*,#17180,.F.);
#17200=EDGE_LOOP('',(#17190,#17130,#17120,#17060));
#17210=FACE_OUTER_BOUND('',#17200,.T.);
#17220=ADVANCED_FACE('',(#17210),#17050,.F.);
#17230=COLOUR_RGB('',0.831372618675232,0.850980460643768,
0.858823597431183);
#17240=FILL_AREA_STYLE_COLOUR('',#17230);
#17250=FILL_AREA_STYLE('',(#17240));
#17260=SURFACE_STYLE_FILL_AREA(#17250);
#17270=SURFACE_SIDE_STYLE('',(#17260));
#17280=SURFACE_STYLE_USAGE(.BOTH.,#17270);
#17290=PRESENTATION_STYLE_ASSIGNMENT((#17280));
#17300=CARTESIAN_POINT('',(-1.734723E-17,-15.,-6.786512E-17));
#17310=DIRECTION('',(0.,1.,0.));
#17320=DIRECTION('',(0.,0.,1.));
#17330=AXIS2_PLACEMENT_3D('',#17300,#17310,#17320);
#17340=PLANE('',#17330);
#17350=CARTESIAN_POINT('',(0.600000000000001,-15.,1.));
#17360=DIRECTION('',(0.,0.,1.));
#17370=VECTOR('',#17360,2.2);
#17380=LINE('',#17350,#17370);
#17390=CARTESIAN_POINT('',(0.6,-15.,3.2));
#17400=VERTEX_POINT('',#17390);
#17410=EDGE_CURVE('',#16240,#17400,#17380,.T.);
#17420=ORIENTED_EDGE('',*,*,#17410,.T.);
#17430=ORIENTED_EDGE('',*,*,#16400,.T.);
#17440=ORIENTED_EDGE('',*,*,#16000,.T.);
#17450=ORIENTED_EDGE('',*,*,#15620,.T.);
#17460=ORIENTED_EDGE('',*,*,#15220,.T.);
#17470=ORIENTED_EDGE('',*,*,#14840,.T.);
#17480=ORIENTED_EDGE('',*,*,#14440,.T.);
#17490=ORIENTED_EDGE('',*,*,#14060,.T.);
#17500=ORIENTED_EDGE('',*,*,#13660,.T.);
#17510=ORIENTED_EDGE('',*,*,#13280,.T.);
#17520=ORIENTED_EDGE('',*,*,#12880,.T.);
#17530=ORIENTED_EDGE('',*,*,#12500,.T.);
#17540=ORIENTED_EDGE('',*,*,#17180,.T.);
#17550=ORIENTED_EDGE('',*,*,#16890,.T.);
#17560=CARTESIAN_POINT('',(-0.6,-15.,3.2));
#17570=DIRECTION('',(0.,0.,-1.));
#17580=VECTOR('',#17570,2.2);
#17590=LINE('',#17560,#17580);
#17600=CARTESIAN_POINT('',(-0.6,-15.,3.2));
#17610=VERTEX_POINT('',#17600);
#17620=EDGE_CURVE('',#17610,#16810,#17590,.T.);
#17630=ORIENTED_EDGE('',*,*,#17620,.T.);
#17640=CARTESIAN_POINT('',(0.,-15.,3.2));
#17650=DIRECTION('',(0.,-1.,0.));
#17660=DIRECTION('',(1.,0.,0.));
#17670=AXIS2_PLACEMENT_3D('',#17640,#17650,#17660);
#17680=CIRCLE('',#17670,0.6);
#17690=EDGE_CURVE('',#17610,#17400,#17680,.T.);
#17700=ORIENTED_EDGE('',*,*,#17690,.F.);
#17710=EDGE_LOOP('',(#17700,#17630,#17550,#17540,#17530,#17520,#17510,
#17500,#17490,#17480,#17470,#17460,#17450,#17440,#17430,#17420));
#17720=FACE_OUTER_BOUND('',#17710,.T.);
#17730=EDGE_CURVE('',#9440,#9250,#9510,.T.);
#17740=ORIENTED_EDGE('',*,*,#17730,.F.);
#17750=ORIENTED_EDGE('',*,*,#9520,.F.);
#17760=EDGE_LOOP('',(#17750,#17740));
#17770=FACE_BOUND('',#17760,.T.);
#17780=ADVANCED_FACE('',(#17720,#17770),#17340,.F.);
#17790=COLOUR_RGB('',0.831372618675232,0.850980460643768,
0.858823597431183);
#17800=FILL_AREA_STYLE_COLOUR('',#17790);
#17810=FILL_AREA_STYLE('',(#17800));
#17820=SURFACE_STYLE_FILL_AREA(#17810);
#17830=SURFACE_SIDE_STYLE('',(#17820));
#17840=SURFACE_STYLE_USAGE(.BOTH.,#17830);
#17850=PRESENTATION_STYLE_ASSIGNMENT((#17840));
#17860=CARTESIAN_POINT('',(-0.6,-16.,3.95474398665704));
#17870=DIRECTION('',(-1.,0.,0.));
#17880=DIRECTION('',(0.,0.,1.));
#17890=AXIS2_PLACEMENT_3D('',#17860,#17870,#17880);
#17900=PLANE('',#17890);
#17910=ORIENTED_EDGE('',*,*,#11730,.F.);
#17920=CARTESIAN_POINT('',(-0.6,-16.,3.95474398665704));
#17930=DIRECTION('',(0.,1.,0.));
#17940=VECTOR('',#17930,1.);
#17950=LINE('',#17920,#17940);
#17960=CARTESIAN_POINT('',(-0.6,3.5527136788005E-15,3.95474398665704));
#17970=VERTEX_POINT('',#17960);
#17980=EDGE_CURVE('',#11720,#17970,#17950,.T.);
#17990=ORIENTED_EDGE('',*,*,#17980,.F.);
#18000=CARTESIAN_POINT('',(-0.6,2.220446E-15,3.95474398665704));
#18010=DIRECTION('',(0.,0.,-1.));
#18020=VECTOR('',#18010,0.754743986657038);
#18030=LINE('',#18000,#18020);
#18040=CARTESIAN_POINT('',(-0.6,3.5527136788005E-15,3.2));
#18050=VERTEX_POINT('',#18040);
#18060=EDGE_CURVE('',#17970,#18050,#18030,.T.);
#18070=ORIENTED_EDGE('',*,*,#18060,.F.);
#18080=CARTESIAN_POINT('',(-0.6,-16.,3.2));
#18090=DIRECTION('',(0.,1.,0.));
#18100=VECTOR('',#18090,1.);
#18110=LINE('',#18080,#18100);
#18120=EDGE_CURVE('',#17610,#18050,#18110,.T.);
#18130=ORIENTED_EDGE('',*,*,#18120,.T.);
#18140=ORIENTED_EDGE('',*,*,#17620,.F.);
#18150=ORIENTED_EDGE('',*,*,#16820,.T.);
#18160=CARTESIAN_POINT('',(-0.600000000000001,-16.,1.));
#18170=DIRECTION('',(0.,0.,1.));
#18180=VECTOR('',#18170,2.95474398665704);
#18190=LINE('',#18160,#18180);
#18200=EDGE_CURVE('',#16730,#11700,#18190,.T.);
#18210=ORIENTED_EDGE('',*,*,#18200,.F.);
#18220=EDGE_LOOP('',(#18210,#18150,#18140,#18130,#18070,#17990,#17910));
#18230=FACE_OUTER_BOUND('',#18220,.T.);
#18240=ADVANCED_FACE('',(#18230),#17900,.F.);
#18250=COLOUR_RGB('',0.831372618675232,0.850980460643768,
0.858823597431183);
#18260=FILL_AREA_STYLE_COLOUR('',#18250);
#18270=FILL_AREA_STYLE('',(#18260));
#18280=SURFACE_STYLE_FILL_AREA(#18270);
#18290=SURFACE_SIDE_STYLE('',(#18280));
#18300=SURFACE_STYLE_USAGE(.BOTH.,#18290);
#18310=PRESENTATION_STYLE_ASSIGNMENT((#18300));
#18320=CARTESIAN_POINT('',(0.,-16.,2.00000000000001));
#18330=DIRECTION('',(0.,-1.,0.));
#18340=DIRECTION('',(0.,0.,-1.));
#18350=AXIS2_PLACEMENT_3D('',#18320,#18330,#18340);
#18360=PLANE('',#18350);
#18370=CARTESIAN_POINT('',(0.599999999999999,-16.,3.95474398665704));
#18380=VERTEX_POINT('',#18370);
#18390=EDGE_CURVE('',#18380,#11810,#11790,.T.);
#18400=ORIENTED_EDGE('',*,*,#18390,.F.);
#18410=ORIENTED_EDGE('',*,*,#11820,.F.);
#18420=ORIENTED_EDGE('',*,*,#18200,.T.);
#18430=ORIENTED_EDGE('',*,*,#16740,.T.);
#18440=ORIENTED_EDGE('',*,*,#17110,.T.);
#18450=ORIENTED_EDGE('',*,*,#12350,.T.);
#18460=ORIENTED_EDGE('',*,*,#12810,.T.);
#18470=ORIENTED_EDGE('',*,*,#13200,.T.);
#18480=ORIENTED_EDGE('',*,*,#13590,.T.);
#18490=ORIENTED_EDGE('',*,*,#13980,.T.);
#18500=ORIENTED_EDGE('',*,*,#14370,.T.);
#18510=ORIENTED_EDGE('',*,*,#14760,.T.);
#18520=ORIENTED_EDGE('',*,*,#15150,.T.);
#18530=ORIENTED_EDGE('',*,*,#15540,.T.);
#18540=ORIENTED_EDGE('',*,*,#15930,.T.);
#18550=ORIENTED_EDGE('',*,*,#16320,.T.);
#18560=CARTESIAN_POINT('',(0.599999999999999,-16.,3.95474398665704));
#18570=DIRECTION('',(0.,0.,-1.));
#18580=VECTOR('',#18570,2.95474398665704);
#18590=LINE('',#18560,#18580);
#18600=EDGE_CURVE('',#18380,#16220,#18590,.T.);
#18610=ORIENTED_EDGE('',*,*,#18600,.T.);
#18620=EDGE_LOOP('',(#18610,#18550,#18540,#18530,#18520,#18510,#18500,
#18490,#18480,#18470,#18460,#18450,#18440,#18430,#18420,#18410,#18400));
#18630=FACE_OUTER_BOUND('',#18620,.T.);
#18640=ORIENTED_EDGE('',*,*,#9860,.T.);
#18650=EDGE_CURVE('',#9850,#9740,#9830,.T.);
#18660=ORIENTED_EDGE('',*,*,#18650,.T.);
#18670=EDGE_LOOP('',(#18660,#18640));
#18680=FACE_BOUND('',#18670,.T.);
#18690=EDGE_CURVE('',#10340,#10230,#10320,.T.);
#18700=ORIENTED_EDGE('',*,*,#18690,.T.);
#18710=ORIENTED_EDGE('',*,*,#10350,.T.);
#18720=EDGE_LOOP('',(#18710,#18700));
#18730=FACE_BOUND('',#18720,.T.);
#18740=EDGE_CURVE('',#10720,#10910,#10980,.T.);
#18750=ORIENTED_EDGE('',*,*,#18740,.T.);
#18760=ORIENTED_EDGE('',*,*,#10990,.T.);
#18770=EDGE_LOOP('',(#18760,#18750));
#18780=FACE_BOUND('',#18770,.T.);
#18790=EDGE_CURVE('',#11320,#11210,#11300,.T.);
#18800=ORIENTED_EDGE('',*,*,#18790,.T.);
#18810=ORIENTED_EDGE('',*,*,#11330,.T.);
#18820=EDGE_LOOP('',(#18810,#18800));
#18830=FACE_BOUND('',#18820,.T.);
#18840=ADVANCED_FACE('',(#18630,#18680,#18730,#18780,#18830),#18360,.T.)
;
#18850=COLOUR_RGB('',0.831372618675232,0.850980460643768,
0.858823597431183);
#18860=FILL_AREA_STYLE_COLOUR('',#18850);
#18870=FILL_AREA_STYLE('',(#18860));
#18880=SURFACE_STYLE_FILL_AREA(#18870);
#18890=SURFACE_SIDE_STYLE('',(#18880));
#18900=SURFACE_STYLE_USAGE(.BOTH.,#18890);
#18910=PRESENTATION_STYLE_ASSIGNMENT((#18900));
#18920=CARTESIAN_POINT('',(0.,-16.,0.));
#18930=DIRECTION('',(0.,1.,0.));
#18940=DIRECTION('',(-0.15,0.,0.988685996664259));
#18950=AXIS2_PLACEMENT_3D('',#18920,#18930,#18940);
#18960=CYLINDRICAL_SURFACE('',#18950,4.);
#18970=CARTESIAN_POINT('',(0.599999999999999,-7.55000000000001,
3.95474398665706));
#18980=DIRECTION('',(0.,1.,0.));
#18990=VECTOR('',#18980,7.55000000000001);
#19000=LINE('',#18970,#18990);
#19010=CARTESIAN_POINT('',(0.599999999999997,-7.55000000000001,
3.95474398665706));
#19020=VERTEX_POINT('',#19010);
#19030=CARTESIAN_POINT('',(0.599999999999999,2.220446E-15,
3.95474398665704));
#19040=VERTEX_POINT('',#19030);
#19050=EDGE_CURVE('',#19020,#19040,#19000,.T.);
#19060=ORIENTED_EDGE('',*,*,#19050,.F.);
#19070=CARTESIAN_POINT('',(0.,0.,0.));
#19080=DIRECTION('',(0.,-1.,0.));
#19090=DIRECTION('',(-0.15,0.,0.988685996664259));
#19100=AXIS2_PLACEMENT_3D('',#19070,#19080,#19090);
#19110=CIRCLE('',#19100,4.);
#19120=EDGE_CURVE('',#19040,#17970,#19110,.T.);
#19130=ORIENTED_EDGE('',*,*,#19120,.F.);
#19140=ORIENTED_EDGE('',*,*,#17980,.T.);
#19150=EDGE_CURVE('',#11720,#19020,#11960,.T.);
#19160=ORIENTED_EDGE('',*,*,#19150,.F.);
#19170=EDGE_LOOP('',(#19160,#19140,#19130,#19060));
#19180=FACE_OUTER_BOUND('',#19170,.T.);
#19190=ADVANCED_FACE('',(#19180),#18960,.F.);
#19200=COLOUR_RGB('',0.831372618675232,0.850980460643768,
0.858823597431183);
#19210=FILL_AREA_STYLE_COLOUR('',#19200);
#19220=FILL_AREA_STYLE('',(#19210));
#19230=SURFACE_STYLE_FILL_AREA(#19220);
#19240=SURFACE_SIDE_STYLE('',(#19230));
#19250=SURFACE_STYLE_USAGE(.BOTH.,#19240);
#19260=PRESENTATION_STYLE_ASSIGNMENT((#19250));
#19270=CARTESIAN_POINT('',(0.,-16.,3.2));
#19280=DIRECTION('',(0.,1.,0.));
#19290=DIRECTION('',(1.,0.,0.));
#19300=AXIS2_PLACEMENT_3D('',#19270,#19280,#19290);
#19310=CYLINDRICAL_SURFACE('',#19300,0.6);
#19320=ORIENTED_EDGE('',*,*,#18120,.F.);
#19330=CARTESIAN_POINT('',(0.,0.,3.2));
#19340=DIRECTION('',(0.,-1.,0.));
#19350=DIRECTION('',(1.,0.,0.));
#19360=AXIS2_PLACEMENT_3D('',#19330,#19340,#19350);
#19370=CIRCLE('',#19360,0.6);
#19380=CARTESIAN_POINT('',(0.6,3.5527136788005E-15,3.2));
#19390=VERTEX_POINT('',#19380);
#19400=EDGE_CURVE('',#18050,#19390,#19370,.T.);
#19410=ORIENTED_EDGE('',*,*,#19400,.F.);
#19420=CARTESIAN_POINT('',(0.6,-16.,3.2));
#19430=DIRECTION('',(0.,1.,0.));
#19440=VECTOR('',#19430,1.);
#19450=LINE('',#19420,#19440);
#19460=EDGE_CURVE('',#17400,#19390,#19450,.T.);
#19470=ORIENTED_EDGE('',*,*,#19460,.T.);
#19480=ORIENTED_EDGE('',*,*,#17690,.T.);
#19490=EDGE_LOOP('',(#19480,#19470,#19410,#19320));
#19500=FACE_OUTER_BOUND('',#19490,.T.);
#19510=ADVANCED_FACE('',(#19500),#19310,.F.);
#19520=COLOUR_RGB('',0.831372618675232,0.850980460643768,
0.858823597431183);
#19530=FILL_AREA_STYLE_COLOUR('',#19520);
#19540=FILL_AREA_STYLE('',(#19530));
#19550=SURFACE_STYLE_FILL_AREA(#19540);
#19560=SURFACE_SIDE_STYLE('',(#19550));
#19570=SURFACE_STYLE_USAGE(.BOTH.,#19560);
#19580=PRESENTATION_STYLE_ASSIGNMENT((#19570));
#19590=CARTESIAN_POINT('',(0.599999999999999,-16.,3.2));
#19600=DIRECTION('',(1.,-0.,0.));
#19610=DIRECTION('',(0.,0.,-1.));
#19620=AXIS2_PLACEMENT_3D('',#19590,#19600,#19610);
#19630=PLANE('',#19620);
#19640=ORIENTED_EDGE('',*,*,#16250,.F.);
#19650=ORIENTED_EDGE('',*,*,#17410,.F.);
#19660=ORIENTED_EDGE('',*,*,#19460,.F.);
#19670=CARTESIAN_POINT('',(0.599999999999999,2.220446E-15,3.2));
#19680=DIRECTION('',(0.,0.,1.));
#19690=VECTOR('',#19680,0.754743986657038);
#19700=LINE('',#19670,#19690);
#19710=EDGE_CURVE('',#19390,#19040,#19700,.T.);
#19720=ORIENTED_EDGE('',*,*,#19710,.F.);
#19730=ORIENTED_EDGE('',*,*,#19050,.T.);
#19740=CARTESIAN_POINT('',(0.599999999999999,-7.55000000000001,
3.95474398665706));
#19750=DIRECTION('',(0.,-1.,0.));
#19760=VECTOR('',#19750,8.44999999999999);
#19770=LINE('',#19740,#19760);
#19780=EDGE_CURVE('',#19020,#18380,#19770,.T.);
#19790=ORIENTED_EDGE('',*,*,#19780,.F.);
#19800=ORIENTED_EDGE('',*,*,#18600,.F.);
#19810=EDGE_LOOP('',(#19800,#19790,#19730,#19720,#19660,#19650,#19640));
#19820=FACE_OUTER_BOUND('',#19810,.T.);
#19830=ADVANCED_FACE('',(#19820),#19630,.F.);
#19840=COLOUR_RGB('',0.831372618675232,0.850980460643768,
0.858823597431183);
#19850=FILL_AREA_STYLE_COLOUR('',#19840);
#19860=FILL_AREA_STYLE('',(#19850));
#19870=SURFACE_STYLE_FILL_AREA(#19860);
#19880=SURFACE_SIDE_STYLE('',(#19870));
#19890=SURFACE_STYLE_USAGE(.BOTH.,#19880);
#19900=PRESENTATION_STYLE_ASSIGNMENT((#19890));
#19910=CARTESIAN_POINT('',(-1.214306E-16,2.220446E-15,3.38749883419012))
;
#19920=DIRECTION('',(0.,1.,0.));
#19930=DIRECTION('',(0.,0.,1.));
#19940=AXIS2_PLACEMENT_3D('',#19910,#19920,#19930);
#19950=PLANE('',#19940);
#19960=ORIENTED_EDGE('',*,*,#19120,.T.);
#19970=ORIENTED_EDGE('',*,*,#19710,.T.);
#19980=ORIENTED_EDGE('',*,*,#19400,.T.);
#19990=ORIENTED_EDGE('',*,*,#18060,.T.);
#20000=EDGE_LOOP('',(#19990,#19980,#19970,#19960));
#20010=FACE_OUTER_BOUND('',#20000,.T.);
#20020=ADVANCED_FACE('',(#20010),#19950,.F.);
#20030=COLOUR_RGB('',0.831372618675232,0.850980460643768,
0.858823597431183);
#20040=FILL_AREA_STYLE_COLOUR('',#20030);
#20050=FILL_AREA_STYLE('',(#20040));
#20060=SURFACE_STYLE_FILL_AREA(#20050);
#20070=SURFACE_SIDE_STYLE('',(#20060));
#20080=SURFACE_STYLE_USAGE(.BOTH.,#20070);
#20090=PRESENTATION_STYLE_ASSIGNMENT((#20080));
#20100=CARTESIAN_POINT('',(2.5,0.,-8.5));
#20110=DIRECTION('',(0.,0.,-1.));
#20120=DIRECTION('',(-1.,0.,0.));
#20130=AXIS2_PLACEMENT_3D('',#20100,#20110,#20120);
#20140=PLANE('',#20130);
#20150=CARTESIAN_POINT('',(9.75,0.,-8.5));
#20160=DIRECTION('',(0.,1.,0.));
#20170=VECTOR('',#20160,8.);
#20180=LINE('',#20150,#20170);
#20190=CARTESIAN_POINT('',(9.75,0.,-8.5));
#20200=VERTEX_POINT('',#20190);
#20210=CARTESIAN_POINT('',(9.75,8.,-8.5));
#20220=VERTEX_POINT('',#20210);
#20230=EDGE_CURVE('',#20200,#20220,#20180,.T.);
#20240=ORIENTED_EDGE('',*,*,#20230,.F.);
#20250=CARTESIAN_POINT('',(3.1,8.,-8.5));
#20260=DIRECTION('',(1.,0.,0.));
#20270=VECTOR('',#20260,6.65);
#20280=LINE('',#20250,#20270);
#20290=CARTESIAN_POINT('',(3.1,8.,-8.5));
#20300=VERTEX_POINT('',#20290);
#20310=EDGE_CURVE('',#20300,#20220,#20280,.T.);
#20320=ORIENTED_EDGE('',*,*,#20310,.T.);
#20330=CARTESIAN_POINT('',(3.1,2.,-8.5));
#20340=DIRECTION('',(0.,1.,0.));
#20350=VECTOR('',#20340,6.);
#20360=LINE('',#20330,#20350);
#20370=CARTESIAN_POINT('',(3.1,2.,-8.5));
#20380=VERTEX_POINT('',#20370);
#20390=EDGE_CURVE('',#20380,#20300,#20360,.T.);
#20400=ORIENTED_EDGE('',*,*,#20390,.T.);
#20410=CARTESIAN_POINT('',(2.5,2.,-8.5));
#20420=DIRECTION('',(1.,0.,0.));
#20430=VECTOR('',#20420,0.599999999999997);
#20440=LINE('',#20410,#20430);
#20450=CARTESIAN_POINT('',(2.5,2.,-8.5));
#20460=VERTEX_POINT('',#20450);
#20470=EDGE_CURVE('',#20460,#20380,#20440,.T.);
#20480=ORIENTED_EDGE('',*,*,#20470,.T.);
#20490=CARTESIAN_POINT('',(2.5,-1.5,-8.5));
#20500=DIRECTION('',(0.,1.,0.));
#20510=VECTOR('',#20500,3.5);
#20520=LINE('',#20490,#20510);
#20530=CARTESIAN_POINT('',(2.5,-1.5,-8.5));
#20540=VERTEX_POINT('',#20530);
#20550=EDGE_CURVE('',#20540,#20460,#20520,.T.);
#20560=ORIENTED_EDGE('',*,*,#20550,.T.);
#20570=CARTESIAN_POINT('',(7.49999999999999,-1.5,-8.5));
#20580=DIRECTION('',(-1.,0.,0.));
#20590=VECTOR('',#20580,5.);
#20600=LINE('',#20570,#20590);
#20610=CARTESIAN_POINT('',(7.49999999999999,-1.5,-8.5));
#20620=VERTEX_POINT('',#20610);
#20630=EDGE_CURVE('',#20620,#20540,#20600,.T.);
#20640=ORIENTED_EDGE('',*,*,#20630,.T.);
#20650=CARTESIAN_POINT('',(7.49999999999999,0.,-8.5));
#20660=DIRECTION('',(0.,-1.,0.));
#20670=VECTOR('',#20660,1.5);
#20680=LINE('',#20650,#20670);
#20690=CARTESIAN_POINT('',(7.49999999999999,0.,-8.5));
#20700=VERTEX_POINT('',#20690);
#20710=EDGE_CURVE('',#20700,#20620,#20680,.T.);
#20720=ORIENTED_EDGE('',*,*,#20710,.T.);
#20730=CARTESIAN_POINT('',(9.75,0.,-8.5));
#20740=DIRECTION('',(-1.,0.,0.));
#20750=VECTOR('',#20740,2.25000000000001);
#20760=LINE('',#20730,#20750);
#20770=EDGE_CURVE('',#20200,#20700,#20760,.T.);
#20780=ORIENTED_EDGE('',*,*,#20770,.T.);
#20790=EDGE_LOOP('',(#20780,#20720,#20640,#20560,#20480,#20400,#20320,
#20240));
#20800=FACE_OUTER_BOUND('',#20790,.T.);
#20810=ADVANCED_FACE('',(#20800),#20140,.T.);
#20820=COLOUR_RGB('',0.831372618675232,0.850980460643768,
0.858823597431183);
#20830=FILL_AREA_STYLE_COLOUR('',#20820);
#20840=FILL_AREA_STYLE('',(#20830));
#20850=SURFACE_STYLE_FILL_AREA(#20840);
#20860=SURFACE_SIDE_STYLE('',(#20850));
#20870=SURFACE_STYLE_USAGE(.BOTH.,#20860);
#20880=PRESENTATION_STYLE_ASSIGNMENT((#20870));
#20890=CARTESIAN_POINT('',(0.,-2.,7.575));
#20900=DIRECTION('',(0.,-1.,0.));
#20910=DIRECTION('',(0.,0.,-1.));
#20920=AXIS2_PLACEMENT_3D('',#20890,#20900,#20910);
#20930=PLANE('',#20920);
#20940=CARTESIAN_POINT('',(0.,-2.,0.));
#20950=DIRECTION('',(0.,1.,0.));
#20960=DIRECTION('',(0.,0.,1.));
#20970=AXIS2_PLACEMENT_3D('',#20940,#20950,#20960);
#20980=CIRCLE('',#20970,8.50000000000001);
#20990=CARTESIAN_POINT('',(8.4951905283833,-2.,-0.285898384862189));
#21000=VERTEX_POINT('',#20990);
#21010=EDGE_CURVE('',#3350,#21000,#20980,.T.);
#21020=ORIENTED_EDGE('',*,*,#21010,.F.);
#21030=CARTESIAN_POINT('',(4.49519052838324,-2.,-7.2141016151378));
#21040=DIRECTION('',(0.5,0.,0.866025403784439));
#21050=VECTOR('',#21040,8.00000000000012);
#21060=LINE('',#21030,#21050);
#21070=EDGE_CURVE('',#2670,#21000,#21060,.T.);
#21080=ORIENTED_EDGE('',*,*,#21070,.T.);
#21090=ORIENTED_EDGE('',*,*,#2680,.F.);
#21100=CARTESIAN_POINT('',(-4.,-2.,-7.50000000000001));
#21110=DIRECTION('',(1.,0.,0.));
#21120=VECTOR('',#21110,8.);
#21130=LINE('',#21100,#21120);
#21140=CARTESIAN_POINT('',(-4.,-2.,-7.50000000000001));
#21150=VERTEX_POINT('',#21140);
#21160=EDGE_CURVE('',#21150,#2580,#21130,.T.);
#21170=ORIENTED_EDGE('',*,*,#21160,.T.);
#21180=CARTESIAN_POINT('',(0.,-2.,0.));
#21190=DIRECTION('',(0.,1.,0.));
#21200=DIRECTION('',(0.,0.,1.));
#21210=AXIS2_PLACEMENT_3D('',#21180,#21190,#21200);
#21220=CIRCLE('',#21210,8.50000000000001);
#21230=CARTESIAN_POINT('',(-4.49519052838333,-2.,-7.21410161513774));
#21240=VERTEX_POINT('',#21230);
#21250=EDGE_CURVE('',#21150,#21240,#21220,.T.);
#21260=ORIENTED_EDGE('',*,*,#21250,.F.);
#21270=CARTESIAN_POINT('',(-8.4951905283833,-2.,-0.285898384862294));
#21280=DIRECTION('',(0.5,0.,-0.866025403784438));
#21290=VECTOR('',#21280,7.99999999999993);
#21300=LINE('',#21270,#21290);
#21310=EDGE_CURVE('',#1410,#21240,#21300,.T.);
#21320=ORIENTED_EDGE('',*,*,#21310,.T.);
#21330=ORIENTED_EDGE('',*,*,#1420,.F.);
#21340=CARTESIAN_POINT('',(-4.49519052838332,-2.,7.21410161513775));
#21350=DIRECTION('',(-0.5,0.,-0.866025403784439));
#21360=VECTOR('',#21350,7.99999999999997);
#21370=LINE('',#21340,#21360);
#21380=CARTESIAN_POINT('',(-4.49519052838332,-2.,7.21410161513775));
#21390=VERTEX_POINT('',#21380);
#21400=EDGE_CURVE('',#21390,#1320,#21370,.T.);
#21410=ORIENTED_EDGE('',*,*,#21400,.T.);
#21420=CARTESIAN_POINT('',(0.,-2.,0.));
#21430=DIRECTION('',(0.,1.,0.));
#21440=DIRECTION('',(0.,0.,1.));
#21450=AXIS2_PLACEMENT_3D('',#21420,#21430,#21440);
#21460=CIRCLE('',#21450,8.50000000000001);
#21470=CARTESIAN_POINT('',(-4.00000000000005,-2.,7.49999999999999));
#21480=VERTEX_POINT('',#21470);
#21490=EDGE_CURVE('',#21390,#21480,#21460,.T.);
#21500=ORIENTED_EDGE('',*,*,#21490,.F.);
#21510=CARTESIAN_POINT('',(4.00000000000004,-2.,7.49999999999999));
#21520=DIRECTION('',(-1.,0.,0.));
#21530=VECTOR('',#21520,8.00000000000009);
#21540=LINE('',#21510,#21530);
#21550=CARTESIAN_POINT('',(4.00000000000004,-2.,7.49999999999999));
#21560=VERTEX_POINT('',#21550);
#21570=EDGE_CURVE('',#21560,#21480,#21540,.T.);
#21580=ORIENTED_EDGE('',*,*,#21570,.T.);
#21590=CARTESIAN_POINT('',(0.,-2.,0.));
#21600=DIRECTION('',(0.,1.,0.));
#21610=DIRECTION('',(0.,0.,1.));
#21620=AXIS2_PLACEMENT_3D('',#21590,#21600,#21610);
#21630=CIRCLE('',#21620,8.50000000000001);
#21640=EDGE_CURVE('',#21560,#3430,#21630,.T.);
#21650=ORIENTED_EDGE('',*,*,#21640,.F.);
#21660=ORIENTED_EDGE('',*,*,#3440,.T.);
#21670=EDGE_LOOP('',(#21660,#21650,#21580,#21500,#21410,#21330,#21320,
#21260,#21170,#21090,#21080,#21020));
#21680=FACE_OUTER_BOUND('',#21670,.T.);
#21690=EDGE_CURVE('',#140,#410,#100,.T.);
#21700=ORIENTED_EDGE('',*,*,#21690,.T.);
#21710=ORIENTED_EDGE('',*,*,#150,.T.);
#21720=ORIENTED_EDGE('',*,*,#440,.T.);
#21730=EDGE_LOOP('',(#21720,#21710,#21700));
#21740=FACE_BOUND('',#21730,.T.);
#21750=ADVANCED_FACE('',(#21680,#21740),#20930,.T.);
#21760=COLOUR_RGB('',0.831372618675232,0.850980460643768,
0.858823597431183);
#21770=FILL_AREA_STYLE_COLOUR('',#21760);
#21780=FILL_AREA_STYLE('',(#21770));
#21790=SURFACE_STYLE_FILL_AREA(#21780);
#21800=SURFACE_SIDE_STYLE('',(#21790));
#21810=SURFACE_STYLE_USAGE(.BOTH.,#21800);
#21820=PRESENTATION_STYLE_ASSIGNMENT((#21810));
#21830=CARTESIAN_POINT('',(-1.76776695296637,-6.,-1.76776695296637));
#21840=DIRECTION('',(0.,-1.,0.));
#21850=DIRECTION('',(0.,0.,-1.));
#21860=AXIS2_PLACEMENT_3D('',#21830,#21840,#21850);
#21870=PLANE('',#21860);
#21880=EDGE_CURVE('',#11230,#11400,#11470,.T.);
#21890=ORIENTED_EDGE('',*,*,#21880,.T.);
#21900=ORIENTED_EDGE('',*,*,#11480,.T.);
#21910=EDGE_LOOP('',(#21900,#21890));
#21920=FACE_OUTER_BOUND('',#21910,.T.);
#21930=ADVANCED_FACE('',(#21920),#21870,.T.);
#21940=COLOUR_RGB('',0.831372618675232,0.850980460643768,
0.858823597431183);
#21950=FILL_AREA_STYLE_COLOUR('',#21940);
#21960=FILL_AREA_STYLE('',(#21950));
#21970=SURFACE_STYLE_FILL_AREA(#21960);
#21980=SURFACE_SIDE_STYLE('',(#21970));
#21990=SURFACE_STYLE_USAGE(.BOTH.,#21980);
#22000=PRESENTATION_STYLE_ASSIGNMENT((#21990));
#22010=CARTESIAN_POINT('',(4.75,0.,-8.5));
#22020=DIRECTION('',(1.,-0.,0.));
#22030=DIRECTION('',(0.,0.,-1.));
#22040=AXIS2_PLACEMENT_3D('',#22010,#22020,#22030);
#22050=PLANE('',#22040);
#22060=CARTESIAN_POINT('',(4.75,2.,2.26866535690882));
#22070=DIRECTION('',(0.,1.,0.));
#22080=VECTOR('',#22070,3.6);
#22090=LINE('',#22060,#22080);
#22100=CARTESIAN_POINT('',(4.75,2.,2.26866535690882));
#22110=VERTEX_POINT('',#22100);
#22120=CARTESIAN_POINT('',(4.75,5.6,2.26866535690882));
#22130=VERTEX_POINT('',#22120);
#22140=EDGE_CURVE('',#22110,#22130,#22090,.T.);
#22150=ORIENTED_EDGE('',*,*,#22140,.F.);
#22160=CARTESIAN_POINT('',(4.75,5.6,2.26866535690882));
#22170=DIRECTION('',(0.,0.,-1.));
#22180=VECTOR('',#22170,6.16866535690882);
#22190=LINE('',#22160,#22180);
#22200=CARTESIAN_POINT('',(4.75,5.6,-3.9));
#22210=VERTEX_POINT('',#22200);
#22220=EDGE_CURVE('',#22130,#22210,#22190,.T.);
#22230=ORIENTED_EDGE('',*,*,#22220,.F.);
#22240=CARTESIAN_POINT('',(4.75,5.6,-3.9));
#22250=DIRECTION('',(0.,-1.,0.));
#22260=VECTOR('',#22250,5.6);
#22270=LINE('',#22240,#22260);
#22280=CARTESIAN_POINT('',(4.75,0.,-3.9));
#22290=VERTEX_POINT('',#22280);
#22300=EDGE_CURVE('',#22210,#22290,#22270,.T.);
#22310=ORIENTED_EDGE('',*,*,#22300,.F.);
#22320=CARTESIAN_POINT('',(4.75,0.,-3.9));
#22330=DIRECTION('',(0.,0.,1.));
#22340=VECTOR('',#22330,9.04174095030078);
#22350=LINE('',#22320,#22340);
#22360=CARTESIAN_POINT('',(4.75,0.,5.14174095030078));
#22370=VERTEX_POINT('',#22360);
#22380=EDGE_CURVE('',#22290,#22370,#22350,.T.);
#22390=ORIENTED_EDGE('',*,*,#22380,.F.);
#22400=CARTESIAN_POINT('',(4.75,0.,5.14174095030078));
#22410=DIRECTION('',(0.,1.,0.));
#22420=VECTOR('',#22410,2.);
#22430=LINE('',#22400,#22420);
#22440=CARTESIAN_POINT('',(4.75,2.,5.14174095030078));
#22450=VERTEX_POINT('',#22440);
#22460=EDGE_CURVE('',#22370,#22450,#22430,.T.);
#22470=ORIENTED_EDGE('',*,*,#22460,.F.);
#22480=CARTESIAN_POINT('',(4.75,2.,2.26866535690882));
#22490=DIRECTION('',(0.,0.,1.));
#22500=VECTOR('',#22490,2.87307559339196);
#22510=LINE('',#22480,#22500);
#22520=EDGE_CURVE('',#22110,#22450,#22510,.T.);
#22530=ORIENTED_EDGE('',*,*,#22520,.T.);
#22540=EDGE_LOOP('',(#22530,#22470,#22390,#22310,#22230,#22150));
#22550=FACE_OUTER_BOUND('',#22540,.T.);
#22560=CARTESIAN_POINT('',(4.75,3.8,1.));
#22570=DIRECTION('',(0.,0.,-1.));
#22580=VECTOR('',#22570,2.);
#22590=LINE('',#22560,#22580);
#22600=CARTESIAN_POINT('',(4.75,3.8,1.));
#22610=VERTEX_POINT('',#22600);
#22620=CARTESIAN_POINT('',(4.75,3.8,-1.));
#22630=VERTEX_POINT('',#22620);
#22640=EDGE_CURVE('',#22610,#22630,#22590,.T.);
#22650=ORIENTED_EDGE('',*,*,#22640,.T.);
#22660=CARTESIAN_POINT('',(4.75,2.,1.));
#22670=DIRECTION('',(0.,1.,0.));
#22680=VECTOR('',#22670,1.8);
#22690=LINE('',#22660,#22680);
#22700=CARTESIAN_POINT('',(4.75,2.,1.));
#22710=VERTEX_POINT('',#22700);
#22720=EDGE_CURVE('',#22710,#22610,#22690,.T.);
#22730=ORIENTED_EDGE('',*,*,#22720,.T.);
#22740=CARTESIAN_POINT('',(4.75,2.,-1.));
#22750=DIRECTION('',(0.,0.,1.));
#22760=VECTOR('',#22750,2.);
#22770=LINE('',#22740,#22760);
#22780=CARTESIAN_POINT('',(4.75,2.,-1.));
#22790=VERTEX_POINT('',#22780);
#22800=EDGE_CURVE('',#22790,#22710,#22770,.T.);
#22810=ORIENTED_EDGE('',*,*,#22800,.T.);
#22820=CARTESIAN_POINT('',(4.75,3.8,-1.));
#22830=DIRECTION('',(0.,-1.,0.));
#22840=VECTOR('',#22830,1.8);
#22850=LINE('',#22820,#22840);
#22860=EDGE_CURVE('',#22630,#22790,#22850,.T.);
#22870=ORIENTED_EDGE('',*,*,#22860,.T.);
#22880=EDGE_LOOP('',(#22870,#22810,#22730,#22650));
#22890=FACE_BOUND('',#22880,.T.);
#22900=ADVANCED_FACE('',(#22550,#22890),#22050,.T.);
#22910=COLOUR_RGB('',0.831372618675232,0.850980460643768,
0.858823597431183);
#22920=FILL_AREA_STYLE_COLOUR('',#22910);
#22930=FILL_AREA_STYLE('',(#22920));
#22940=SURFACE_STYLE_FILL_AREA(#22930);
#22950=SURFACE_SIDE_STYLE('',(#22940));
#22960=SURFACE_STYLE_USAGE(.BOTH.,#22950);
#22970=PRESENTATION_STYLE_ASSIGNMENT((#22960));
#22980=CARTESIAN_POINT('',(-1.76776695296637,-6.,1.76776695296637));
#22990=DIRECTION('',(0.,-1.,0.));
#23000=DIRECTION('',(0.,0.,-1.));
#23010=AXIS2_PLACEMENT_3D('',#22980,#22990,#23000);
#23020=PLANE('',#23010);
#23030=ORIENTED_EDGE('',*,*,#10840,.T.);
#23040=EDGE_CURVE('',#10830,#10740,#10810,.T.);
#23050=ORIENTED_EDGE('',*,*,#23040,.T.);
#23060=EDGE_LOOP('',(#23050,#23030));
#23070=FACE_OUTER_BOUND('',#23060,.T.);
#23080=ADVANCED_FACE('',(#23070),#23020,.T.);
#23090=COLOUR_RGB('',0.831372618675232,0.850980460643768,
0.858823597431183);
#23100=FILL_AREA_STYLE_COLOUR('',#23090);
#23110=FILL_AREA_STYLE('',(#23100));
#23120=SURFACE_STYLE_FILL_AREA(#23110);
#23130=SURFACE_SIDE_STYLE('',(#23120));
#23140=SURFACE_STYLE_USAGE(.BOTH.,#23130);
#23150=PRESENTATION_STYLE_ASSIGNMENT((#23140));
#23160=CARTESIAN_POINT('',(0.,-4.3,0.));
#23170=DIRECTION('',(0.,1.,0.));
#23180=DIRECTION('',(0.,0.,1.));
#23190=AXIS2_PLACEMENT_3D('',#23160,#23170,#23180);
#23200=CYLINDRICAL_SURFACE('',#23190,7.5);
#23210=CARTESIAN_POINT('',(0.,-5.8,0.));
#23220=DIRECTION('',(0.,1.,0.));
#23230=DIRECTION('',(0.,0.,1.));
#23240=AXIS2_PLACEMENT_3D('',#23210,#23220,#23230);
#23250=CIRCLE('',#23240,7.5);
#23260=CARTESIAN_POINT('',(-7.40846902827469,-5.8,-1.16815523672786));
#23270=VERTEX_POINT('',#23260);
#23280=CARTESIAN_POINT('',(-7.40846902827469,-5.8,1.16815523672783));
#23290=VERTEX_POINT('',#23280);
#23300=EDGE_CURVE('',#23270,#23290,#23250,.T.);
#23310=ORIENTED_EDGE('',*,*,#23300,.T.);
#23320=CARTESIAN_POINT('',(-7.40846902827469,-2.8,-1.16815523672786));
#23330=DIRECTION('',(0.,-1.,0.));
#23340=VECTOR('',#23330,3.);
#23350=LINE('',#23320,#23340);
#23360=CARTESIAN_POINT('',(-7.40846902827469,-2.8,-1.16815523672786));
#23370=VERTEX_POINT('',#23360);
#23380=EDGE_CURVE('',#23370,#23270,#23350,.T.);
#23390=ORIENTED_EDGE('',*,*,#23380,.T.);
#23400=CARTESIAN_POINT('',(0.,-2.8,0.));
#23410=DIRECTION('',(0.,1.,0.));
#23420=DIRECTION('',(0.,0.,1.));
#23430=AXIS2_PLACEMENT_3D('',#23400,#23410,#23420);
#23440=CIRCLE('',#23430,7.5);
#23450=CARTESIAN_POINT('',(-7.40846902827469,-2.8,1.16815523672783));
#23460=VERTEX_POINT('',#23450);
#23470=EDGE_CURVE('',#23370,#23460,#23440,.T.);
#23480=ORIENTED_EDGE('',*,*,#23470,.F.);
#23490=CARTESIAN_POINT('',(-7.40846902827469,-5.8,1.16815523672783));
#23500=DIRECTION('',(0.,1.,0.));
#23510=VECTOR('',#23500,3.);
#23520=LINE('',#23490,#23510);
#23530=EDGE_CURVE('',#23290,#23460,#23520,.T.);
#23540=ORIENTED_EDGE('',*,*,#23530,.T.);
#23550=EDGE_LOOP('',(#23540,#23480,#23390,#23310));
#23560=FACE_OUTER_BOUND('',#23550,.T.);
#23570=ADVANCED_FACE('',(#23560),#23200,.T.);
#23580=COLOUR_RGB('',0.831372618675232,0.850980460643768,
0.858823597431183);
#23590=FILL_AREA_STYLE_COLOUR('',#23580);
#23600=FILL_AREA_STYLE('',(#23590));
#23610=SURFACE_STYLE_FILL_AREA(#23600);
#23620=SURFACE_SIDE_STYLE('',(#23610));
#23630=SURFACE_STYLE_USAGE(.BOTH.,#23620);
#23640=PRESENTATION_STYLE_ASSIGNMENT((#23630));
#23650=CARTESIAN_POINT('',(1.76776695296637,-6.,1.76776695296637));
#23660=DIRECTION('',(0.,-1.,0.));
#23670=DIRECTION('',(0.,0.,-1.));
#23680=AXIS2_PLACEMENT_3D('',#23650,#23660,#23670);
#23690=PLANE('',#23680);
#23700=EDGE_CURVE('',#10250,#10420,#10490,.T.);
#23710=ORIENTED_EDGE('',*,*,#23700,.T.);
#23720=ORIENTED_EDGE('',*,*,#10500,.T.);
#23730=EDGE_LOOP('',(#23720,#23710));
#23740=FACE_OUTER_BOUND('',#23730,.T.);
#23750=ADVANCED_FACE('',(#23740),#23690,.T.);
#23760=COLOUR_RGB('',0.831372618675232,0.850980460643768,
0.858823597431183);
#23770=FILL_AREA_STYLE_COLOUR('',#23760);
#23780=FILL_AREA_STYLE('',(#23770));
#23790=SURFACE_STYLE_FILL_AREA(#23780);
#23800=SURFACE_SIDE_STYLE('',(#23790));
#23810=SURFACE_STYLE_USAGE(.BOTH.,#23800);
#23820=PRESENTATION_STYLE_ASSIGNMENT((#23810));
#23830=CARTESIAN_POINT('',(0.,-5.8,6.87499999999999));
#23840=DIRECTION('',(0.,-1.,0.));
#23850=DIRECTION('',(0.,0.,-1.));
#23860=AXIS2_PLACEMENT_3D('',#23830,#23840,#23850);
#23870=PLANE('',#23860);
#23880=CARTESIAN_POINT('',(0.,-5.8,0.));
#23890=DIRECTION('',(0.,1.,0.));
#23900=DIRECTION('',(0.,0.,1.));
#23910=AXIS2_PLACEMENT_3D('',#23880,#23890,#23900);
#23920=CIRCLE('',#23910,7.5);
#23930=CARTESIAN_POINT('',(-4.71588662470748,-5.8,5.83184476327218));
#23940=VERTEX_POINT('',#23930);
#23950=CARTESIAN_POINT('',(-2.69258240356729,-5.8,6.99999999999999));
#23960=VERTEX_POINT('',#23950);
#23970=EDGE_CURVE('',#23940,#23960,#23920,.T.);
#23980=ORIENTED_EDGE('',*,*,#23970,.F.);
#23990=CARTESIAN_POINT('',(2.69258240356728,-5.8,6.99999999999999));
#24000=DIRECTION('',(-1.,0.,0.));
#24010=VECTOR('',#24000,5.38516480713457);
#24020=LINE('',#23990,#24010);
#24030=CARTESIAN_POINT('',(2.69258240356728,-5.8,6.99999999999999));
#24040=VERTEX_POINT('',#24030);
#24050=EDGE_CURVE('',#24040,#23960,#24020,.T.);
#24060=ORIENTED_EDGE('',*,*,#24050,.T.);
#24070=CARTESIAN_POINT('',(0.,-5.8,0.));
#24080=DIRECTION('',(0.,1.,0.));
#24090=DIRECTION('',(0.,0.,1.));
#24100=AXIS2_PLACEMENT_3D('',#24070,#24080,#24090);
#24110=CIRCLE('',#24100,7.5);
#24120=CARTESIAN_POINT('',(4.71588662470739,-5.8,5.83184476327225));
#24130=VERTEX_POINT('',#24120);
#24140=EDGE_CURVE('',#24040,#24130,#24110,.T.);
#24150=ORIENTED_EDGE('',*,*,#24140,.F.);
#24160=CARTESIAN_POINT('',(7.40846902827471,-5.8,1.16815523672773));
#24170=DIRECTION('',(-0.5,0.,0.866025403784439));
#24180=VECTOR('',#24170,5.38516480713464);
#24190=LINE('',#24160,#24180);
#24200=CARTESIAN_POINT('',(7.40846902827471,-5.8,1.16815523672773));
#24210=VERTEX_POINT('',#24200);
#24220=EDGE_CURVE('',#24210,#24130,#24190,.T.);
#24230=ORIENTED_EDGE('',*,*,#24220,.T.);
#24240=CARTESIAN_POINT('',(0.,-5.8,0.));
#24250=DIRECTION('',(0.,1.,0.));
#24260=DIRECTION('',(0.,0.,1.));
#24270=AXIS2_PLACEMENT_3D('',#24240,#24250,#24260);
#24280=CIRCLE('',#24270,7.5);
#24290=CARTESIAN_POINT('',(7.40846902827471,-5.8,-1.16815523672776));
#24300=VERTEX_POINT('',#24290);
#24310=EDGE_CURVE('',#24210,#24300,#24280,.T.);
#24320=ORIENTED_EDGE('',*,*,#24310,.F.);
#24330=CARTESIAN_POINT('',(4.71588662470741,-5.8,-5.83184476327223));
#24340=DIRECTION('',(0.5,0.,0.866025403784439));
#24350=VECTOR('',#24340,5.38516480713458);
#24360=LINE('',#24330,#24350);
#24370=CARTESIAN_POINT('',(4.71588662470741,-5.8,-5.83184476327223));
#24380=VERTEX_POINT('',#24370);
#24390=EDGE_CURVE('',#24380,#24300,#24360,.T.);
#24400=ORIENTED_EDGE('',*,*,#24390,.T.);
#24410=CARTESIAN_POINT('',(0.,-5.8,0.));
#24420=DIRECTION('',(0.,1.,0.));
#24430=DIRECTION('',(0.,0.,1.));
#24440=AXIS2_PLACEMENT_3D('',#24410,#24420,#24430);
#24450=CIRCLE('',#24440,7.5);
#24460=CARTESIAN_POINT('',(2.69258240356722,-5.8,-7.00000000000001));
#24470=VERTEX_POINT('',#24460);
#24480=EDGE_CURVE('',#24380,#24470,#24450,.T.);
#24490=ORIENTED_EDGE('',*,*,#24480,.F.);
#24500=CARTESIAN_POINT('',(-2.69258240356722,-5.8,-7.00000000000001));
#24510=DIRECTION('',(1.,0.,0.));
#24520=VECTOR('',#24510,5.38516480713445);
#24530=LINE('',#24500,#24520);
#24540=CARTESIAN_POINT('',(-2.69258240356722,-5.8,-7.00000000000001));
#24550=VERTEX_POINT('',#24540);
#24560=EDGE_CURVE('',#24550,#24470,#24530,.T.);
#24570=ORIENTED_EDGE('',*,*,#24560,.T.);
#24580=CARTESIAN_POINT('',(0.,-5.8,0.));
#24590=DIRECTION('',(0.,1.,0.));
#24600=DIRECTION('',(0.,0.,1.));
#24610=AXIS2_PLACEMENT_3D('',#24580,#24590,#24600);
#24620=CIRCLE('',#24610,7.5);
#24630=CARTESIAN_POINT('',(-4.7158866247075,-5.8,-5.83184476327216));
#24640=VERTEX_POINT('',#24630);
#24650=EDGE_CURVE('',#24550,#24640,#24620,.T.);
#24660=ORIENTED_EDGE('',*,*,#24650,.F.);
#24670=CARTESIAN_POINT('',(-7.40846902827469,-5.8,-1.16815523672786));
#24680=DIRECTION('',(0.5,0.,-0.866025403784438));
#24690=VECTOR('',#24680,5.38516480713438);
#24700=LINE('',#24670,#24690);
#24710=EDGE_CURVE('',#23270,#24640,#24700,.T.);
#24720=ORIENTED_EDGE('',*,*,#24710,.T.);
#24730=ORIENTED_EDGE('',*,*,#23300,.F.);
#24740=CARTESIAN_POINT('',(-4.71588662470748,-5.8,5.83184476327218));
#24750=DIRECTION('',(-0.5,0.,-0.866025403784439));
#24760=VECTOR('',#24750,5.38516480713443);
#24770=LINE('',#24740,#24760);
#24780=EDGE_CURVE('',#23940,#23290,#24770,.T.);
#24790=ORIENTED_EDGE('',*,*,#24780,.T.);
#24800=EDGE_LOOP('',(#24790,#24730,#24720,#24660,#24570,#24490,#24400,
#24320,#24230,#24150,#24060,#23980));
#24810=FACE_OUTER_BOUND('',#24800,.T.);
#24820=EDGE_CURVE('',#3720,#3810,#3880,.T.);
#24830=ORIENTED_EDGE('',*,*,#24820,.T.);
#24840=ORIENTED_EDGE('',*,*,#3890,.T.);
#24850=EDGE_LOOP('',(#24840,#24830));
#24860=FACE_BOUND('',#24850,.T.);
#24870=ADVANCED_FACE('',(#24810,#24860),#23870,.T.);
#24880=COLOUR_RGB('',0.831372618675232,0.850980460643768,
0.858823597431183);
#24890=FILL_AREA_STYLE_COLOUR('',#24880);
#24900=FILL_AREA_STYLE('',(#24890));
#24910=SURFACE_STYLE_FILL_AREA(#24900);
#24920=SURFACE_SIDE_STYLE('',(#24910));
#24930=SURFACE_STYLE_USAGE(.BOTH.,#24920);
#24940=PRESENTATION_STYLE_ASSIGNMENT((#24930));
#24950=CARTESIAN_POINT('',(1.76776695296637,-6.,-1.76776695296637));
#24960=DIRECTION('',(0.,-1.,0.));
#24970=DIRECTION('',(0.,0.,-1.));
#24980=AXIS2_PLACEMENT_3D('',#24950,#24960,#24970);
#24990=PLANE('',#24980);
#25000=EDGE_CURVE('',#9760,#9930,#10000,.T.);
#25010=ORIENTED_EDGE('',*,*,#25000,.T.);
#25020=ORIENTED_EDGE('',*,*,#10010,.T.);
#25030=EDGE_LOOP('',(#25020,#25010));
#25040=FACE_OUTER_BOUND('',#25030,.T.);
#25050=ADVANCED_FACE('',(#25040),#24990,.T.);
#25060=COLOUR_RGB('',0.831372618675232,0.850980460643768,
0.858823597431183);
#25070=FILL_AREA_STYLE_COLOUR('',#25060);
#25080=FILL_AREA_STYLE('',(#25070));
#25090=SURFACE_STYLE_FILL_AREA(#25080);
#25100=SURFACE_SIDE_STYLE('',(#25090));
#25110=SURFACE_STYLE_USAGE(.BOTH.,#25100);
#25120=PRESENTATION_STYLE_ASSIGNMENT((#25110));
#25130=CARTESIAN_POINT('',(-4.33012701892222,0.,-7.50000000000001));
#25140=DIRECTION('',(-0.866025403784439,0.,-0.5));
#25150=DIRECTION('',(-0.5,0.,0.866025403784439));
#25160=AXIS2_PLACEMENT_3D('',#25130,#25140,#25150);
#25170=PLANE('',#25160);
#25180=CARTESIAN_POINT('',(-4.49519052838333,0.,-7.21410161513774));
#25190=DIRECTION('',(-0.5,0.,0.866025403784439));
#25200=VECTOR('',#25190,3.8267949192431);
#25210=LINE('',#25180,#25200);
#25220=CARTESIAN_POINT('',(-4.49519052838333,0.,-7.21410161513774));
#25230=VERTEX_POINT('',#25220);
#25240=CARTESIAN_POINT('',(-6.40858798800488,0.,-3.9));
#25250=VERTEX_POINT('',#25240);
#25260=EDGE_CURVE('',#25230,#25250,#25210,.T.);
#25270=ORIENTED_EDGE('',*,*,#25260,.F.);
#25280=CARTESIAN_POINT('',(-6.40858798800488,0.,-3.9));
#25290=DIRECTION('',(-0.500000000000001,0.,0.866025403784438));
#25300=VECTOR('',#25290,4.17320508075683);
#25310=LINE('',#25280,#25300);
#25320=EDGE_CURVE('',#25250,#1220,#25310,.T.);
#25330=ORIENTED_EDGE('',*,*,#25320,.F.);
#25340=ORIENTED_EDGE('',*,*,#1480,.F.);
#25350=ORIENTED_EDGE('',*,*,#21310,.F.);
#25360=CARTESIAN_POINT('',(-4.49519052838333,-2.,-7.21410161513774));
#25370=DIRECTION('',(0.,1.,0.));
#25380=VECTOR('',#25370,2.);
#25390=LINE('',#25360,#25380);
#25400=EDGE_CURVE('',#21240,#25230,#25390,.T.);
#25410=ORIENTED_EDGE('',*,*,#25400,.F.);
#25420=EDGE_LOOP('',(#25410,#25350,#25340,#25330,#25270));
#25430=FACE_OUTER_BOUND('',#25420,.T.);
#25440=ADVANCED_FACE('',(#25430),#25170,.T.);
#25450=COLOUR_RGB('',0.831372618675232,0.850980460643768,
0.858823597431183);
#25460=FILL_AREA_STYLE_COLOUR('',#25450);
#25470=FILL_AREA_STYLE('',(#25460));
#25480=SURFACE_STYLE_FILL_AREA(#25470);
#25490=SURFACE_SIDE_STYLE('',(#25480));
#25500=SURFACE_STYLE_USAGE(.BOTH.,#25490);
#25510=PRESENTATION_STYLE_ASSIGNMENT((#25500));
#25520=CARTESIAN_POINT('',(0.,-6.,0.));
#25530=DIRECTION('',(0.,-1.,0.));
#25540=DIRECTION('',(0.,0.,-1.));
#25550=AXIS2_PLACEMENT_3D('',#25520,#25530,#25540);
#25560=PLANE('',#25550);
#25570=EDGE_CURVE('',#9360,#9270,#9340,.T.);
#25580=ORIENTED_EDGE('',*,*,#25570,.T.);
#25590=ORIENTED_EDGE('',*,*,#9370,.T.);
#25600=EDGE_LOOP('',(#25590,#25580));
#25610=FACE_OUTER_BOUND('',#25600,.T.);
#25620=ADVANCED_FACE('',(#25610),#25560,.T.);
#25630=COLOUR_RGB('',0.831372618675232,0.850980460643768,
0.858823597431183);
#25640=FILL_AREA_STYLE_COLOUR('',#25630);
#25650=FILL_AREA_STYLE('',(#25640));
#25660=SURFACE_STYLE_FILL_AREA(#25650);
#25670=SURFACE_SIDE_STYLE('',(#25660));
#25680=SURFACE_STYLE_USAGE(.BOTH.,#25670);
#25690=PRESENTATION_STYLE_ASSIGNMENT((#25680));
#25700=CARTESIAN_POINT('',(-4.04145188432741,-5.8,6.99999999999999));
#25710=DIRECTION('',(-0.866025403784439,0.,0.5));
#25720=DIRECTION('',(0.5,0.,0.866025403784439));
#25730=AXIS2_PLACEMENT_3D('',#25700,#25710,#25720);
#25740=PLANE('',#25730);
#25750=CARTESIAN_POINT('',(-7.40846902827469,-2.8,1.16815523672783));
#25760=DIRECTION('',(0.5,0.,0.866025403784439));
#25770=VECTOR('',#25760,5.38516480713443);
#25780=LINE('',#25750,#25770);
#25790=CARTESIAN_POINT('',(-4.71588662470748,-2.8,5.83184476327218));
#25800=VERTEX_POINT('',#25790);
#25810=EDGE_CURVE('',#23460,#25800,#25780,.T.);
#25820=ORIENTED_EDGE('',*,*,#25810,.F.);
#25830=CARTESIAN_POINT('',(-4.71588662470748,-2.8,5.83184476327218));
#25840=DIRECTION('',(0.,-1.,0.));
#25850=VECTOR('',#25840,3.);
#25860=LINE('',#25830,#25850);
#25870=EDGE_CURVE('',#25800,#23940,#25860,.T.);
#25880=ORIENTED_EDGE('',*,*,#25870,.F.);
#25890=ORIENTED_EDGE('',*,*,#24780,.F.);
#25900=ORIENTED_EDGE('',*,*,#23530,.F.);
#25910=EDGE_LOOP('',(#25900,#25890,#25880,#25820));
#25920=FACE_OUTER_BOUND('',#25910,.T.);
#25930=ADVANCED_FACE('',(#25920),#25740,.T.);
#25940=COLOUR_RGB('',0.831372618675232,0.850980460643768,
0.858823597431183);
#25950=FILL_AREA_STYLE_COLOUR('',#25940);
#25960=FILL_AREA_STYLE('',(#25950));
#25970=SURFACE_STYLE_FILL_AREA(#25960);
#25980=SURFACE_SIDE_STYLE('',(#25970));
#25990=SURFACE_STYLE_USAGE(.BOTH.,#25980);
#26000=PRESENTATION_STYLE_ASSIGNMENT((#25990));
#26010=CARTESIAN_POINT('',(-8.08290376865478,-5.8,-1.344118E-14));
#26020=DIRECTION('',(-0.866025403784439,0.,-0.5));
#26030=DIRECTION('',(-0.5,0.,0.866025403784439));
#26040=AXIS2_PLACEMENT_3D('',#26010,#26020,#26030);
#26050=PLANE('',#26040);
#26060=CARTESIAN_POINT('',(-4.7158866247075,-2.8,-5.83184476327216));
#26070=DIRECTION('',(-0.5,0.,0.866025403784438));
#26080=VECTOR('',#26070,5.38516480713438);
#26090=LINE('',#26060,#26080);
#26100=CARTESIAN_POINT('',(-4.7158866247075,-2.8,-5.83184476327216));
#26110=VERTEX_POINT('',#26100);
#26120=EDGE_CURVE('',#26110,#23370,#26090,.T.);
#26130=ORIENTED_EDGE('',*,*,#26120,.F.);
#26140=ORIENTED_EDGE('',*,*,#23380,.F.);
#26150=ORIENTED_EDGE('',*,*,#24710,.F.);
#26160=CARTESIAN_POINT('',(-4.7158866247075,-5.8,-5.83184476327216));
#26170=DIRECTION('',(0.,1.,0.));
#26180=VECTOR('',#26170,3.);
#26190=LINE('',#26160,#26180);
#26200=EDGE_CURVE('',#24640,#26110,#26190,.T.);
#26210=ORIENTED_EDGE('',*,*,#26200,.F.);
#26220=EDGE_LOOP('',(#26210,#26150,#26140,#26130));
#26230=FACE_OUTER_BOUND('',#26220,.T.);
#26240=ADVANCED_FACE('',(#26230),#26050,.T.);
#26250=COLOUR_RGB('',0.831372618675232,0.850980460643768,
0.858823597431183);
#26260=FILL_AREA_STYLE_COLOUR('',#26250);
#26270=FILL_AREA_STYLE('',(#26260));
#26280=SURFACE_STYLE_FILL_AREA(#26270);
#26290=SURFACE_SIDE_STYLE('',(#26280));
#26300=SURFACE_STYLE_USAGE(.BOTH.,#26290);
#26310=PRESENTATION_STYLE_ASSIGNMENT((#26300));
#26320=CARTESIAN_POINT('',(-4.0414518843274,-5.8,-7.00000000000001));
#26330=DIRECTION('',(0.,0.,-1.));
#26340=DIRECTION('',(-1.,0.,0.));
#26350=AXIS2_PLACEMENT_3D('',#26320,#26330,#26340);
#26360=PLANE('',#26350);
#26370=CARTESIAN_POINT('',(2.69258240356722,-2.8,-7.00000000000001));
#26380=DIRECTION('',(-1.,0.,0.));
#26390=VECTOR('',#26380,5.38516480713445);
#26400=LINE('',#26370,#26390);
#26410=CARTESIAN_POINT('',(2.69258240356722,-2.8,-7.00000000000001));
#26420=VERTEX_POINT('',#26410);
#26430=CARTESIAN_POINT('',(-2.69258240356722,-2.8,-7.00000000000001));
#26440=VERTEX_POINT('',#26430);
#26450=EDGE_CURVE('',#26420,#26440,#26400,.T.);
#26460=ORIENTED_EDGE('',*,*,#26450,.F.);
#26470=CARTESIAN_POINT('',(-2.69258240356722,-2.8,-7.00000000000001));
#26480=DIRECTION('',(0.,-1.,0.));
#26490=VECTOR('',#26480,3.);
#26500=LINE('',#26470,#26490);
#26510=EDGE_CURVE('',#26440,#24550,#26500,.T.);
#26520=ORIENTED_EDGE('',*,*,#26510,.F.);
#26530=ORIENTED_EDGE('',*,*,#24560,.F.);
#26540=CARTESIAN_POINT('',(2.69258240356722,-5.8,-7.00000000000001));
#26550=DIRECTION('',(0.,1.,0.));
#26560=VECTOR('',#26550,3.);
#26570=LINE('',#26540,#26560);
#26580=EDGE_CURVE('',#24470,#26420,#26570,.T.);
#26590=ORIENTED_EDGE('',*,*,#26580,.F.);
#26600=EDGE_LOOP('',(#26590,#26530,#26520,#26460));
#26610=FACE_OUTER_BOUND('',#26600,.T.);
#26620=ADVANCED_FACE('',(#26610),#26360,.T.);
#26630=COLOUR_RGB('',0.831372618675232,0.850980460643768,
0.858823597431183);
#26640=FILL_AREA_STYLE_COLOUR('',#26630);
#26650=FILL_AREA_STYLE('',(#26640));
#26660=SURFACE_STYLE_FILL_AREA(#26650);
#26670=SURFACE_SIDE_STYLE('',(#26660));
#26680=SURFACE_STYLE_USAGE(.BOTH.,#26670);
#26690=PRESENTATION_STYLE_ASSIGNMENT((#26680));
#26700=CARTESIAN_POINT('',(4.04145188432736,-5.8,-7.00000000000001));
#26710=DIRECTION('',(0.866025403784439,0.,-0.5));
#26720=DIRECTION('',(-0.5,0.,-0.866025403784439));
#26730=AXIS2_PLACEMENT_3D('',#26700,#26710,#26720);
#26740=PLANE('',#26730);
#26750=CARTESIAN_POINT('',(7.40846902827471,-2.8,-1.16815523672776));
#26760=DIRECTION('',(-0.5,0.,-0.866025403784439));
#26770=VECTOR('',#26760,5.38516480713458);
#26780=LINE('',#26750,#26770);
#26790=CARTESIAN_POINT('',(7.40846902827471,-2.8,-1.16815523672776));
#26800=VERTEX_POINT('',#26790);
#26810=CARTESIAN_POINT('',(4.71588662470741,-2.8,-5.83184476327223));
#26820=VERTEX_POINT('',#26810);
#26830=EDGE_CURVE('',#26800,#26820,#26780,.T.);
#26840=ORIENTED_EDGE('',*,*,#26830,.F.);
#26850=CARTESIAN_POINT('',(4.71588662470741,-2.8,-5.83184476327223));
#26860=DIRECTION('',(0.,-1.,0.));
#26870=VECTOR('',#26860,3.);
#26880=LINE('',#26850,#26870);
#26890=EDGE_CURVE('',#26820,#24380,#26880,.T.);
#26900=ORIENTED_EDGE('',*,*,#26890,.F.);
#26910=ORIENTED_EDGE('',*,*,#24390,.F.);
#26920=CARTESIAN_POINT('',(7.40846902827471,-5.8,-1.16815523672776));
#26930=DIRECTION('',(0.,1.,0.));
#26940=VECTOR('',#26930,3.);
#26950=LINE('',#26920,#26940);
#26960=EDGE_CURVE('',#24300,#26800,#26950,.T.);
#26970=ORIENTED_EDGE('',*,*,#26960,.F.);
#26980=EDGE_LOOP('',(#26970,#26910,#26900,#26840));
#26990=FACE_OUTER_BOUND('',#26980,.T.);
#27000=ADVANCED_FACE('',(#26990),#26740,.T.);
#27010=COLOUR_RGB('',0.831372618675232,0.850980460643768,
0.858823597431183);
#27020=FILL_AREA_STYLE_COLOUR('',#27010);
#27030=FILL_AREA_STYLE('',(#27020));
#27040=SURFACE_STYLE_FILL_AREA(#27030);
#27050=SURFACE_SIDE_STYLE('',(#27040));
#27060=SURFACE_STYLE_USAGE(.BOTH.,#27050);
#27070=PRESENTATION_STYLE_ASSIGNMENT((#27060));
#27080=CARTESIAN_POINT('',(8.08290376865474,-5.8,-1.369695E-14));
#27090=DIRECTION('',(0.866025403784439,-0.,0.5));
#27100=DIRECTION('',(0.5,0.,-0.866025403784439));
#27110=AXIS2_PLACEMENT_3D('',#27080,#27090,#27100);
#27120=PLANE('',#27110);
#27130=CARTESIAN_POINT('',(4.71588662470739,-2.8,5.83184476327225));
#27140=DIRECTION('',(0.5,0.,-0.866025403784439));
#27150=VECTOR('',#27140,5.38516480713464);
#27160=LINE('',#27130,#27150);
#27170=CARTESIAN_POINT('',(4.71588662470739,-2.8,5.83184476327225));
#27180=VERTEX_POINT('',#27170);
#27190=CARTESIAN_POINT('',(7.40846902827471,-2.8,1.16815523672773));
#27200=VERTEX_POINT('',#27190);
#27210=EDGE_CURVE('',#27180,#27200,#27160,.T.);
#27220=ORIENTED_EDGE('',*,*,#27210,.F.);
#27230=CARTESIAN_POINT('',(7.40846902827471,-2.8,1.16815523672773));
#27240=DIRECTION('',(0.,-1.,0.));
#27250=VECTOR('',#27240,3.);
#27260=LINE('',#27230,#27250);
#27270=EDGE_CURVE('',#27200,#24210,#27260,.T.);
#27280=ORIENTED_EDGE('',*,*,#27270,.F.);
#27290=ORIENTED_EDGE('',*,*,#24220,.F.);
#27300=CARTESIAN_POINT('',(4.71588662470739,-5.8,5.83184476327225));
#27310=DIRECTION('',(0.,1.,0.));
#27320=VECTOR('',#27310,3.);
#27330=LINE('',#27300,#27320);
#27340=EDGE_CURVE('',#24130,#27180,#27330,.T.);
#27350=ORIENTED_EDGE('',*,*,#27340,.F.);
#27360=EDGE_LOOP('',(#27350,#27290,#27280,#27220));
#27370=FACE_OUTER_BOUND('',#27360,.T.);
#27380=ADVANCED_FACE('',(#27370),#27120,.T.);
#27390=COLOUR_RGB('',0.831372618675232,0.850980460643768,
0.858823597431183);
#27400=FILL_AREA_STYLE_COLOUR('',#27390);
#27410=FILL_AREA_STYLE('',(#27400));
#27420=SURFACE_STYLE_FILL_AREA(#27410);
#27430=SURFACE_SIDE_STYLE('',(#27420));
#27440=SURFACE_STYLE_USAGE(.BOTH.,#27430);
#27450=PRESENTATION_STYLE_ASSIGNMENT((#27440));
#27460=CARTESIAN_POINT('',(4.04145188432736,-5.8,6.99999999999999));
#27470=DIRECTION('',(0.,0.,1.));
#27480=DIRECTION('',(1.,0.,0.));
#27490=AXIS2_PLACEMENT_3D('',#27460,#27470,#27480);
#27500=PLANE('',#27490);
#27510=CARTESIAN_POINT('',(-2.69258240356729,-2.8,6.99999999999999));
#27520=DIRECTION('',(1.,0.,0.));
#27530=VECTOR('',#27520,5.38516480713457);
#27540=LINE('',#27510,#27530);
#27550=CARTESIAN_POINT('',(-2.69258240356729,-2.8,6.99999999999999));
#27560=VERTEX_POINT('',#27550);
#27570=CARTESIAN_POINT('',(2.69258240356728,-2.8,6.99999999999999));
#27580=VERTEX_POINT('',#27570);
#27590=EDGE_CURVE('',#27560,#27580,#27540,.T.);
#27600=ORIENTED_EDGE('',*,*,#27590,.F.);
#27610=CARTESIAN_POINT('',(2.69258240356728,-2.8,6.99999999999999));
#27620=DIRECTION('',(0.,-1.,0.));
#27630=VECTOR('',#27620,3.);
#27640=LINE('',#27610,#27630);
#27650=EDGE_CURVE('',#27580,#24040,#27640,.T.);
#27660=ORIENTED_EDGE('',*,*,#27650,.F.);
#27670=ORIENTED_EDGE('',*,*,#24050,.F.);
#27680=CARTESIAN_POINT('',(-2.69258240356729,-5.8,6.99999999999999));
#27690=DIRECTION('',(0.,1.,0.));
#27700=VECTOR('',#27690,3.);
#27710=LINE('',#27680,#27700);
#27720=EDGE_CURVE('',#23960,#27560,#27710,.T.);
#27730=ORIENTED_EDGE('',*,*,#27720,.F.);
#27740=EDGE_LOOP('',(#27730,#27670,#27660,#27600));
#27750=FACE_OUTER_BOUND('',#27740,.T.);
#27760=ADVANCED_FACE('',(#27750),#27500,.T.);
#27770=COLOUR_RGB('',0.831372618675232,0.850980460643768,
0.858823597431183);
#27780=FILL_AREA_STYLE_COLOUR('',#27770);
#27790=FILL_AREA_STYLE('',(#27780));
#27800=SURFACE_STYLE_FILL_AREA(#27790);
#27810=SURFACE_SIDE_STYLE('',(#27800));
#27820=SURFACE_STYLE_USAGE(.BOTH.,#27810);
#27830=PRESENTATION_STYLE_ASSIGNMENT((#27820));
#27840=CARTESIAN_POINT('',(0.,-4.3,0.));
#27850=DIRECTION('',(0.,1.,0.));
#27860=DIRECTION('',(0.,0.,1.));
#27870=AXIS2_PLACEMENT_3D('',#27840,#27850,#27860);
#27880=CYLINDRICAL_SURFACE('',#27870,7.5);
#27890=CARTESIAN_POINT('',(0.,-2.8,0.));
#27900=DIRECTION('',(0.,1.,0.));
#27910=DIRECTION('',(0.,0.,1.));
#27920=AXIS2_PLACEMENT_3D('',#27890,#27900,#27910);
#27930=CIRCLE('',#27920,7.5);
#27940=EDGE_CURVE('',#25800,#27560,#27930,.T.);
#27950=ORIENTED_EDGE('',*,*,#27940,.F.);
#27960=ORIENTED_EDGE('',*,*,#27720,.T.);
#27970=ORIENTED_EDGE('',*,*,#23970,.T.);
#27980=ORIENTED_EDGE('',*,*,#25870,.T.);
#27990=EDGE_LOOP('',(#27980,#27970,#27960,#27950));
#28000=FACE_OUTER_BOUND('',#27990,.T.);
#28010=ADVANCED_FACE('',(#28000),#27880,.T.);
#28020=COLOUR_RGB('',0.831372618675232,0.850980460643768,
0.858823597431183);
#28030=FILL_AREA_STYLE_COLOUR('',#28020);
#28040=FILL_AREA_STYLE('',(#28030));
#28050=SURFACE_STYLE_FILL_AREA(#28040);
#28060=SURFACE_SIDE_STYLE('',(#28050));
#28070=SURFACE_STYLE_USAGE(.BOTH.,#28060);
#28080=PRESENTATION_STYLE_ASSIGNMENT((#28070));
#28090=CARTESIAN_POINT('',(0.,-4.3,0.));
#28100=DIRECTION('',(0.,1.,0.));
#28110=DIRECTION('',(0.,0.,1.));
#28120=AXIS2_PLACEMENT_3D('',#28090,#28100,#28110);
#28130=CYLINDRICAL_SURFACE('',#28120,7.5);
#28140=ORIENTED_EDGE('',*,*,#24140,.T.);
#28150=ORIENTED_EDGE('',*,*,#27650,.T.);
#28160=CARTESIAN_POINT('',(0.,-2.8,0.));
#28170=DIRECTION('',(0.,1.,0.));
#28180=DIRECTION('',(0.,0.,1.));
#28190=AXIS2_PLACEMENT_3D('',#28160,#28170,#28180);
#28200=CIRCLE('',#28190,7.5);
#28210=EDGE_CURVE('',#27580,#27180,#28200,.T.);
#28220=ORIENTED_EDGE('',*,*,#28210,.F.);
#28230=ORIENTED_EDGE('',*,*,#27340,.T.);
#28240=EDGE_LOOP('',(#28230,#28220,#28150,#28140));
#28250=FACE_OUTER_BOUND('',#28240,.T.);
#28260=ADVANCED_FACE('',(#28250),#28130,.T.);
#28270=COLOUR_RGB('',0.831372618675232,0.850980460643768,
0.858823597431183);
#28280=FILL_AREA_STYLE_COLOUR('',#28270);
#28290=FILL_AREA_STYLE('',(#28280));
#28300=SURFACE_STYLE_FILL_AREA(#28290);
#28310=SURFACE_SIDE_STYLE('',(#28300));
#28320=SURFACE_STYLE_USAGE(.BOTH.,#28310);
#28330=PRESENTATION_STYLE_ASSIGNMENT((#28320));
#28340=CARTESIAN_POINT('',(0.,-4.3,0.));
#28350=DIRECTION('',(0.,1.,0.));
#28360=DIRECTION('',(0.,0.,1.));
#28370=AXIS2_PLACEMENT_3D('',#28340,#28350,#28360);
#28380=CYLINDRICAL_SURFACE('',#28370,7.5);
#28390=ORIENTED_EDGE('',*,*,#24310,.T.);
#28400=ORIENTED_EDGE('',*,*,#27270,.T.);
#28410=CARTESIAN_POINT('',(0.,-2.8,0.));
#28420=DIRECTION('',(0.,1.,0.));
#28430=DIRECTION('',(0.,0.,1.));
#28440=AXIS2_PLACEMENT_3D('',#28410,#28420,#28430);
#28450=CIRCLE('',#28440,7.5);
#28460=EDGE_CURVE('',#27200,#26800,#28450,.T.);
#28470=ORIENTED_EDGE('',*,*,#28460,.F.);
#28480=ORIENTED_EDGE('',*,*,#26960,.T.);
#28490=EDGE_LOOP('',(#28480,#28470,#28400,#28390));
#28500=FACE_OUTER_BOUND('',#28490,.T.);
#28510=ADVANCED_FACE('',(#28500),#28380,.T.);
#28520=COLOUR_RGB('',0.831372618675232,0.850980460643768,
0.858823597431183);
#28530=FILL_AREA_STYLE_COLOUR('',#28520);
#28540=FILL_AREA_STYLE('',(#28530));
#28550=SURFACE_STYLE_FILL_AREA(#28540);
#28560=SURFACE_SIDE_STYLE('',(#28550));
#28570=SURFACE_STYLE_USAGE(.BOTH.,#28560);
#28580=PRESENTATION_STYLE_ASSIGNMENT((#28570));
#28590=CARTESIAN_POINT('',(0.,-4.3,0.));
#28600=DIRECTION('',(0.,1.,0.));
#28610=DIRECTION('',(0.,0.,1.));
#28620=AXIS2_PLACEMENT_3D('',#28590,#28600,#28610);
#28630=CYLINDRICAL_SURFACE('',#28620,7.5);
#28640=ORIENTED_EDGE('',*,*,#24480,.T.);
#28650=ORIENTED_EDGE('',*,*,#26890,.T.);
#28660=CARTESIAN_POINT('',(0.,-2.8,0.));
#28670=DIRECTION('',(0.,1.,0.));
#28680=DIRECTION('',(0.,0.,1.));
#28690=AXIS2_PLACEMENT_3D('',#28660,#28670,#28680);
#28700=CIRCLE('',#28690,7.5);
#28710=EDGE_CURVE('',#26820,#26420,#28700,.T.);
#28720=ORIENTED_EDGE('',*,*,#28710,.F.);
#28730=ORIENTED_EDGE('',*,*,#26580,.T.);
#28740=EDGE_LOOP('',(#28730,#28720,#28650,#28640));
#28750=FACE_OUTER_BOUND('',#28740,.T.);
#28760=ADVANCED_FACE('',(#28750),#28630,.T.);
#28770=COLOUR_RGB('',0.831372618675232,0.850980460643768,
0.858823597431183);
#28780=FILL_AREA_STYLE_COLOUR('',#28770);
#28790=FILL_AREA_STYLE('',(#28780));
#28800=SURFACE_STYLE_FILL_AREA(#28790);
#28810=SURFACE_SIDE_STYLE('',(#28800));
#28820=SURFACE_STYLE_USAGE(.BOTH.,#28810);
#28830=PRESENTATION_STYLE_ASSIGNMENT((#28820));
#28840=CARTESIAN_POINT('',(0.,-4.3,0.));
#28850=DIRECTION('',(0.,1.,0.));
#28860=DIRECTION('',(0.,0.,1.));
#28870=AXIS2_PLACEMENT_3D('',#28840,#28850,#28860);
#28880=CYLINDRICAL_SURFACE('',#28870,7.5);
#28890=ORIENTED_EDGE('',*,*,#24650,.T.);
#28900=ORIENTED_EDGE('',*,*,#26510,.T.);
#28910=CARTESIAN_POINT('',(0.,-2.8,0.));
#28920=DIRECTION('',(0.,1.,0.));
#28930=DIRECTION('',(0.,0.,1.));
#28940=AXIS2_PLACEMENT_3D('',#28910,#28920,#28930);
#28950=CIRCLE('',#28940,7.5);
#28960=EDGE_CURVE('',#26440,#26110,#28950,.T.);
#28970=ORIENTED_EDGE('',*,*,#28960,.F.);
#28980=ORIENTED_EDGE('',*,*,#26200,.T.);
#28990=EDGE_LOOP('',(#28980,#28970,#28900,#28890));
#29000=FACE_OUTER_BOUND('',#28990,.T.);
#29010=ADVANCED_FACE('',(#29000),#28880,.T.);
#29020=COLOUR_RGB('',0.831372618675232,0.850980460643768,
0.858823597431183);
#29030=FILL_AREA_STYLE_COLOUR('',#29020);
#29040=FILL_AREA_STYLE('',(#29030));
#29050=SURFACE_STYLE_FILL_AREA(#29040);
#29060=SURFACE_SIDE_STYLE('',(#29050));
#29070=SURFACE_STYLE_USAGE(.BOTH.,#29060);
#29080=PRESENTATION_STYLE_ASSIGNMENT((#29070));
#29090=CARTESIAN_POINT('',(0.,-2.8,6.87499999999999));
#29100=DIRECTION('',(0.,1.,0.));
#29110=DIRECTION('',(0.,0.,1.));
#29120=AXIS2_PLACEMENT_3D('',#29090,#29100,#29110);
#29130=PLANE('',#29120);
#29140=ORIENTED_EDGE('',*,*,#23470,.T.);
#29150=ORIENTED_EDGE('',*,*,#26120,.T.);
#29160=ORIENTED_EDGE('',*,*,#28960,.T.);
#29170=ORIENTED_EDGE('',*,*,#26450,.T.);
#29180=ORIENTED_EDGE('',*,*,#28710,.T.);
#29190=ORIENTED_EDGE('',*,*,#26830,.T.);
#29200=ORIENTED_EDGE('',*,*,#28460,.T.);
#29210=ORIENTED_EDGE('',*,*,#27210,.T.);
#29220=ORIENTED_EDGE('',*,*,#28210,.T.);
#29230=ORIENTED_EDGE('',*,*,#27590,.T.);
#29240=ORIENTED_EDGE('',*,*,#27940,.T.);
#29250=ORIENTED_EDGE('',*,*,#25810,.T.);
#29260=EDGE_LOOP('',(#29250,#29240,#29230,#29220,#29210,#29200,#29190,
#29180,#29170,#29160,#29150,#29140));
#29270=FACE_OUTER_BOUND('',#29260,.T.);
#29280=CARTESIAN_POINT('',(0.,-2.8,0.));
#29290=DIRECTION('',(0.,1.,0.));
#29300=DIRECTION('',(0.,0.,1.));
#29310=AXIS2_PLACEMENT_3D('',#29280,#29290,#29300);
#29320=CIRCLE('',#29310,6.64999999999998);
#29330=CARTESIAN_POINT('',(-6.64999999999998,-2.8,0.));
#29340=VERTEX_POINT('',#29330);
#29350=CARTESIAN_POINT('',(-8.143632E-16,-2.8,6.64999999999998));
#29360=VERTEX_POINT('',#29350);
#29370=EDGE_CURVE('',#29340,#29360,#29320,.T.);
#29380=ORIENTED_EDGE('',*,*,#29370,.T.);
#29390=CARTESIAN_POINT('',(-8.143632E-16,-2.8,-6.64999999999998));
#29400=VERTEX_POINT('',#29390);
#29410=EDGE_CURVE('',#29400,#29340,#29320,.T.);
#29420=ORIENTED_EDGE('',*,*,#29410,.T.);
#29430=CARTESIAN_POINT('',(0.,-2.8,0.));
#29440=DIRECTION('',(0.,1.,0.));
#29450=DIRECTION('',(0.,0.,1.));
#29460=AXIS2_PLACEMENT_3D('',#29430,#29440,#29450);
#29470=CIRCLE('',#29460,6.64999999999998);
#29480=EDGE_CURVE('',#29400,#29340,#29470,.T.);
#29490=ORIENTED_EDGE('',*,*,#29480,.F.);
#29500=EDGE_CURVE('',#29340,#29360,#29470,.T.);
#29510=ORIENTED_EDGE('',*,*,#29500,.F.);
#29520=EDGE_LOOP('',(#29510,#29490,#29420,#29380));
#29530=FACE_BOUND('',#29520,.T.);
#29540=EDGE_CURVE('',#4340,#4110,#4410,.T.);
#29550=ORIENTED_EDGE('',*,*,#29540,.F.);
#29560=ORIENTED_EDGE('',*,*,#4420,.F.);
#29570=EDGE_LOOP('',(#29560,#29550));
#29580=FACE_BOUND('',#29570,.T.);
#29590=ADVANCED_FACE('',(#29270,#29530,#29580),#29130,.T.);
#29600=COLOUR_RGB('',0.831372618675232,0.850980460643768,
0.858823597431183);
#29610=FILL_AREA_STYLE_COLOUR('',#29600);
#29620=FILL_AREA_STYLE('',(#29610));
#29630=SURFACE_STYLE_FILL_AREA(#29620);
#29640=SURFACE_SIDE_STYLE('',(#29630));
#29650=SURFACE_STYLE_USAGE(.BOTH.,#29640);
#29660=PRESENTATION_STYLE_ASSIGNMENT((#29650));
#29670=CARTESIAN_POINT('',(0.,9.6,0.));
#29680=DIRECTION('',(0.,0.,1.));
#29690=DIRECTION('',(1.,0.,0.));
#29700=AXIS2_PLACEMENT_3D('',#29670,#29680,#29690);
#29710=SPHERICAL_SURFACE('',#29700,0.5);
#29720=CARTESIAN_POINT('',(0.,9.6,0.));
#29730=DIRECTION('',(0.,0.,1.));
#29740=DIRECTION('',(-1.,0.,0.));
#29750=AXIS2_PLACEMENT_3D('',#29720,#29730,#29740);
#29760=CIRCLE('',#29750,0.5);
#29770=EDGE_CURVE('',#9000,#8750,#29760,.T.);
#29780=ORIENTED_EDGE('',*,*,#29770,.F.);
#29790=ORIENTED_EDGE('',*,*,#8760,.T.);
#29800=ORIENTED_EDGE('',*,*,#9030,.T.);
#29810=EDGE_LOOP('',(#29800,#29790,#29780));
#29820=FACE_OUTER_BOUND('',#29810,.T.);
#29830=ADVANCED_FACE('',(#29820),#29710,.T.);
#29840=COLOUR_RGB('',0.831372618675232,0.850980460643768,
0.858823597431183);
#29850=FILL_AREA_STYLE_COLOUR('',#29840);
#29860=FILL_AREA_STYLE('',(#29850));
#29870=SURFACE_STYLE_FILL_AREA(#29860);
#29880=SURFACE_SIDE_STYLE('',(#29870));
#29890=SURFACE_STYLE_USAGE(.BOTH.,#29880);
#29900=PRESENTATION_STYLE_ASSIGNMENT((#29890));
#29910=CARTESIAN_POINT('',(8.66025403784436,0.,-1.394363E-14));
#29920=DIRECTION('',(0.866025403784439,0.,-0.5));
#29930=DIRECTION('',(-0.5,0.,-0.866025403784439));
#29940=AXIS2_PLACEMENT_3D('',#29910,#29920,#29930);
#29950=PLANE('',#29940);
#29960=CARTESIAN_POINT('',(8.4951905283833,0.,-0.285898384862192));
#29970=DIRECTION('',(-0.500000000000001,0.,-0.866025403784438));
#29980=VECTOR('',#29970,4.17320508075695);
#29990=LINE('',#29960,#29980);
#30000=CARTESIAN_POINT('',(8.4951905283833,0.,-0.285898384862192));
#30010=VERTEX_POINT('',#30000);
#30020=CARTESIAN_POINT('',(6.40858798800483,0.,-3.9));
#30030=VERTEX_POINT('',#30020);
#30040=EDGE_CURVE('',#30010,#30030,#29990,.T.);
#30050=ORIENTED_EDGE('',*,*,#30040,.F.);
#30060=CARTESIAN_POINT('',(6.40858798800483,0.,-3.9));
#30070=DIRECTION('',(-0.5,0.,-0.866025403784439));
#30080=VECTOR('',#30070,3.82679491924316);
#30090=LINE('',#30060,#30080);
#30100=EDGE_CURVE('',#30030,#2480,#30090,.T.);
#30110=ORIENTED_EDGE('',*,*,#30100,.F.);
#30120=ORIENTED_EDGE('',*,*,#2740,.F.);
#30130=ORIENTED_EDGE('',*,*,#21070,.F.);
#30140=CARTESIAN_POINT('',(8.4951905283833,-2.,-0.285898384862189));
#30150=DIRECTION('',(0.,1.,0.));
#30160=VECTOR('',#30150,2.);
#30170=LINE('',#30140,#30160);
#30180=EDGE_CURVE('',#21000,#30010,#30170,.T.);
#30190=ORIENTED_EDGE('',*,*,#30180,.F.);
#30200=EDGE_LOOP('',(#30190,#30130,#30120,#30110,#30050));
#30210=FACE_OUTER_BOUND('',#30200,.T.);
#30220=ADVANCED_FACE('',(#30210),#29950,.T.);
#30230=COLOUR_RGB('',0.831372618675232,0.850980460643768,
0.858823597431183);
#30240=FILL_AREA_STYLE_COLOUR('',#30230);
#30250=FILL_AREA_STYLE('',(#30240));
#30260=SURFACE_STYLE_FILL_AREA(#30250);
#30270=SURFACE_SIDE_STYLE('',(#30260));
#30280=SURFACE_STYLE_USAGE(.BOTH.,#30270);
#30290=PRESENTATION_STYLE_ASSIGNMENT((#30280));
#30300=CARTESIAN_POINT('',(1.76776695296637,9.6,1.76776695296637));
#30310=DIRECTION('',(0.,0.,1.));
#30320=DIRECTION('',(1.,0.,0.));
#30330=AXIS2_PLACEMENT_3D('',#30300,#30310,#30320);
#30340=SPHERICAL_SURFACE('',#30330,0.5);
#30350=CARTESIAN_POINT('',(1.76776695296637,9.6,1.76776695296637));
#30360=DIRECTION('',(0.,0.,1.));
#30370=DIRECTION('',(-1.,0.,0.));
#30380=AXIS2_PLACEMENT_3D('',#30350,#30360,#30370);
#30390=CIRCLE('',#30380,0.5);
#30400=EDGE_CURVE('',#8340,#8210,#30390,.T.);
#30410=ORIENTED_EDGE('',*,*,#30400,.F.);
#30420=CARTESIAN_POINT('',(1.76776695296637,9.6,1.76776695296637));
#30430=DIRECTION('',(0.,1.,0.));
#30440=DIRECTION('',(1.,0.,0.));
#30450=AXIS2_PLACEMENT_3D('',#30420,#30430,#30440);
#30460=CIRCLE('',#30450,0.5);
#30470=CARTESIAN_POINT('',(1.76776695296637,9.6,1.26776695296637));
#30480=VERTEX_POINT('',#30470);
#30490=EDGE_CURVE('',#30480,#8210,#30460,.T.);
#30500=ORIENTED_EDGE('',*,*,#30490,.T.);
#30510=EDGE_CURVE('',#8340,#30480,#30460,.T.);
#30520=ORIENTED_EDGE('',*,*,#30510,.T.);
#30530=EDGE_LOOP('',(#30520,#30500,#30410));
#30540=FACE_OUTER_BOUND('',#30530,.T.);
#30550=ADVANCED_FACE('',(#30540),#30340,.T.);
#30560=COLOUR_RGB('',0.831372618675232,0.850980460643768,
0.858823597431183);
#30570=FILL_AREA_STYLE_COLOUR('',#30560);
#30580=FILL_AREA_STYLE('',(#30570));
#30590=SURFACE_STYLE_FILL_AREA(#30580);
#30600=SURFACE_SIDE_STYLE('',(#30590));
#30610=SURFACE_STYLE_USAGE(.BOTH.,#30600);
#30620=PRESENTATION_STYLE_ASSIGNMENT((#30610));
#30630=CARTESIAN_POINT('',(0.,-1.,0.));
#30640=DIRECTION('',(0.,1.,0.));
#30650=DIRECTION('',(0.,0.,1.));
#30660=AXIS2_PLACEMENT_3D('',#30630,#30640,#30650);
#30670=CYLINDRICAL_SURFACE('',#30660,8.50000000000001);
#30680=ORIENTED_EDGE('',*,*,#21640,.T.);
#30690=CARTESIAN_POINT('',(4.00000000000004,0.,7.49999999999999));
#30700=DIRECTION('',(0.,-1.,0.));
#30710=VECTOR('',#30700,2.);
#30720=LINE('',#30690,#30710);
#30730=CARTESIAN_POINT('',(4.00000000000004,0.,7.49999999999999));
#30740=VERTEX_POINT('',#30730);
#30750=EDGE_CURVE('',#30740,#21560,#30720,.T.);
#30760=ORIENTED_EDGE('',*,*,#30750,.T.);
#30770=CARTESIAN_POINT('',(0.,-2.220446E-15,0.));
#30780=DIRECTION('',(0.,1.,0.));
#30790=DIRECTION('',(0.,0.,1.));
#30800=AXIS2_PLACEMENT_3D('',#30770,#30780,#30790);
#30810=CIRCLE('',#30800,8.50000000000001);
#30820=EDGE_CURVE('',#30740,#3250,#30810,.T.);
#30830=ORIENTED_EDGE('',*,*,#30820,.F.);
#30840=ORIENTED_EDGE('',*,*,#3500,.T.);
#30850=EDGE_LOOP('',(#30840,#30830,#30760,#30680));
#30860=FACE_OUTER_BOUND('',#30850,.T.);
#30870=ADVANCED_FACE('',(#30860),#30670,.T.);
#30880=COLOUR_RGB('',0.831372618675232,0.850980460643768,
0.858823597431183);
#30890=FILL_AREA_STYLE_COLOUR('',#30880);
#30900=FILL_AREA_STYLE('',(#30890));
#30910=SURFACE_STYLE_FILL_AREA(#30900);
#30920=SURFACE_SIDE_STYLE('',(#30910));
#30930=SURFACE_STYLE_USAGE(.BOTH.,#30920);
#30940=PRESENTATION_STYLE_ASSIGNMENT((#30930));
#30950=CARTESIAN_POINT('',(1.76776695296637,9.6,-1.76776695296637));
#30960=DIRECTION('',(0.,0.,1.));
#30970=DIRECTION('',(1.,0.,0.));
#30980=AXIS2_PLACEMENT_3D('',#30950,#30960,#30970);
#30990=SPHERICAL_SURFACE('',#30980,0.5);
#31000=CARTESIAN_POINT('',(1.76776695296637,9.6,-1.76776695296637));
#31010=DIRECTION('',(0.,0.,1.));
#31020=DIRECTION('',(-1.,0.,0.));
#31030=AXIS2_PLACEMENT_3D('',#31000,#31010,#31020);
#31040=CIRCLE('',#31030,0.5);
#31050=EDGE_CURVE('',#7810,#7680,#31040,.T.);
#31060=ORIENTED_EDGE('',*,*,#31050,.F.);
#31070=CARTESIAN_POINT('',(1.76776695296637,9.6,-1.76776695296637));
#31080=DIRECTION('',(0.,1.,0.));
#31090=DIRECTION('',(1.,0.,0.));
#31100=AXIS2_PLACEMENT_3D('',#31070,#31080,#31090);
#31110=CIRCLE('',#31100,0.5);
#31120=CARTESIAN_POINT('',(1.76776695296637,9.6,-2.26776695296637));
#31130=VERTEX_POINT('',#31120);
#31140=EDGE_CURVE('',#31130,#7680,#31110,.T.);
#31150=ORIENTED_EDGE('',*,*,#31140,.T.);
#31160=EDGE_CURVE('',#7810,#31130,#31110,.T.);
#31170=ORIENTED_EDGE('',*,*,#31160,.T.);
#31180=EDGE_LOOP('',(#31170,#31150,#31060));
#31190=FACE_OUTER_BOUND('',#31180,.T.);
#31200=ADVANCED_FACE('',(#31190),#30990,.T.);
#31210=COLOUR_RGB('',0.831372618675232,0.850980460643768,
0.858823597431183);
#31220=FILL_AREA_STYLE_COLOUR('',#31210);
#31230=FILL_AREA_STYLE('',(#31220));
#31240=SURFACE_STYLE_FILL_AREA(#31230);
#31250=SURFACE_SIDE_STYLE('',(#31240));
#31260=SURFACE_STYLE_USAGE(.BOTH.,#31250);
#31270=PRESENTATION_STYLE_ASSIGNMENT((#31260));
#31280=CARTESIAN_POINT('',(4.33012701892217,0.,-7.50000000000001));
#31290=DIRECTION('',(0.,0.,-1.));
#31300=DIRECTION('',(-1.,0.,0.));
#31310=AXIS2_PLACEMENT_3D('',#31280,#31290,#31300);
#31320=PLANE('',#31310);
#31330=CARTESIAN_POINT('',(4.,0.,-7.50000000000001));
#31340=DIRECTION('',(-1.,0.,0.));
#31350=VECTOR('',#31340,8.);
#31360=LINE('',#31330,#31350);
#31370=CARTESIAN_POINT('',(-4.,0.,-7.50000000000001));
#31380=VERTEX_POINT('',#31370);
#31390=EDGE_CURVE('',#2500,#31380,#31360,.T.);
#31400=ORIENTED_EDGE('',*,*,#31390,.F.);
#31410=CARTESIAN_POINT('',(-4.,0.,-7.50000000000001));
#31420=DIRECTION('',(0.,-1.,0.));
#31430=VECTOR('',#31420,2.);
#31440=LINE('',#31410,#31430);
#31450=EDGE_CURVE('',#31380,#21150,#31440,.T.);
#31460=ORIENTED_EDGE('',*,*,#31450,.F.);
#31470=ORIENTED_EDGE('',*,*,#21160,.F.);
#31480=ORIENTED_EDGE('',*,*,#2590,.F.);
#31490=EDGE_LOOP('',(#31480,#31470,#31460,#31400));
#31500=FACE_OUTER_BOUND('',#31490,.T.);
#31510=ADVANCED_FACE('',(#31500),#31320,.T.);
#31520=COLOUR_RGB('',0.831372618675232,0.850980460643768,
0.858823597431183);
#31530=FILL_AREA_STYLE_COLOUR('',#31520);
#31540=FILL_AREA_STYLE('',(#31530));
#31550=SURFACE_STYLE_FILL_AREA(#31540);
#31560=SURFACE_SIDE_STYLE('',(#31550));
#31570=SURFACE_STYLE_USAGE(.BOTH.,#31560);
#31580=PRESENTATION_STYLE_ASSIGNMENT((#31570));
#31590=CARTESIAN_POINT('',(-1.76776695296637,9.6,-1.76776695296637));
#31600=DIRECTION('',(0.,0.,1.));
#31610=DIRECTION('',(1.,0.,0.));
#31620=AXIS2_PLACEMENT_3D('',#31590,#31600,#31610);
#31630=SPHERICAL_SURFACE('',#31620,0.5);
#31640=CARTESIAN_POINT('',(-1.76776695296637,9.6,-1.76776695296637));
#31650=DIRECTION('',(0.,0.,1.));
#31660=DIRECTION('',(-1.,0.,0.));
#31670=AXIS2_PLACEMENT_3D('',#31640,#31650,#31660);
#31680=CIRCLE('',#31670,0.5);
#31690=EDGE_CURVE('',#7150,#7280,#31680,.T.);
#31700=ORIENTED_EDGE('',*,*,#31690,.F.);
#31710=ORIENTED_EDGE('',*,*,#7290,.T.);
#31720=ORIENTED_EDGE('',*,*,#7250,.T.);
#31730=EDGE_LOOP('',(#31720,#31710,#31700));
#31740=FACE_OUTER_BOUND('',#31730,.T.);
#31750=ADVANCED_FACE('',(#31740),#31630,.T.);
#31760=COLOUR_RGB('',0.831372618675232,0.850980460643768,
0.858823597431183);
#31770=FILL_AREA_STYLE_COLOUR('',#31760);
#31780=FILL_AREA_STYLE('',(#31770));
#31790=SURFACE_STYLE_FILL_AREA(#31780);
#31800=SURFACE_SIDE_STYLE('',(#31790));
#31810=SURFACE_STYLE_USAGE(.BOTH.,#31800);
#31820=PRESENTATION_STYLE_ASSIGNMENT((#31810));
#31830=CARTESIAN_POINT('',(-8.66025403784442,0.,-1.438259E-14));
#31840=DIRECTION('',(-0.866025403784439,0.,0.5));
#31850=DIRECTION('',(0.5,0.,0.866025403784439));
#31860=AXIS2_PLACEMENT_3D('',#31830,#31840,#31850);
#31870=PLANE('',#31860);
#31880=CARTESIAN_POINT('',(-8.4951905283833,0.,0.285898384862265));
#31890=DIRECTION('',(0.5,0.,0.866025403784439));
#31900=VECTOR('',#31890,7.99999999999997);
#31910=LINE('',#31880,#31900);
#31920=CARTESIAN_POINT('',(-4.49519052838332,0.,7.21410161513775));
#31930=VERTEX_POINT('',#31920);
#31940=EDGE_CURVE('',#1240,#31930,#31910,.T.);
#31950=ORIENTED_EDGE('',*,*,#31940,.F.);
#31960=CARTESIAN_POINT('',(-4.49519052838332,0.,7.21410161513775));
#31970=DIRECTION('',(0.,-1.,0.));
#31980=VECTOR('',#31970,2.);
#31990=LINE('',#31960,#31980);
#32000=EDGE_CURVE('',#31930,#21390,#31990,.T.);
#32010=ORIENTED_EDGE('',*,*,#32000,.F.);
#32020=ORIENTED_EDGE('',*,*,#21400,.F.);
#32030=ORIENTED_EDGE('',*,*,#1330,.F.);
#32040=EDGE_LOOP('',(#32030,#32020,#32010,#31950));
#32050=FACE_OUTER_BOUND('',#32040,.T.);
#32060=ADVANCED_FACE('',(#32050),#31870,.T.);
#32070=COLOUR_RGB('',0.831372618675232,0.850980460643768,
0.858823597431183);
#32080=FILL_AREA_STYLE_COLOUR('',#32070);
#32090=FILL_AREA_STYLE('',(#32080));
#32100=SURFACE_STYLE_FILL_AREA(#32090);
#32110=SURFACE_SIDE_STYLE('',(#32100));
#32120=SURFACE_STYLE_USAGE(.BOTH.,#32110);
#32130=PRESENTATION_STYLE_ASSIGNMENT((#32120));
#32140=CARTESIAN_POINT('',(-1.76776695296637,9.6,1.76776695296637));
#32150=DIRECTION('',(0.,0.,1.));
#32160=DIRECTION('',(1.,0.,0.));
#32170=AXIS2_PLACEMENT_3D('',#32140,#32150,#32160);
#32180=SPHERICAL_SURFACE('',#32170,0.5);
#32190=CARTESIAN_POINT('',(-1.76776695296637,9.6,1.76776695296637));
#32200=DIRECTION('',(0.,0.,1.));
#32210=DIRECTION('',(-1.,0.,0.));
#32220=AXIS2_PLACEMENT_3D('',#32190,#32200,#32210);
#32230=CIRCLE('',#32220,0.5);
#32240=EDGE_CURVE('',#6880,#6630,#32230,.T.);
#32250=ORIENTED_EDGE('',*,*,#32240,.F.);
#32260=ORIENTED_EDGE('',*,*,#6640,.T.);
#32270=ORIENTED_EDGE('',*,*,#6910,.T.);
#32280=EDGE_LOOP('',(#32270,#32260,#32250));
#32290=FACE_OUTER_BOUND('',#32280,.T.);
#32300=ADVANCED_FACE('',(#32290),#32180,.T.);
#32310=COLOUR_RGB('',0.831372618675232,0.850980460643768,
0.858823597431183);
#32320=FILL_AREA_STYLE_COLOUR('',#32310);
#32330=FILL_AREA_STYLE('',(#32320));
#32340=SURFACE_STYLE_FILL_AREA(#32330);
#32350=SURFACE_SIDE_STYLE('',(#32340));
#32360=SURFACE_STYLE_USAGE(.BOTH.,#32350);
#32370=PRESENTATION_STYLE_ASSIGNMENT((#32360));
#32380=CARTESIAN_POINT('',(-4.33012701892222,0.,7.49999999999999));
#32390=DIRECTION('',(0.,0.,1.));
#32400=DIRECTION('',(1.,0.,0.));
#32410=AXIS2_PLACEMENT_3D('',#32380,#32390,#32400);
#32420=PLANE('',#32410);
#32430=CARTESIAN_POINT('',(-4.00000000000005,0.,7.49999999999999));
#32440=DIRECTION('',(1.,0.,0.));
#32450=VECTOR('',#32440,8.00000000000009);
#32460=LINE('',#32430,#32450);
#32470=CARTESIAN_POINT('',(-4.00000000000005,0.,7.49999999999999));
#32480=VERTEX_POINT('',#32470);
#32490=EDGE_CURVE('',#32480,#30740,#32460,.T.);
#32500=ORIENTED_EDGE('',*,*,#32490,.F.);
#32510=ORIENTED_EDGE('',*,*,#30750,.F.);
#32520=ORIENTED_EDGE('',*,*,#21570,.F.);
#32530=CARTESIAN_POINT('',(-4.00000000000005,-2.,7.49999999999999));
#32540=DIRECTION('',(0.,1.,0.));
#32550=VECTOR('',#32540,2.);
#32560=LINE('',#32530,#32550);
#32570=EDGE_CURVE('',#21480,#32480,#32560,.T.);
#32580=ORIENTED_EDGE('',*,*,#32570,.F.);
#32590=EDGE_LOOP('',(#32580,#32520,#32510,#32500));
#32600=FACE_OUTER_BOUND('',#32590,.T.);
#32610=ADVANCED_FACE('',(#32600),#32420,.T.);
#32620=COLOUR_RGB('',0.831372618675232,0.850980460643768,
0.858823597431183);
#32630=FILL_AREA_STYLE_COLOUR('',#32620);
#32640=FILL_AREA_STYLE('',(#32630));
#32650=SURFACE_STYLE_FILL_AREA(#32640);
#32660=SURFACE_SIDE_STYLE('',(#32650));
#32670=SURFACE_STYLE_USAGE(.BOTH.,#32660);
#32680=PRESENTATION_STYLE_ASSIGNMENT((#32670));
#32690=CARTESIAN_POINT('',(0.,-1.,0.));
#32700=DIRECTION('',(0.,1.,0.));
#32710=DIRECTION('',(0.,0.,1.));
#32720=AXIS2_PLACEMENT_3D('',#32690,#32700,#32710);
#32730=CYLINDRICAL_SURFACE('',#32720,8.50000000000001);
#32740=CARTESIAN_POINT('',(0.,-2.220446E-15,0.));
#32750=DIRECTION('',(0.,1.,0.));
#32760=DIRECTION('',(0.,0.,1.));
#32770=AXIS2_PLACEMENT_3D('',#32740,#32750,#32760);
#32780=CIRCLE('',#32770,8.50000000000001);
#32790=EDGE_CURVE('',#31380,#25230,#32780,.T.);
#32800=ORIENTED_EDGE('',*,*,#32790,.F.);
#32810=ORIENTED_EDGE('',*,*,#25400,.T.);
#32820=ORIENTED_EDGE('',*,*,#21250,.T.);
#32830=ORIENTED_EDGE('',*,*,#31450,.T.);
#32840=EDGE_LOOP('',(#32830,#32820,#32810,#32800));
#32850=FACE_OUTER_BOUND('',#32840,.T.);
#32860=ADVANCED_FACE('',(#32850),#32730,.T.);
#32870=COLOUR_RGB('',0.831372618675232,0.850980460643768,
0.858823597431183);
#32880=FILL_AREA_STYLE_COLOUR('',#32870);
#32890=FILL_AREA_STYLE('',(#32880));
#32900=SURFACE_STYLE_FILL_AREA(#32890);
#32910=SURFACE_SIDE_STYLE('',(#32900));
#32920=SURFACE_STYLE_USAGE(.BOTH.,#32910);
#32930=PRESENTATION_STYLE_ASSIGNMENT((#32920));
#32940=CARTESIAN_POINT('',(0.,1.,-8.5));
#32950=DIRECTION('',(0.,0.,-1.));
#32960=DIRECTION('',(-1.,0.,0.));
#32970=AXIS2_PLACEMENT_3D('',#32940,#32950,#32960);
#32980=PLANE('',#32970);
#32990=ORIENTED_EDGE('',*,*,#6230,.F.);
#33000=EDGE_CURVE('',#6130,#6220,#6200,.T.);
#33010=ORIENTED_EDGE('',*,*,#33000,.F.);
#33020=EDGE_LOOP('',(#33010,#32990));
#33030=FACE_OUTER_BOUND('',#33020,.T.);
#33040=ADVANCED_FACE('',(#33030),#32980,.T.);
#33050=COLOUR_RGB('',0.831372618675232,0.850980460643768,
0.858823597431183);
#33060=FILL_AREA_STYLE_COLOUR('',#33050);
#33070=FILL_AREA_STYLE('',(#33060));
#33080=SURFACE_STYLE_FILL_AREA(#33070);
#33090=SURFACE_SIDE_STYLE('',(#33080));
#33100=SURFACE_STYLE_USAGE(.BOTH.,#33090);
#33110=PRESENTATION_STYLE_ASSIGNMENT((#33100));
#33120=CARTESIAN_POINT('',(-7.5,0.,-8.5));
#33130=DIRECTION('',(-1.,0.,0.));
#33140=DIRECTION('',(0.,0.,1.));
#33150=AXIS2_PLACEMENT_3D('',#33120,#33130,#33140);
#33160=PLANE('',#33150);
#33170=CARTESIAN_POINT('',(-7.5,0.,-8.5));
#33180=DIRECTION('',(0.,-1.,0.));
#33190=VECTOR('',#33180,1.5);
#33200=LINE('',#33170,#33190);
#33210=CARTESIAN_POINT('',(-7.5,0.,-8.5));
#33220=VERTEX_POINT('',#33210);
#33230=CARTESIAN_POINT('',(-7.5,-1.5,-8.5));
#33240=VERTEX_POINT('',#33230);
#33250=EDGE_CURVE('',#33220,#33240,#33200,.T.);
#33260=ORIENTED_EDGE('',*,*,#33250,.T.);
#33270=CARTESIAN_POINT('',(-7.5,0.,-8.5));
#33280=DIRECTION('',(0.,0.,1.));
#33290=VECTOR('',#33280,4.6);
#33300=LINE('',#33270,#33290);
#33310=CARTESIAN_POINT('',(-7.5,0.,-3.9));
#33320=VERTEX_POINT('',#33310);
#33330=EDGE_CURVE('',#33220,#33320,#33300,.T.);
#33340=ORIENTED_EDGE('',*,*,#33330,.F.);
#33350=CARTESIAN_POINT('',(-7.5,0.,-3.9));
#33360=DIRECTION('',(0.,-1.,0.));
#33370=VECTOR('',#33360,1.5);
#33380=LINE('',#33350,#33370);
#33390=CARTESIAN_POINT('',(-7.5,-1.5,-3.9));
#33400=VERTEX_POINT('',#33390);
#33410=EDGE_CURVE('',#33320,#33400,#33380,.T.);
#33420=ORIENTED_EDGE('',*,*,#33410,.F.);
#33430=CARTESIAN_POINT('',(-7.5,-1.5,-8.5));
#33440=DIRECTION('',(0.,0.,1.));
#33450=VECTOR('',#33440,4.6);
#33460=LINE('',#33430,#33450);
#33470=EDGE_CURVE('',#33240,#33400,#33460,.T.);
#33480=ORIENTED_EDGE('',*,*,#33470,.T.);
#33490=EDGE_LOOP('',(#33480,#33420,#33340,#33260));
#33500=FACE_OUTER_BOUND('',#33490,.T.);
#33510=ADVANCED_FACE('',(#33500),#33160,.T.);
#33520=COLOUR_RGB('',0.831372618675232,0.850980460643768,
0.858823597431183);
#33530=FILL_AREA_STYLE_COLOUR('',#33520);
#33540=FILL_AREA_STYLE('',(#33530));
#33550=SURFACE_STYLE_FILL_AREA(#33540);
#33560=SURFACE_SIDE_STYLE('',(#33550));
#33570=SURFACE_STYLE_USAGE(.BOTH.,#33560);
#33580=PRESENTATION_STYLE_ASSIGNMENT((#33570));
#33590=CARTESIAN_POINT('',(-6.52405804184277,0.,-3.9));
#33600=DIRECTION('',(0.866025403784439,-0.,0.499999999999999));
#33610=DIRECTION('',(0.499999999999999,0.,-0.866025403784439));
#33620=AXIS2_PLACEMENT_3D('',#33590,#33600,#33610);
#33630=PLANE('',#33620);
#33640=CARTESIAN_POINT('',(-6.52405804184277,0.,-3.9));
#33650=DIRECTION('',(0.,-1.,0.));
#33660=VECTOR('',#33650,1.5);
#33670=LINE('',#33640,#33660);
#33680=CARTESIAN_POINT('',(-6.52405804184277,0.,-3.9));
#33690=VERTEX_POINT('',#33680);
#33700=CARTESIAN_POINT('',(-6.52405804184277,-1.5,-3.9));
#33710=VERTEX_POINT('',#33700);
#33720=EDGE_CURVE('',#33690,#33710,#33670,.T.);
#33730=ORIENTED_EDGE('',*,*,#33720,.T.);
#33740=CARTESIAN_POINT('',(-6.52405804184277,0.,-3.9));
#33750=DIRECTION('',(0.499999999999999,0.,-0.866025403784439));
#33760=VECTOR('',#33750,4.38786204584115);
#33770=LINE('',#33740,#33760);
#33780=CARTESIAN_POINT('',(-4.3301270189222,0.,-7.7));
#33790=VERTEX_POINT('',#33780);
#33800=EDGE_CURVE('',#33690,#33790,#33770,.T.);
#33810=ORIENTED_EDGE('',*,*,#33800,.F.);
#33820=CARTESIAN_POINT('',(-4.3301270189222,0.,-7.7));
#33830=DIRECTION('',(0.,-1.,0.));
#33840=VECTOR('',#33830,1.5);
#33850=LINE('',#33820,#33840);
#33860=CARTESIAN_POINT('',(-4.3301270189222,-1.5,-7.7));
#33870=VERTEX_POINT('',#33860);
#33880=EDGE_CURVE('',#33790,#33870,#33850,.T.);
#33890=ORIENTED_EDGE('',*,*,#33880,.F.);
#33900=CARTESIAN_POINT('',(-6.52405804184277,-1.5,-3.9));
#33910=DIRECTION('',(0.499999999999999,0.,-0.866025403784439));
#33920=VECTOR('',#33910,4.38786204584115);
#33930=LINE('',#33900,#33920);
#33940=EDGE_CURVE('',#33710,#33870,#33930,.T.);
#33950=ORIENTED_EDGE('',*,*,#33940,.T.);
#33960=EDGE_LOOP('',(#33950,#33890,#33810,#33730));
#33970=FACE_OUTER_BOUND('',#33960,.T.);
#33980=ADVANCED_FACE('',(#33970),#33630,.T.);
#33990=COLOUR_RGB('',0.831372618675232,0.850980460643768,
0.858823597431183);
#34000=FILL_AREA_STYLE_COLOUR('',#33990);
#34010=FILL_AREA_STYLE('',(#34000));
#34020=SURFACE_STYLE_FILL_AREA(#34010);
#34030=SURFACE_SIDE_STYLE('',(#34020));
#34040=SURFACE_STYLE_USAGE(.BOTH.,#34030);
#34050=PRESENTATION_STYLE_ASSIGNMENT((#34040));
#34060=CARTESIAN_POINT('',(-4.3301270189222,0.,-7.7));
#34070=DIRECTION('',(0.,0.,1.));
#34080=DIRECTION('',(1.,0.,0.));
#34090=AXIS2_PLACEMENT_3D('',#34060,#34070,#34080);
#34100=PLANE('',#34090);
#34110=ORIENTED_EDGE('',*,*,#33880,.T.);
#34120=CARTESIAN_POINT('',(-4.3301270189222,0.,-7.7));
#34130=DIRECTION('',(1.,0.,0.));
#34140=VECTOR('',#34130,1.8301270189222);
#34150=LINE('',#34120,#34140);
#34160=CARTESIAN_POINT('',(-2.5,0.,-7.7));
#34170=VERTEX_POINT('',#34160);
#34180=EDGE_CURVE('',#33790,#34170,#34150,.T.);
#34190=ORIENTED_EDGE('',*,*,#34180,.F.);
#34200=CARTESIAN_POINT('',(-2.5,0.,-7.7));
#34210=DIRECTION('',(0.,-1.,0.));
#34220=VECTOR('',#34210,1.5);
#34230=LINE('',#34200,#34220);
#34240=CARTESIAN_POINT('',(-2.5,-1.5,-7.7));
#34250=VERTEX_POINT('',#34240);
#34260=EDGE_CURVE('',#34170,#34250,#34230,.T.);
#34270=ORIENTED_EDGE('',*,*,#34260,.F.);
#34280=CARTESIAN_POINT('',(-4.3301270189222,-1.5,-7.7));
#34290=DIRECTION('',(1.,0.,0.));
#34300=VECTOR('',#34290,1.83012701892219);
#34310=LINE('',#34280,#34300);
#34320=EDGE_CURVE('',#33870,#34250,#34310,.T.);
#34330=ORIENTED_EDGE('',*,*,#34320,.T.);
#34340=EDGE_LOOP('',(#34330,#34270,#34190,#34110));
#34350=FACE_OUTER_BOUND('',#34340,.T.);
#34360=ADVANCED_FACE('',(#34350),#34100,.T.);
#34370=COLOUR_RGB('',0.831372618675232,0.850980460643768,
0.858823597431183);
#34380=FILL_AREA_STYLE_COLOUR('',#34370);
#34390=FILL_AREA_STYLE('',(#34380));
#34400=SURFACE_STYLE_FILL_AREA(#34390);
#34410=SURFACE_SIDE_STYLE('',(#34400));
#34420=SURFACE_STYLE_USAGE(.BOTH.,#34410);
#34430=PRESENTATION_STYLE_ASSIGNMENT((#34420));
#34440=CARTESIAN_POINT('',(-5.59321657783397,-1.5,-6.86871804777214));
#34450=DIRECTION('',(0.,1.,0.));
#34460=DIRECTION('',(0.,0.,1.));
#34470=AXIS2_PLACEMENT_3D('',#34440,#34450,#34460);
#34480=PLANE('',#34470);
#34490=CARTESIAN_POINT('',(-2.5,-1.5,-8.5));
#34500=DIRECTION('',(-1.,0.,0.));
#34510=VECTOR('',#34500,5.);
#34520=LINE('',#34490,#34510);
#34530=CARTESIAN_POINT('',(-2.5,-1.5,-8.5));
#34540=VERTEX_POINT('',#34530);
#34550=EDGE_CURVE('',#34540,#33240,#34520,.T.);
#34560=ORIENTED_EDGE('',*,*,#34550,.F.);
#34570=ORIENTED_EDGE('',*,*,#33470,.F.);
#34580=CARTESIAN_POINT('',(-7.5,-1.5,-3.9));
#34590=DIRECTION('',(1.,0.,0.));
#34600=VECTOR('',#34590,0.975941958157232);
#34610=LINE('',#34580,#34600);
#34620=EDGE_CURVE('',#33400,#33710,#34610,.T.);
#34630=ORIENTED_EDGE('',*,*,#34620,.F.);
#34640=ORIENTED_EDGE('',*,*,#33940,.F.);
#34650=ORIENTED_EDGE('',*,*,#34320,.F.);
#34660=CARTESIAN_POINT('',(-2.5,-1.5,-7.7));
#34670=DIRECTION('',(0.,0.,-1.));
#34680=VECTOR('',#34670,0.799999999999999);
#34690=LINE('',#34660,#34680);
#34700=EDGE_CURVE('',#34250,#34540,#34690,.T.);
#34710=ORIENTED_EDGE('',*,*,#34700,.F.);
#34720=EDGE_LOOP('',(#34710,#34650,#34640,#34630,#34570,#34560));
#34730=FACE_OUTER_BOUND('',#34720,.T.);
#34740=ADVANCED_FACE('',(#34730),#34480,.F.);
#34750=COLOUR_RGB('',0.831372618675232,0.850980460643768,
0.858823597431183);
#34760=FILL_AREA_STYLE_COLOUR('',#34750);
#34770=FILL_AREA_STYLE('',(#34760));
#34780=SURFACE_STYLE_FILL_AREA(#34770);
#34790=SURFACE_SIDE_STYLE('',(#34780));
#34800=SURFACE_STYLE_USAGE(.BOTH.,#34790);
#34810=PRESENTATION_STYLE_ASSIGNMENT((#34800));
#34820=CARTESIAN_POINT('',(2.5,0.,-7.70000000000001));
#34830=DIRECTION('',(0.,0.,1.));
#34840=DIRECTION('',(1.,0.,0.));
#34850=AXIS2_PLACEMENT_3D('',#34820,#34830,#34840);
#34860=PLANE('',#34850);
#34870=CARTESIAN_POINT('',(2.5,0.,-7.7));
#34880=DIRECTION('',(0.,-1.,0.));
#34890=VECTOR('',#34880,1.5);
#34900=LINE('',#34870,#34890);
#34910=CARTESIAN_POINT('',(2.5,0.,-7.7));
#34920=VERTEX_POINT('',#34910);
#34930=CARTESIAN_POINT('',(2.5,-1.5,-7.70000000000001));
#34940=VERTEX_POINT('',#34930);
#34950=EDGE_CURVE('',#34920,#34940,#34900,.T.);
#34960=ORIENTED_EDGE('',*,*,#34950,.T.);
#34970=CARTESIAN_POINT('',(2.5,0.,-7.7));
#34980=DIRECTION('',(1.,0.,0.));
#34990=VECTOR('',#34980,1.83006897707941);
#35000=LINE('',#34970,#34990);
#35010=CARTESIAN_POINT('',(4.33006897707941,0.,-7.70000000000001));
#35020=VERTEX_POINT('',#35010);
#35030=EDGE_CURVE('',#34920,#35020,#35000,.T.);
#35040=ORIENTED_EDGE('',*,*,#35030,.F.);
#35050=CARTESIAN_POINT('',(4.33006897707941,0.,-7.70000000000001));
#35060=DIRECTION('',(0.,-1.,0.));
#35070=VECTOR('',#35060,1.5);
#35080=LINE('',#35050,#35070);
#35090=CARTESIAN_POINT('',(4.33006897707941,-1.5,-7.70000000000001));
#35100=VERTEX_POINT('',#35090);
#35110=EDGE_CURVE('',#35020,#35100,#35080,.T.);
#35120=ORIENTED_EDGE('',*,*,#35110,.F.);
#35130=CARTESIAN_POINT('',(2.5,-1.5,-7.70000000000001));
#35140=DIRECTION('',(1.,0.,0.));
#35150=VECTOR('',#35140,1.83006897707942);
#35160=LINE('',#35130,#35150);
#35170=EDGE_CURVE('',#34940,#35100,#35160,.T.);
#35180=ORIENTED_EDGE('',*,*,#35170,.T.);
#35190=EDGE_LOOP('',(#35180,#35120,#35040,#34960));
#35200=FACE_OUTER_BOUND('',#35190,.T.);
#35210=ADVANCED_FACE('',(#35200),#34860,.T.);
#35220=COLOUR_RGB('',0.831372618675232,0.850980460643768,
0.858823597431183);
#35230=FILL_AREA_STYLE_COLOUR('',#35220);
#35240=FILL_AREA_STYLE('',(#35230));
#35250=SURFACE_STYLE_FILL_AREA(#35240);
#35260=SURFACE_SIDE_STYLE('',(#35250));
#35270=SURFACE_STYLE_USAGE(.BOTH.,#35260);
#35280=PRESENTATION_STYLE_ASSIGNMENT((#35270));
#35290=CARTESIAN_POINT('',(4.33006897707941,0.,-7.70000000000001));
#35300=DIRECTION('',(-0.866025403784438,0.,0.5));
#35310=DIRECTION('',(0.5,0.,0.866025403784438));
#35320=AXIS2_PLACEMENT_3D('',#35290,#35300,#35310);
#35330=PLANE('',#35320);
#35340=ORIENTED_EDGE('',*,*,#35110,.T.);
#35350=CARTESIAN_POINT('',(4.33006897707941,0.,-7.70000000000001));
#35360=DIRECTION('',(0.5,0.,0.866025403784438));
#35370=VECTOR('',#35360,4.38786204584116);
#35380=LINE('',#35350,#35370);
#35390=CARTESIAN_POINT('',(6.524,0.,-3.9));
#35400=VERTEX_POINT('',#35390);
#35410=EDGE_CURVE('',#35020,#35400,#35380,.T.);
#35420=ORIENTED_EDGE('',*,*,#35410,.F.);
#35430=CARTESIAN_POINT('',(6.524,0.,-3.9));
#35440=DIRECTION('',(0.,-1.,0.));
#35450=VECTOR('',#35440,1.5);
#35460=LINE('',#35430,#35450);
#35470=CARTESIAN_POINT('',(6.524,-1.5,-3.9));
#35480=VERTEX_POINT('',#35470);
#35490=EDGE_CURVE('',#35400,#35480,#35460,.T.);
#35500=ORIENTED_EDGE('',*,*,#35490,.F.);
#35510=CARTESIAN_POINT('',(4.33006897707941,-1.5,-7.70000000000001));
#35520=DIRECTION('',(0.5,0.,0.866025403784438));
#35530=VECTOR('',#35520,4.38786204584116);
#35540=LINE('',#35510,#35530);
#35550=EDGE_CURVE('',#35100,#35480,#35540,.T.);
#35560=ORIENTED_EDGE('',*,*,#35550,.T.);
#35570=EDGE_LOOP('',(#35560,#35500,#35420,#35340));
#35580=FACE_OUTER_BOUND('',#35570,.T.);
#35590=ADVANCED_FACE('',(#35580),#35330,.T.);
#35600=COLOUR_RGB('',0.831372618675232,0.850980460643768,
0.858823597431183);
#35610=FILL_AREA_STYLE_COLOUR('',#35600);
#35620=FILL_AREA_STYLE('',(#35610));
#35630=SURFACE_STYLE_FILL_AREA(#35620);
#35640=SURFACE_SIDE_STYLE('',(#35630));
#35650=SURFACE_STYLE_USAGE(.BOTH.,#35640);
#35660=PRESENTATION_STYLE_ASSIGNMENT((#35650));
#35670=CARTESIAN_POINT('',(7.5,0.,-3.9));
#35680=DIRECTION('',(1.,-0.,0.));
#35690=DIRECTION('',(0.,0.,-1.));
#35700=AXIS2_PLACEMENT_3D('',#35670,#35680,#35690);
#35710=PLANE('',#35700);
#35720=CARTESIAN_POINT('',(7.5,0.,-3.9));
#35730=DIRECTION('',(0.,-1.,0.));
#35740=VECTOR('',#35730,1.5);
#35750=LINE('',#35720,#35740);
#35760=CARTESIAN_POINT('',(7.5,0.,-3.9));
#35770=VERTEX_POINT('',#35760);
#35780=CARTESIAN_POINT('',(7.5,-1.5,-3.9));
#35790=VERTEX_POINT('',#35780);
#35800=EDGE_CURVE('',#35770,#35790,#35750,.T.);
#35810=ORIENTED_EDGE('',*,*,#35800,.T.);
#35820=CARTESIAN_POINT('',(7.5,0.,-3.9));
#35830=DIRECTION('',(0.,0.,-1.));
#35840=VECTOR('',#35830,4.6);
#35850=LINE('',#35820,#35840);
#35860=EDGE_CURVE('',#35770,#20700,#35850,.T.);
#35870=ORIENTED_EDGE('',*,*,#35860,.F.);
#35880=ORIENTED_EDGE('',*,*,#20710,.F.);
#35890=CARTESIAN_POINT('',(7.5,-1.5,-3.9));
#35900=DIRECTION('',(0.,0.,-1.));
#35910=VECTOR('',#35900,4.6);
#35920=LINE('',#35890,#35910);
#35930=EDGE_CURVE('',#35790,#20620,#35920,.T.);
#35940=ORIENTED_EDGE('',*,*,#35930,.T.);
#35950=EDGE_LOOP('',(#35940,#35880,#35870,#35810));
#35960=FACE_OUTER_BOUND('',#35950,.T.);
#35970=ADVANCED_FACE('',(#35960),#35710,.T.);
#35980=COLOUR_RGB('',0.831372618675232,0.850980460643768,
0.858823597431183);
#35990=FILL_AREA_STYLE_COLOUR('',#35980);
#36000=FILL_AREA_STYLE('',(#35990));
#36010=SURFACE_STYLE_FILL_AREA(#36000);
#36020=SURFACE_SIDE_STYLE('',(#36010));
#36030=SURFACE_STYLE_USAGE(.BOTH.,#36020);
#36040=PRESENTATION_STYLE_ASSIGNMENT((#36030));
#36050=CARTESIAN_POINT('',(5.59320934012232,-1.5,-6.86870551168784));
#36060=DIRECTION('',(0.,1.,0.));
#36070=DIRECTION('',(0.,0.,1.));
#36080=AXIS2_PLACEMENT_3D('',#36050,#36060,#36070);
#36090=PLANE('',#36080);
#36100=ORIENTED_EDGE('',*,*,#35550,.F.);
#36110=CARTESIAN_POINT('',(6.524,-1.5,-3.9));
#36120=DIRECTION('',(1.,0.,0.));
#36130=VECTOR('',#36120,0.976);
#36140=LINE('',#36110,#36130);
#36150=EDGE_CURVE('',#35480,#35790,#36140,.T.);
#36160=ORIENTED_EDGE('',*,*,#36150,.F.);
#36170=ORIENTED_EDGE('',*,*,#35930,.F.);
#36180=ORIENTED_EDGE('',*,*,#20630,.F.);
#36190=CARTESIAN_POINT('',(2.5,-1.5,-8.5));
#36200=DIRECTION('',(0.,0.,1.));
#36210=VECTOR('',#36200,0.799999999999996);
#36220=LINE('',#36190,#36210);
#36230=EDGE_CURVE('',#20540,#34940,#36220,.T.);
#36240=ORIENTED_EDGE('',*,*,#36230,.F.);
#36250=ORIENTED_EDGE('',*,*,#35170,.F.);
#36260=EDGE_LOOP('',(#36250,#36240,#36180,#36170,#36160,#36100));
#36270=FACE_OUTER_BOUND('',#36260,.T.);
#36280=ADVANCED_FACE('',(#36270),#36090,.F.);
#36290=COLOUR_RGB('',0.831372618675232,0.850980460643768,
0.858823597431183);
#36300=FILL_AREA_STYLE_COLOUR('',#36290);
#36310=FILL_AREA_STYLE('',(#36300));
#36320=SURFACE_STYLE_FILL_AREA(#36310);
#36330=SURFACE_SIDE_STYLE('',(#36320));
#36340=SURFACE_STYLE_USAGE(.BOTH.,#36330);
#36350=PRESENTATION_STYLE_ASSIGNMENT((#36340));
#36360=CARTESIAN_POINT('',(0.,0.,-1.43982748715251));
#36370=DIRECTION('',(0.,1.,0.));
#36380=DIRECTION('',(0.,0.,1.));
#36390=AXIS2_PLACEMENT_3D('',#36360,#36370,#36380);
#36400=PLANE('',#36390);
#36410=CARTESIAN_POINT('',(-6.40858798800488,0.,-3.9));
#36420=DIRECTION('',(-1.,0.,0.));
#36430=VECTOR('',#36420,0.115470053837886);
#36440=LINE('',#36410,#36430);
#36450=EDGE_CURVE('',#25250,#33690,#36440,.T.);
#36460=ORIENTED_EDGE('',*,*,#36450,.T.);
#36470=ORIENTED_EDGE('',*,*,#25260,.T.);
#36480=ORIENTED_EDGE('',*,*,#32790,.T.);
#36490=ORIENTED_EDGE('',*,*,#31390,.T.);
#36500=ORIENTED_EDGE('',*,*,#2510,.T.);
#36510=ORIENTED_EDGE('',*,*,#30100,.T.);
#36520=CARTESIAN_POINT('',(6.524,0.,-3.9));
#36530=DIRECTION('',(-1.,0.,0.));
#36540=VECTOR('',#36530,0.115412011995171);
#36550=LINE('',#36520,#36540);
#36560=EDGE_CURVE('',#35400,#30030,#36550,.T.);
#36570=ORIENTED_EDGE('',*,*,#36560,.T.);
#36580=ORIENTED_EDGE('',*,*,#35410,.T.);
#36590=ORIENTED_EDGE('',*,*,#35030,.T.);
#36600=CARTESIAN_POINT('',(2.5,0.,-7.7));
#36610=DIRECTION('',(-1.,0.,0.));
#36620=VECTOR('',#36610,5.);
#36630=LINE('',#36600,#36620);
#36640=EDGE_CURVE('',#34920,#34170,#36630,.T.);
#36650=ORIENTED_EDGE('',*,*,#36640,.F.);
#36660=ORIENTED_EDGE('',*,*,#34180,.T.);
#36670=ORIENTED_EDGE('',*,*,#33800,.T.);
#36680=EDGE_LOOP('',(#36670,#36660,#36650,#36590,#36580,#36570,#36510,
#36500,#36490,#36480,#36470,#36460));
#36690=FACE_OUTER_BOUND('',#36680,.T.);
#36700=ADVANCED_FACE('',(#36690),#36400,.F.);
#36710=COLOUR_RGB('',0.831372618675232,0.850980460643768,
0.858823597431183);
#36720=FILL_AREA_STYLE_COLOUR('',#36710);
#36730=FILL_AREA_STYLE('',(#36720));
#36740=SURFACE_STYLE_FILL_AREA(#36730);
#36750=SURFACE_SIDE_STYLE('',(#36740));
#36760=SURFACE_STYLE_USAGE(.BOTH.,#36750);
#36770=PRESENTATION_STYLE_ASSIGNMENT((#36760));
#36780=CARTESIAN_POINT('',(0.,0.,-1.43982748715251));
#36790=DIRECTION('',(0.,1.,0.));
#36800=DIRECTION('',(0.,0.,1.));
#36810=AXIS2_PLACEMENT_3D('',#36780,#36790,#36800);
#36820=PLANE('',#36810);
#36830=CARTESIAN_POINT('',(9.75,0.,-3.9));
#36840=DIRECTION('',(-1.,0.,0.));
#36850=VECTOR('',#36840,2.25);
#36860=LINE('',#36830,#36850);
#36870=CARTESIAN_POINT('',(9.75,0.,-3.9));
#36880=VERTEX_POINT('',#36870);
#36890=EDGE_CURVE('',#36880,#35770,#36860,.T.);
#36900=ORIENTED_EDGE('',*,*,#36890,.T.);
#36910=CARTESIAN_POINT('',(9.75,0.,-3.9));
#36920=DIRECTION('',(0.,0.,-1.));
#36930=VECTOR('',#36920,4.6);
#36940=LINE('',#36910,#36930);
#36950=EDGE_CURVE('',#36880,#20200,#36940,.T.);
#36960=ORIENTED_EDGE('',*,*,#36950,.F.);
#36970=ORIENTED_EDGE('',*,*,#20770,.F.);
#36980=ORIENTED_EDGE('',*,*,#35860,.T.);
#36990=EDGE_LOOP('',(#36980,#36970,#36960,#36900));
#37000=FACE_OUTER_BOUND('',#36990,.T.);
#37010=ADVANCED_FACE('',(#37000),#36820,.F.);
#37020=COLOUR_RGB('',0.831372618675232,0.850980460643768,
0.858823597431183);
#37030=FILL_AREA_STYLE_COLOUR('',#37020);
#37040=FILL_AREA_STYLE('',(#37030));
#37050=SURFACE_STYLE_FILL_AREA(#37040);
#37060=SURFACE_SIDE_STYLE('',(#37050));
#37070=SURFACE_STYLE_USAGE(.BOTH.,#37060);
#37080=PRESENTATION_STYLE_ASSIGNMENT((#37070));
#37090=CARTESIAN_POINT('',(10.,9.2,0.));
#37100=DIRECTION('',(0.,-1.,0.));
#37110=DIRECTION('',(0.,0.,-1.));
#37120=AXIS2_PLACEMENT_3D('',#37090,#37100,#37110);
#37130=PLANE('',#37120);
#37140=CARTESIAN_POINT('',(10.,9.2,1.));
#37150=DIRECTION('',(-1.,0.,0.));
#37160=VECTOR('',#37150,1.59308214263915);
#37170=LINE('',#37140,#37160);
#37180=CARTESIAN_POINT('',(10.,9.2,1.));
#37190=VERTEX_POINT('',#37180);
#37200=CARTESIAN_POINT('',(8.40691785736085,9.2,1.));
#37210=VERTEX_POINT('',#37200);
#37220=EDGE_CURVE('',#37190,#37210,#37170,.T.);
#37230=ORIENTED_EDGE('',*,*,#37220,.T.);
#37240=CARTESIAN_POINT('',(10.,9.2,1.));
#37250=DIRECTION('',(0.,0.,-1.));
#37260=VECTOR('',#37250,2.);
#37270=LINE('',#37240,#37260);
#37280=CARTESIAN_POINT('',(10.,9.2,-1.));
#37290=VERTEX_POINT('',#37280);
#37300=EDGE_CURVE('',#37190,#37290,#37270,.T.);
#37310=ORIENTED_EDGE('',*,*,#37300,.F.);
#37320=CARTESIAN_POINT('',(8.40691785736085,9.2,-1.));
#37330=DIRECTION('',(1.,0.,0.));
#37340=VECTOR('',#37330,1.59308214263915);
#37350=LINE('',#37320,#37340);
#37360=CARTESIAN_POINT('',(8.40691785736085,9.2,-1.));
#37370=VERTEX_POINT('',#37360);
#37380=EDGE_CURVE('',#37370,#37290,#37350,.T.);
#37390=ORIENTED_EDGE('',*,*,#37380,.T.);
#37400=CARTESIAN_POINT('',(7.5,9.2,0.));
#37410=DIRECTION('',(0.,-1.,0.));
#37420=DIRECTION('',(-0.671791005452483,0.,-0.740740740740741));
#37430=AXIS2_PLACEMENT_3D('',#37400,#37410,#37420);
#37440=CIRCLE('',#37430,1.35);
#37450=EDGE_CURVE('',#37370,#37210,#37440,.T.);
#37460=ORIENTED_EDGE('',*,*,#37450,.F.);
#37470=EDGE_LOOP('',(#37460,#37390,#37310,#37230));
#37480=FACE_OUTER_BOUND('',#37470,.T.);
#37490=ADVANCED_FACE('',(#37480),#37130,.T.);
#37500=COLOUR_RGB('',0.831372618675232,0.850980460643768,
0.858823597431183);
#37510=FILL_AREA_STYLE_COLOUR('',#37500);
#37520=FILL_AREA_STYLE('',(#37510));
#37530=SURFACE_STYLE_FILL_AREA(#37520);
#37540=SURFACE_SIDE_STYLE('',(#37530));
#37550=SURFACE_STYLE_USAGE(.BOTH.,#37540);
#37560=PRESENTATION_STYLE_ASSIGNMENT((#37550));
#37570=CARTESIAN_POINT('',(7.8,12.6,0.));
#37580=DIRECTION('',(0.,0.,1.));
#37590=DIRECTION('',(-0.880591720968732,-0.473875744221338,0.));
#37600=AXIS2_PLACEMENT_3D('',#37570,#37580,#37590);
#37610=CYLINDRICAL_SURFACE('',#37600,0.8);
#37620=CARTESIAN_POINT('',(6.99999999999999,12.6,1.));
#37630=DIRECTION('',(0.,0.,-1.));
#37640=VECTOR('',#37630,2.);
#37650=LINE('',#37620,#37640);
#37660=CARTESIAN_POINT('',(6.99999999999999,12.6,1.));
#37670=VERTEX_POINT('',#37660);
#37680=CARTESIAN_POINT('',(6.99999999999999,12.6,-1.));
#37690=VERTEX_POINT('',#37680);
#37700=EDGE_CURVE('',#37670,#37690,#37650,.T.);
#37710=ORIENTED_EDGE('',*,*,#37700,.F.);
#37720=CARTESIAN_POINT('',(7.8,12.6,-1.));
#37730=DIRECTION('',(0.,0.,1.));
#37740=DIRECTION('',(-0.880591720968732,-0.473875744221338,0.));
#37750=AXIS2_PLACEMENT_3D('',#37720,#37730,#37740);
#37760=CIRCLE('',#37750,0.8);
#37770=CARTESIAN_POINT('',(8.50447337677498,12.9791005953771,-1.));
#37780=VERTEX_POINT('',#37770);
#37790=EDGE_CURVE('',#37780,#37690,#37760,.T.);
#37800=ORIENTED_EDGE('',*,*,#37790,.T.);
#37810=CARTESIAN_POINT('',(8.50447337677498,12.9791005953771,0.));
#37820=DIRECTION('',(0.,0.,1.));
#37830=VECTOR('',#37820,1.);
#37840=LINE('',#37810,#37830);
#37850=CARTESIAN_POINT('',(8.50447337677498,12.9791005953771,1.));
#37860=VERTEX_POINT('',#37850);
#37870=EDGE_CURVE('',#37780,#37860,#37840,.T.);
#37880=ORIENTED_EDGE('',*,*,#37870,.F.);
#37890=CARTESIAN_POINT('',(7.8,12.6,1.));
#37900=DIRECTION('',(0.,0.,-1.));
#37910=DIRECTION('',(-0.880591720968732,-0.473875744221338,0.));
#37920=AXIS2_PLACEMENT_3D('',#37890,#37900,#37910);
#37930=CIRCLE('',#37920,0.8);
#37940=EDGE_CURVE('',#37670,#37860,#37930,.T.);
#37950=ORIENTED_EDGE('',*,*,#37940,.T.);
#37960=EDGE_LOOP('',(#37950,#37880,#37800,#37710));
#37970=FACE_OUTER_BOUND('',#37960,.T.);
#37980=ADVANCED_FACE('',(#37970),#37610,.T.);
#37990=COLOUR_RGB('',0.831372618675232,0.850980460643768,
0.858823597431183);
#38000=FILL_AREA_STYLE_COLOUR('',#37990);
#38010=FILL_AREA_STYLE('',(#38000));
#38020=SURFACE_STYLE_FILL_AREA(#38010);
#38030=SURFACE_SIDE_STYLE('',(#38020));
#38040=SURFACE_STYLE_USAGE(.BOTH.,#38030);
#38050=PRESENTATION_STYLE_ASSIGNMENT((#38040));
#38060=CARTESIAN_POINT('',(8.50447337677498,12.9791005953771,0.));
#38070=DIRECTION('',(0.880591720968732,0.473875744221338,0.));
#38080=DIRECTION('',(0.,0.,-1.));
#38090=AXIS2_PLACEMENT_3D('',#38060,#38070,#38080);
#38100=PLANE('',#38090);
#38110=ORIENTED_EDGE('',*,*,#37870,.T.);
#38120=CARTESIAN_POINT('',(10.,10.2,-1.));
#38130=DIRECTION('',(-0.473875744221338,0.880591720968732,0.));
#38140=VECTOR('',#38130,3.1559467676119);
#38150=LINE('',#38120,#38140);
#38160=CARTESIAN_POINT('',(10.,10.2,-1.));
#38170=VERTEX_POINT('',#38160);
#38180=EDGE_CURVE('',#38170,#37780,#38150,.T.);
#38190=ORIENTED_EDGE('',*,*,#38180,.T.);
#38200=CARTESIAN_POINT('',(10.,10.2,-1.));
#38210=DIRECTION('',(0.,0.,1.));
#38220=VECTOR('',#38210,2.);
#38230=LINE('',#38200,#38220);
#38240=CARTESIAN_POINT('',(10.,10.2,1.));
#38250=VERTEX_POINT('',#38240);
#38260=EDGE_CURVE('',#38170,#38250,#38230,.T.);
#38270=ORIENTED_EDGE('',*,*,#38260,.F.);
#38280=CARTESIAN_POINT('',(8.50447337677498,12.9791005953771,1.));
#38290=DIRECTION('',(0.473875744221338,-0.880591720968732,0.));
#38300=VECTOR('',#38290,3.1559467676119);
#38310=LINE('',#38280,#38300);
#38320=EDGE_CURVE('',#37860,#38250,#38310,.T.);
#38330=ORIENTED_EDGE('',*,*,#38320,.T.);
#38340=EDGE_LOOP('',(#38330,#38270,#38190,#38110));
#38350=FACE_OUTER_BOUND('',#38340,.T.);
#38360=ADVANCED_FACE('',(#38350),#38100,.T.);
#38370=COLOUR_RGB('',0.831372618675232,0.850980460643768,
0.858823597431183);
#38380=FILL_AREA_STYLE_COLOUR('',#38370);
#38390=FILL_AREA_STYLE('',(#38380));
#38400=SURFACE_STYLE_FILL_AREA(#38390);
#38410=SURFACE_SIDE_STYLE('',(#38400));
#38420=SURFACE_STYLE_USAGE(.BOTH.,#38410);
#38430=PRESENTATION_STYLE_ASSIGNMENT((#38420));
#38440=CARTESIAN_POINT('',(10.,10.2,0.));
#38450=DIRECTION('',(1.,-0.,0.));
#38460=DIRECTION('',(0.,0.,-1.));
#38470=AXIS2_PLACEMENT_3D('',#38440,#38450,#38460);
#38480=PLANE('',#38470);
#38490=ORIENTED_EDGE('',*,*,#38260,.T.);
#38500=CARTESIAN_POINT('',(10.,9.2,-1.));
#38510=DIRECTION('',(0.,1.,0.));
#38520=VECTOR('',#38510,0.999999999999998);
#38530=LINE('',#38500,#38520);
#38540=EDGE_CURVE('',#37290,#38170,#38530,.T.);
#38550=ORIENTED_EDGE('',*,*,#38540,.T.);
#38560=ORIENTED_EDGE('',*,*,#37300,.T.);
#38570=CARTESIAN_POINT('',(10.,10.2,1.));
#38580=DIRECTION('',(0.,-1.,0.));
#38590=VECTOR('',#38580,0.999999999999998);
#38600=LINE('',#38570,#38590);
#38610=EDGE_CURVE('',#38250,#37190,#38600,.T.);
#38620=ORIENTED_EDGE('',*,*,#38610,.T.);
#38630=EDGE_LOOP('',(#38620,#38560,#38550,#38490));
#38640=FACE_OUTER_BOUND('',#38630,.T.);
#38650=ADVANCED_FACE('',(#38640),#38480,.T.);
#38660=COLOUR_RGB('',0.831372618675232,0.850980460643768,
0.858823597431183);
#38670=FILL_AREA_STYLE_COLOUR('',#38660);
#38680=FILL_AREA_STYLE('',(#38670));
#38690=SURFACE_STYLE_FILL_AREA(#38680);
#38700=SURFACE_SIDE_STYLE('',(#38690));
#38710=SURFACE_STYLE_USAGE(.BOTH.,#38700);
#38720=PRESENTATION_STYLE_ASSIGNMENT((#38710));
#38730=CARTESIAN_POINT('',(-10.,9.2,0.));
#38740=DIRECTION('',(-1.,0.,0.));
#38750=DIRECTION('',(0.,0.,1.));
#38760=AXIS2_PLACEMENT_3D('',#38730,#38740,#38750);
#38770=PLANE('',#38760);
#38780=CARTESIAN_POINT('',(-10.,9.2,1.));
#38790=DIRECTION('',(0.,0.,-1.));
#38800=VECTOR('',#38790,2.);
#38810=LINE('',#38780,#38800);
#38820=CARTESIAN_POINT('',(-10.,9.2,1.));
#38830=VERTEX_POINT('',#38820);
#38840=CARTESIAN_POINT('',(-10.,9.2,-1.));
#38850=VERTEX_POINT('',#38840);
#38860=EDGE_CURVE('',#38830,#38850,#38810,.T.);
#38870=ORIENTED_EDGE('',*,*,#38860,.F.);
#38880=CARTESIAN_POINT('',(-10.,10.2,-1.));
#38890=DIRECTION('',(0.,-1.,0.));
#38900=VECTOR('',#38890,1.);
#38910=LINE('',#38880,#38900);
#38920=CARTESIAN_POINT('',(-10.,10.2,-1.));
#38930=VERTEX_POINT('',#38920);
#38940=EDGE_CURVE('',#38930,#38850,#38910,.T.);
#38950=ORIENTED_EDGE('',*,*,#38940,.T.);
#38960=CARTESIAN_POINT('',(-10.,10.2,-1.));
#38970=DIRECTION('',(0.,0.,1.));
#38980=VECTOR('',#38970,2.);
#38990=LINE('',#38960,#38980);
#39000=CARTESIAN_POINT('',(-10.,10.2,1.));
#39010=VERTEX_POINT('',#39000);
#39020=EDGE_CURVE('',#38930,#39010,#38990,.T.);
#39030=ORIENTED_EDGE('',*,*,#39020,.F.);
#39040=CARTESIAN_POINT('',(-10.,9.2,1.));
#39050=DIRECTION('',(0.,1.,0.));
#39060=VECTOR('',#39050,1.);
#39070=LINE('',#39040,#39060);
#39080=EDGE_CURVE('',#38830,#39010,#39070,.T.);
#39090=ORIENTED_EDGE('',*,*,#39080,.T.);
#39100=EDGE_LOOP('',(#39090,#39030,#38950,#38870));
#39110=FACE_OUTER_BOUND('',#39100,.T.);
#39120=ADVANCED_FACE('',(#39110),#38770,.T.);
#39130=COLOUR_RGB('',0.831372618675232,0.850980460643768,
0.858823597431183);
#39140=FILL_AREA_STYLE_COLOUR('',#39130);
#39150=FILL_AREA_STYLE('',(#39140));
#39160=SURFACE_STYLE_FILL_AREA(#39150);
#39170=SURFACE_SIDE_STYLE('',(#39160));
#39180=SURFACE_STYLE_USAGE(.BOTH.,#39170);
#39190=PRESENTATION_STYLE_ASSIGNMENT((#39180));
#39200=CARTESIAN_POINT('',(-10.,10.2,0.));
#39210=DIRECTION('',(-0.880591720968732,0.473875744221338,0.));
#39220=DIRECTION('',(0.,0.,1.));
#39230=AXIS2_PLACEMENT_3D('',#39200,#39210,#39220);
#39240=PLANE('',#39230);
#39250=ORIENTED_EDGE('',*,*,#39020,.T.);
#39260=CARTESIAN_POINT('',(-8.50447337677499,12.9791005953771,-1.));
#39270=DIRECTION('',(-0.473875744221338,-0.880591720968732,0.));
#39280=VECTOR('',#39270,3.1559467676119);
#39290=LINE('',#39260,#39280);
#39300=CARTESIAN_POINT('',(-8.50447337677499,12.9791005953771,-1.));
#39310=VERTEX_POINT('',#39300);
#39320=EDGE_CURVE('',#39310,#38930,#39290,.T.);
#39330=ORIENTED_EDGE('',*,*,#39320,.T.);
#39340=CARTESIAN_POINT('',(-8.50447337677499,12.9791005953771,-1.));
#39350=DIRECTION('',(0.,0.,1.));
#39360=VECTOR('',#39350,2.);
#39370=LINE('',#39340,#39360);
#39380=CARTESIAN_POINT('',(-8.50447337677499,12.9791005953771,1.));
#39390=VERTEX_POINT('',#39380);
#39400=EDGE_CURVE('',#39310,#39390,#39370,.T.);
#39410=ORIENTED_EDGE('',*,*,#39400,.F.);
#39420=CARTESIAN_POINT('',(-10.,10.2,1.));
#39430=DIRECTION('',(0.473875744221338,0.880591720968732,0.));
#39440=VECTOR('',#39430,3.1559467676119);
#39450=LINE('',#39420,#39440);
#39460=EDGE_CURVE('',#39010,#39390,#39450,.T.);
#39470=ORIENTED_EDGE('',*,*,#39460,.T.);
#39480=EDGE_LOOP('',(#39470,#39410,#39330,#39250));
#39490=FACE_OUTER_BOUND('',#39480,.T.);
#39500=ADVANCED_FACE('',(#39490),#39240,.T.);
#39510=COLOUR_RGB('',0.831372618675232,0.850980460643768,
0.858823597431183);
#39520=FILL_AREA_STYLE_COLOUR('',#39510);
#39530=FILL_AREA_STYLE('',(#39520));
#39540=SURFACE_STYLE_FILL_AREA(#39530);
#39550=SURFACE_SIDE_STYLE('',(#39540));
#39560=SURFACE_STYLE_USAGE(.BOTH.,#39550);
#39570=PRESENTATION_STYLE_ASSIGNMENT((#39560));
#39580=CARTESIAN_POINT('',(-7.8,12.6,0.));
#39590=DIRECTION('',(0.,0.,1.));
#39600=DIRECTION('',(1.,0.,0.));
#39610=AXIS2_PLACEMENT_3D('',#39580,#39590,#39600);
#39620=CYLINDRICAL_SURFACE('',#39610,0.8);
#39630=ORIENTED_EDGE('',*,*,#39400,.T.);
#39640=CARTESIAN_POINT('',(-7.8,12.6,-1.));
#39650=DIRECTION('',(0.,0.,1.));
#39660=DIRECTION('',(1.,0.,0.));
#39670=AXIS2_PLACEMENT_3D('',#39640,#39650,#39660);
#39680=CIRCLE('',#39670,0.8);
#39690=CARTESIAN_POINT('',(-7.,12.6,-1.));
#39700=VERTEX_POINT('',#39690);
#39710=EDGE_CURVE('',#39700,#39310,#39680,.T.);
#39720=ORIENTED_EDGE('',*,*,#39710,.T.);
#39730=CARTESIAN_POINT('',(-7.,12.6,0.));
#39740=DIRECTION('',(0.,0.,1.));
#39750=VECTOR('',#39740,1.);
#39760=LINE('',#39730,#39750);
#39770=CARTESIAN_POINT('',(-7.,12.6,1.));
#39780=VERTEX_POINT('',#39770);
#39790=EDGE_CURVE('',#39700,#39780,#39760,.T.);
#39800=ORIENTED_EDGE('',*,*,#39790,.F.);
#39810=CARTESIAN_POINT('',(-7.8,12.6,1.));
#39820=DIRECTION('',(0.,0.,-1.));
#39830=DIRECTION('',(1.,0.,0.));
#39840=AXIS2_PLACEMENT_3D('',#39810,#39820,#39830);
#39850=CIRCLE('',#39840,0.8);
#39860=EDGE_CURVE('',#39390,#39780,#39850,.T.);
#39870=ORIENTED_EDGE('',*,*,#39860,.T.);
#39880=EDGE_LOOP('',(#39870,#39800,#39720,#39630));
#39890=FACE_OUTER_BOUND('',#39880,.T.);
#39900=ADVANCED_FACE('',(#39890),#39620,.T.);
#39910=COLOUR_RGB('',0.831372618675232,0.850980460643768,
0.858823597431183);
#39920=FILL_AREA_STYLE_COLOUR('',#39910);
#39930=FILL_AREA_STYLE('',(#39920));
#39940=SURFACE_STYLE_FILL_AREA(#39930);
#39950=SURFACE_SIDE_STYLE('',(#39940));
#39960=SURFACE_STYLE_USAGE(.BOTH.,#39950);
#39970=PRESENTATION_STYLE_ASSIGNMENT((#39960));
#39980=CARTESIAN_POINT('',(-7.,9.2,0.));
#39990=DIRECTION('',(0.,-1.,0.));
#40000=DIRECTION('',(0.,0.,-1.));
#40010=AXIS2_PLACEMENT_3D('',#39980,#39990,#40000);
#40020=PLANE('',#40010);
#40030=CARTESIAN_POINT('',(-10.,9.2,-1.));
#40040=DIRECTION('',(1.,0.,0.));
#40050=VECTOR('',#40040,1.59308214263915);
#40060=LINE('',#40030,#40050);
#40070=CARTESIAN_POINT('',(-8.40691785736085,9.2,-1.));
#40080=VERTEX_POINT('',#40070);
#40090=EDGE_CURVE('',#38850,#40080,#40060,.T.);
#40100=ORIENTED_EDGE('',*,*,#40090,.T.);
#40110=ORIENTED_EDGE('',*,*,#38860,.T.);
#40120=CARTESIAN_POINT('',(-8.40691785736085,9.2,1.));
#40130=DIRECTION('',(-1.,0.,0.));
#40140=VECTOR('',#40130,1.59308214263915);
#40150=LINE('',#40120,#40140);
#40160=CARTESIAN_POINT('',(-8.40691785736085,9.2,1.));
#40170=VERTEX_POINT('',#40160);
#40180=EDGE_CURVE('',#40170,#38830,#40150,.T.);
#40190=ORIENTED_EDGE('',*,*,#40180,.T.);
#40200=CARTESIAN_POINT('',(-7.5,9.2,0.));
#40210=DIRECTION('',(0.,-1.,0.));
#40220=DIRECTION('',(0.671791005452483,0.,0.740740740740741));
#40230=AXIS2_PLACEMENT_3D('',#40200,#40210,#40220);
#40240=CIRCLE('',#40230,1.35);
#40250=EDGE_CURVE('',#40170,#40080,#40240,.T.);
#40260=ORIENTED_EDGE('',*,*,#40250,.F.);
#40270=EDGE_LOOP('',(#40260,#40190,#40110,#40100));
#40280=FACE_OUTER_BOUND('',#40270,.T.);
#40290=ADVANCED_FACE('',(#40280),#40020,.T.);
#40300=COLOUR_RGB('',0.831372618675232,0.850980460643768,
0.858823597431183);
#40310=FILL_AREA_STYLE_COLOUR('',#40300);
#40320=FILL_AREA_STYLE('',(#40310));
#40330=SURFACE_STYLE_FILL_AREA(#40320);
#40340=SURFACE_SIDE_STYLE('',(#40330));
#40350=SURFACE_STYLE_USAGE(.BOTH.,#40340);
#40360=PRESENTATION_STYLE_ASSIGNMENT((#40350));
#40370=CARTESIAN_POINT('',(0.,-1.,0.));
#40380=DIRECTION('',(0.,1.,0.));
#40390=DIRECTION('',(0.,0.,1.));
#40400=AXIS2_PLACEMENT_3D('',#40370,#40380,#40390);
#40410=CYLINDRICAL_SURFACE('',#40400,8.50000000000001);
#40420=CARTESIAN_POINT('',(0.,-2.220446E-15,0.));
#40430=DIRECTION('',(0.,1.,0.));
#40440=DIRECTION('',(0.,0.,1.));
#40450=AXIS2_PLACEMENT_3D('',#40420,#40430,#40440);
#40460=CIRCLE('',#40450,8.50000000000001);
#40470=EDGE_CURVE('',#3270,#30010,#40460,.T.);
#40480=ORIENTED_EDGE('',*,*,#40470,.F.);
#40490=ORIENTED_EDGE('',*,*,#30180,.T.);
#40500=ORIENTED_EDGE('',*,*,#21010,.T.);
#40510=ORIENTED_EDGE('',*,*,#3360,.T.);
#40520=EDGE_LOOP('',(#40510,#40500,#40490,#40480));
#40530=FACE_OUTER_BOUND('',#40520,.T.);
#40540=ADVANCED_FACE('',(#40530),#40410,.T.);
#40550=COLOUR_RGB('',0.831372618675232,0.850980460643768,
0.858823597431183);
#40560=FILL_AREA_STYLE_COLOUR('',#40550);
#40570=FILL_AREA_STYLE('',(#40560));
#40580=SURFACE_STYLE_FILL_AREA(#40570);
#40590=SURFACE_SIDE_STYLE('',(#40580));
#40600=SURFACE_STYLE_USAGE(.BOTH.,#40590);
#40610=PRESENTATION_STYLE_ASSIGNMENT((#40600));
#40620=CARTESIAN_POINT('',(7.5,10.,-6.5));
#40630=DIRECTION('',(0.,-1.,0.));
#40640=DIRECTION('',(0.,0.,-1.));
#40650=AXIS2_PLACEMENT_3D('',#40620,#40630,#40640);
#40660=PLANE('',#40650);
#40670=EDGE_CURVE('',#5810,#5640,#5880,.T.);
#40680=ORIENTED_EDGE('',*,*,#40670,.F.);
#40690=ORIENTED_EDGE('',*,*,#5890,.F.);
#40700=EDGE_LOOP('',(#40690,#40680));
#40710=FACE_OUTER_BOUND('',#40700,.T.);
#40720=ADVANCED_FACE('',(#40710),#40660,.F.);
#40730=COLOUR_RGB('',0.831372618675232,0.850980460643768,
0.858823597431183);
#40740=FILL_AREA_STYLE_COLOUR('',#40730);
#40750=FILL_AREA_STYLE('',(#40740));
#40760=SURFACE_STYLE_FILL_AREA(#40750);
#40770=SURFACE_SIDE_STYLE('',(#40760));
#40780=SURFACE_STYLE_USAGE(.BOTH.,#40770);
#40790=PRESENTATION_STYLE_ASSIGNMENT((#40780));
#40800=CARTESIAN_POINT('',(-7.554468E-17,2.,-1.43982748715251));
#40810=DIRECTION('',(0.,1.,0.));
#40820=DIRECTION('',(0.,0.,1.));
#40830=AXIS2_PLACEMENT_3D('',#40800,#40810,#40820);
#40840=PLANE('',#40830);
#40850=EDGE_CURVE('',#4640,#4830,#4900,.T.);
#40860=ORIENTED_EDGE('',*,*,#40850,.T.);
#40870=ORIENTED_EDGE('',*,*,#4910,.T.);
#40880=EDGE_LOOP('',(#40870,#40860));
#40890=FACE_OUTER_BOUND('',#40880,.T.);
#40900=ORIENTED_EDGE('',*,*,#8930,.T.);
#40910=EDGE_CURVE('',#8920,#8830,#8900,.T.);
#40920=ORIENTED_EDGE('',*,*,#40910,.T.);
#40930=EDGE_LOOP('',(#40920,#40900));
#40940=FACE_BOUND('',#40930,.T.);
#40950=ADVANCED_FACE('',(#40890,#40940),#40840,.T.);
#40960=COLOUR_RGB('',0.831372618675232,0.850980460643768,
0.858823597431183);
#40970=FILL_AREA_STYLE_COLOUR('',#40960);
#40980=FILL_AREA_STYLE('',(#40970));
#40990=SURFACE_STYLE_FILL_AREA(#40980);
#41000=SURFACE_SIDE_STYLE('',(#40990));
#41010=SURFACE_STYLE_USAGE(.BOTH.,#41000);
#41020=PRESENTATION_STYLE_ASSIGNMENT((#41010));
#41030=CARTESIAN_POINT('',(-7.5,10.,-6.5));
#41040=DIRECTION('',(0.,-1.,0.));
#41050=DIRECTION('',(0.,0.,-1.));
#41060=AXIS2_PLACEMENT_3D('',#41030,#41040,#41050);
#41070=PLANE('',#41060);
#41080=EDGE_CURVE('',#5320,#5150,#5390,.T.);
#41090=ORIENTED_EDGE('',*,*,#41080,.F.);
#41100=ORIENTED_EDGE('',*,*,#5400,.F.);
#41110=EDGE_LOOP('',(#41100,#41090));
#41120=FACE_OUTER_BOUND('',#41110,.T.);
#41130=ADVANCED_FACE('',(#41120),#41070,.F.);
#41140=COLOUR_RGB('',0.831372618675232,0.850980460643768,
0.858823597431183);
#41150=FILL_AREA_STYLE_COLOUR('',#41140);
#41160=FILL_AREA_STYLE('',(#41150));
#41170=SURFACE_STYLE_FILL_AREA(#41160);
#41180=SURFACE_SIDE_STYLE('',(#41170));
#41190=SURFACE_STYLE_USAGE(.BOTH.,#41180);
#41200=PRESENTATION_STYLE_ASSIGNMENT((#41190));
#41210=CARTESIAN_POINT('',(-7.5,3.8,0.));
#41220=DIRECTION('',(0.,1.,0.));
#41230=DIRECTION('',(0.,0.,1.));
#41240=AXIS2_PLACEMENT_3D('',#41210,#41220,#41230);
#41250=PLANE('',#41240);
#41260=CARTESIAN_POINT('',(-4.75,3.8,-1.));
#41270=DIRECTION('',(-1.,0.,0.));
#41280=VECTOR('',#41270,2.25);
#41290=LINE('',#41260,#41280);
#41300=CARTESIAN_POINT('',(-4.75,3.8,-1.));
#41310=VERTEX_POINT('',#41300);
#41320=CARTESIAN_POINT('',(-7.,3.8,-1.));
#41330=VERTEX_POINT('',#41320);
#41340=EDGE_CURVE('',#41310,#41330,#41290,.T.);
#41350=ORIENTED_EDGE('',*,*,#41340,.T.);
#41360=CARTESIAN_POINT('',(-4.75,3.8,-1.));
#41370=DIRECTION('',(0.,0.,1.));
#41380=VECTOR('',#41370,2.);
#41390=LINE('',#41360,#41380);
#41400=CARTESIAN_POINT('',(-4.75,3.8,1.));
#41410=VERTEX_POINT('',#41400);
#41420=EDGE_CURVE('',#41310,#41410,#41390,.T.);
#41430=ORIENTED_EDGE('',*,*,#41420,.F.);
#41440=CARTESIAN_POINT('',(-7.,3.8,1.));
#41450=DIRECTION('',(1.,0.,0.));
#41460=VECTOR('',#41450,2.25);
#41470=LINE('',#41440,#41460);
#41480=CARTESIAN_POINT('',(-7.,3.8,1.));
#41490=VERTEX_POINT('',#41480);
#41500=EDGE_CURVE('',#41490,#41410,#41470,.T.);
#41510=ORIENTED_EDGE('',*,*,#41500,.T.);
#41520=CARTESIAN_POINT('',(-7.,3.8,1.));
#41530=DIRECTION('',(0.,0.,-1.));
#41540=VECTOR('',#41530,2.);
#41550=LINE('',#41520,#41540);
#41560=EDGE_CURVE('',#41490,#41330,#41550,.T.);
#41570=ORIENTED_EDGE('',*,*,#41560,.F.);
#41580=EDGE_LOOP('',(#41570,#41510,#41430,#41350));
#41590=FACE_OUTER_BOUND('',#41580,.T.);
#41600=ADVANCED_FACE('',(#41590),#41250,.T.);
#41610=COLOUR_RGB('',0.831372618675232,0.850980460643768,
0.858823597431183);
#41620=FILL_AREA_STYLE_COLOUR('',#41610);
#41630=FILL_AREA_STYLE('',(#41620));
#41640=SURFACE_STYLE_FILL_AREA(#41630);
#41650=SURFACE_SIDE_STYLE('',(#41640));
#41660=SURFACE_STYLE_USAGE(.BOTH.,#41650);
#41670=PRESENTATION_STYLE_ASSIGNMENT((#41660));
#41680=CARTESIAN_POINT('',(-8.40691785736085,2.,-1.));
#41690=DIRECTION('',(0.,0.,-1.));
#41700=DIRECTION('',(-1.,0.,0.));
#41710=AXIS2_PLACEMENT_3D('',#41680,#41690,#41700);
#41720=PLANE('',#41710);
#41730=CARTESIAN_POINT('',(-4.75,2.,-1.));
#41740=DIRECTION('',(0.,1.,0.));
#41750=VECTOR('',#41740,1.8);
#41760=LINE('',#41730,#41750);
#41770=CARTESIAN_POINT('',(-4.75,2.,-1.));
#41780=VERTEX_POINT('',#41770);
#41790=EDGE_CURVE('',#41780,#41310,#41760,.T.);
#41800=ORIENTED_EDGE('',*,*,#41790,.F.);
#41810=ORIENTED_EDGE('',*,*,#41340,.F.);
#41820=CARTESIAN_POINT('',(-7.,3.8,-1.));
#41830=DIRECTION('',(0.,1.,0.));
#41840=VECTOR('',#41830,8.8);
#41850=LINE('',#41820,#41840);
#41860=EDGE_CURVE('',#41330,#39700,#41850,.T.);
#41870=ORIENTED_EDGE('',*,*,#41860,.F.);
#41880=ORIENTED_EDGE('',*,*,#39710,.F.);
#41890=ORIENTED_EDGE('',*,*,#39320,.F.);
#41900=ORIENTED_EDGE('',*,*,#38940,.F.);
#41910=ORIENTED_EDGE('',*,*,#40090,.F.);
#41920=CARTESIAN_POINT('',(-8.40691785736085,2.,-1.));
#41930=DIRECTION('',(0.,1.,0.));
#41940=VECTOR('',#41930,1.);
#41950=LINE('',#41920,#41940);
#41960=CARTESIAN_POINT('',(-8.40691785736085,2.,-1.));
#41970=VERTEX_POINT('',#41960);
#41980=EDGE_CURVE('',#41970,#40080,#41950,.T.);
#41990=ORIENTED_EDGE('',*,*,#41980,.T.);
#42000=CARTESIAN_POINT('',(-8.40691785736085,2.,-1.));
#42010=DIRECTION('',(1.,0.,0.));
#42020=VECTOR('',#42010,3.65691785736085);
#42030=LINE('',#42000,#42020);
#42040=EDGE_CURVE('',#41970,#41780,#42030,.T.);
#42050=ORIENTED_EDGE('',*,*,#42040,.F.);
#42060=EDGE_LOOP('',(#42050,#41990,#41910,#41900,#41890,#41880,#41870,
#41810,#41800));
#42070=FACE_OUTER_BOUND('',#42060,.T.);
#42080=ADVANCED_FACE('',(#42070),#41720,.T.);
#42090=COLOUR_RGB('',0.831372618675232,0.850980460643768,
0.858823597431183);
#42100=FILL_AREA_STYLE_COLOUR('',#42090);
#42110=FILL_AREA_STYLE('',(#42100));
#42120=SURFACE_STYLE_FILL_AREA(#42110);
#42130=SURFACE_SIDE_STYLE('',(#42120));
#42140=SURFACE_STYLE_USAGE(.BOTH.,#42130);
#42150=PRESENTATION_STYLE_ASSIGNMENT((#42140));
#42160=CARTESIAN_POINT('',(-7.81234230029097,2.,5.17893E-16));
#42170=DIRECTION('',(0.,1.,0.));
#42180=DIRECTION('',(0.,0.,1.));
#42190=AXIS2_PLACEMENT_3D('',#42160,#42170,#42180);
#42200=PLANE('',#42190);
#42210=CARTESIAN_POINT('',(-4.75,2.,1.));
#42220=DIRECTION('',(0.,0.,-1.));
#42230=VECTOR('',#42220,2.);
#42240=LINE('',#42210,#42230);
#42250=CARTESIAN_POINT('',(-4.75,2.,1.));
#42260=VERTEX_POINT('',#42250);
#42270=EDGE_CURVE('',#42260,#41780,#42240,.T.);
#42280=ORIENTED_EDGE('',*,*,#42270,.F.);
#42290=ORIENTED_EDGE('',*,*,#42040,.T.);
#42300=CARTESIAN_POINT('',(-7.5,2.,0.));
#42310=DIRECTION('',(0.,-1.,0.));
#42320=DIRECTION('',(0.671791005452483,0.,0.740740740740741));
#42330=AXIS2_PLACEMENT_3D('',#42300,#42310,#42320);
#42340=CIRCLE('',#42330,1.35);
#42350=CARTESIAN_POINT('',(-8.40691785736085,2.,1.));
#42360=VERTEX_POINT('',#42350);
#42370=EDGE_CURVE('',#42360,#41970,#42340,.T.);
#42380=ORIENTED_EDGE('',*,*,#42370,.T.);
#42390=CARTESIAN_POINT('',(-4.75,2.,1.));
#42400=DIRECTION('',(-1.,0.,0.));
#42410=VECTOR('',#42400,3.65691785736085);
#42420=LINE('',#42390,#42410);
#42430=EDGE_CURVE('',#42260,#42360,#42420,.T.);
#42440=ORIENTED_EDGE('',*,*,#42430,.T.);
#42450=EDGE_LOOP('',(#42440,#42380,#42290,#42280));
#42460=FACE_OUTER_BOUND('',#42450,.T.);
#42470=ADVANCED_FACE('',(#42460),#42200,.F.);
#42480=COLOUR_RGB('',0.831372618675232,0.850980460643768,
0.858823597431183);
#42490=FILL_AREA_STYLE_COLOUR('',#42480);
#42500=FILL_AREA_STYLE('',(#42490));
#42510=SURFACE_STYLE_FILL_AREA(#42500);
#42520=SURFACE_SIDE_STYLE('',(#42510));
#42530=SURFACE_STYLE_USAGE(.BOTH.,#42520);
#42540=PRESENTATION_STYLE_ASSIGNMENT((#42530));
#42550=CARTESIAN_POINT('',(-7.,2.,-0.999999999999998));
#42560=DIRECTION('',(1.,-0.,0.));
#42570=DIRECTION('',(0.,0.,-1.));
#42580=AXIS2_PLACEMENT_3D('',#42550,#42560,#42570);
#42590=PLANE('',#42580);
#42600=CARTESIAN_POINT('',(-7.,3.8,1.));
#42610=DIRECTION('',(0.,1.,0.));
#42620=VECTOR('',#42610,8.8);
#42630=LINE('',#42600,#42620);
#42640=EDGE_CURVE('',#41490,#39780,#42630,.T.);
#42650=ORIENTED_EDGE('',*,*,#42640,.F.);
#42660=ORIENTED_EDGE('',*,*,#39790,.T.);
#42670=ORIENTED_EDGE('',*,*,#41860,.T.);
#42680=ORIENTED_EDGE('',*,*,#41560,.T.);
#42690=EDGE_LOOP('',(#42680,#42670,#42660,#42650));
#42700=FACE_OUTER_BOUND('',#42690,.T.);
#42710=ADVANCED_FACE('',(#42700),#42590,.T.);
#42720=COLOUR_RGB('',0.831372618675232,0.850980460643768,
0.858823597431183);
#42730=FILL_AREA_STYLE_COLOUR('',#42720);
#42740=FILL_AREA_STYLE('',(#42730));
#42750=SURFACE_STYLE_FILL_AREA(#42740);
#42760=SURFACE_SIDE_STYLE('',(#42750));
#42770=SURFACE_STYLE_USAGE(.BOTH.,#42760);
#42780=PRESENTATION_STYLE_ASSIGNMENT((#42770));
#42790=CARTESIAN_POINT('',(-7.,2.,1.));
#42800=DIRECTION('',(0.,0.,1.));
#42810=DIRECTION('',(1.,0.,0.));
#42820=AXIS2_PLACEMENT_3D('',#42790,#42800,#42810);
#42830=PLANE('',#42820);
#42840=ORIENTED_EDGE('',*,*,#41500,.F.);
#42850=CARTESIAN_POINT('',(-4.75,3.8,1.));
#42860=DIRECTION('',(0.,-1.,0.));
#42870=VECTOR('',#42860,1.8);
#42880=LINE('',#42850,#42870);
#42890=EDGE_CURVE('',#41410,#42260,#42880,.T.);
#42900=ORIENTED_EDGE('',*,*,#42890,.F.);
#42910=ORIENTED_EDGE('',*,*,#42430,.F.);
#42920=CARTESIAN_POINT('',(-8.40691785736085,2.,1.));
#42930=DIRECTION('',(0.,1.,0.));
#42940=VECTOR('',#42930,7.2);
#42950=LINE('',#42920,#42940);
#42960=EDGE_CURVE('',#42360,#40170,#42950,.T.);
#42970=ORIENTED_EDGE('',*,*,#42960,.F.);
#42980=ORIENTED_EDGE('',*,*,#40180,.F.);
#42990=ORIENTED_EDGE('',*,*,#39080,.F.);
#43000=ORIENTED_EDGE('',*,*,#39460,.F.);
#43010=ORIENTED_EDGE('',*,*,#39860,.F.);
#43020=ORIENTED_EDGE('',*,*,#42640,.T.);
#43030=EDGE_LOOP('',(#43020,#43010,#43000,#42990,#42980,#42970,#42910,
#42900,#42840));
#43040=FACE_OUTER_BOUND('',#43030,.T.);
#43050=ADVANCED_FACE('',(#43040),#42830,.T.);
#43060=COLOUR_RGB('',0.831372618675232,0.850980460643768,
0.858823597431183);
#43070=FILL_AREA_STYLE_COLOUR('',#43060);
#43080=FILL_AREA_STYLE('',(#43070));
#43090=SURFACE_STYLE_FILL_AREA(#43080);
#43100=SURFACE_SIDE_STYLE('',(#43090));
#43110=SURFACE_STYLE_USAGE(.BOTH.,#43100);
#43120=PRESENTATION_STYLE_ASSIGNMENT((#43110));
#43130=CARTESIAN_POINT('',(-7.5,2.,0.));
#43140=DIRECTION('',(0.,1.,0.));
#43150=DIRECTION('',(0.671791005452483,0.,0.740740740740741));
#43160=AXIS2_PLACEMENT_3D('',#43130,#43140,#43150);
#43170=CYLINDRICAL_SURFACE('',#43160,1.35);
#43180=ORIENTED_EDGE('',*,*,#42960,.T.);
#43190=ORIENTED_EDGE('',*,*,#42370,.F.);
#43200=ORIENTED_EDGE('',*,*,#41980,.F.);
#43210=ORIENTED_EDGE('',*,*,#40250,.T.);
#43220=EDGE_LOOP('',(#43210,#43200,#43190,#43180));
#43230=FACE_OUTER_BOUND('',#43220,.T.);
#43240=ADVANCED_FACE('',(#43230),#43170,.T.);
#43250=COLOUR_RGB('',0.831372618675232,0.850980460643768,
0.858823597431183);
#43260=FILL_AREA_STYLE_COLOUR('',#43250);
#43270=FILL_AREA_STYLE('',(#43260));
#43280=SURFACE_STYLE_FILL_AREA(#43270);
#43290=SURFACE_SIDE_STYLE('',(#43280));
#43300=SURFACE_STYLE_USAGE(.BOTH.,#43290);
#43310=PRESENTATION_STYLE_ASSIGNMENT((#43300));
#43320=CARTESIAN_POINT('',(4.75,3.8,0.));
#43330=DIRECTION('',(0.,1.,0.));
#43340=DIRECTION('',(0.,0.,1.));
#43350=AXIS2_PLACEMENT_3D('',#43320,#43330,#43340);
#43360=PLANE('',#43350);
#43370=CARTESIAN_POINT('',(4.75,3.8,1.));
#43380=DIRECTION('',(1.,0.,0.));
#43390=VECTOR('',#43380,2.25);
#43400=LINE('',#43370,#43390);
#43410=CARTESIAN_POINT('',(7.,3.8,1.));
#43420=VERTEX_POINT('',#43410);
#43430=EDGE_CURVE('',#22610,#43420,#43400,.T.);
#43440=ORIENTED_EDGE('',*,*,#43430,.T.);
#43450=ORIENTED_EDGE('',*,*,#22640,.F.);
#43460=CARTESIAN_POINT('',(7.,3.8,-1.));
#43470=DIRECTION('',(-1.,0.,0.));
#43480=VECTOR('',#43470,2.25);
#43490=LINE('',#43460,#43480);
#43500=CARTESIAN_POINT('',(7.,3.8,-1.));
#43510=VERTEX_POINT('',#43500);
#43520=EDGE_CURVE('',#43510,#22630,#43490,.T.);
#43530=ORIENTED_EDGE('',*,*,#43520,.T.);
#43540=CARTESIAN_POINT('',(7.,3.8,-1.));
#43550=DIRECTION('',(0.,0.,1.));
#43560=VECTOR('',#43550,2.);
#43570=LINE('',#43540,#43560);
#43580=EDGE_CURVE('',#43510,#43420,#43570,.T.);
#43590=ORIENTED_EDGE('',*,*,#43580,.F.);
#43600=EDGE_LOOP('',(#43590,#43530,#43450,#43440));
#43610=FACE_OUTER_BOUND('',#43600,.T.);
#43620=ADVANCED_FACE('',(#43610),#43360,.T.);
#43630=COLOUR_RGB('',0.831372618675232,0.850980460643768,
0.858823597431183);
#43640=FILL_AREA_STYLE_COLOUR('',#43630);
#43650=FILL_AREA_STYLE('',(#43640));
#43660=SURFACE_STYLE_FILL_AREA(#43650);
#43670=SURFACE_SIDE_STYLE('',(#43660));
#43680=SURFACE_STYLE_USAGE(.BOTH.,#43670);
#43690=PRESENTATION_STYLE_ASSIGNMENT((#43680));
#43700=CARTESIAN_POINT('',(7.,2.,-1.));
#43710=DIRECTION('',(0.,0.,-1.));
#43720=DIRECTION('',(-1.,0.,0.));
#43730=AXIS2_PLACEMENT_3D('',#43700,#43710,#43720);
#43740=PLANE('',#43730);
#43750=CARTESIAN_POINT('',(8.40691785736085,2.,-1.));
#43760=DIRECTION('',(0.,1.,0.));
#43770=VECTOR('',#43760,7.2);
#43780=LINE('',#43750,#43770);
#43790=CARTESIAN_POINT('',(8.40691785736085,2.,-1.));
#43800=VERTEX_POINT('',#43790);
#43810=EDGE_CURVE('',#43800,#37370,#43780,.T.);
#43820=ORIENTED_EDGE('',*,*,#43810,.F.);
#43830=ORIENTED_EDGE('',*,*,#37380,.F.);
#43840=ORIENTED_EDGE('',*,*,#38540,.F.);
#43850=ORIENTED_EDGE('',*,*,#38180,.F.);
#43860=ORIENTED_EDGE('',*,*,#37790,.F.);
#43870=CARTESIAN_POINT('',(7.,3.8,-1.));
#43880=DIRECTION('',(0.,1.,0.));
#43890=VECTOR('',#43880,8.8);
#43900=LINE('',#43870,#43890);
#43910=EDGE_CURVE('',#43510,#37690,#43900,.T.);
#43920=ORIENTED_EDGE('',*,*,#43910,.T.);
#43930=ORIENTED_EDGE('',*,*,#43520,.F.);
#43940=ORIENTED_EDGE('',*,*,#22860,.F.);
#43950=CARTESIAN_POINT('',(4.75,2.,-1.));
#43960=DIRECTION('',(1.,0.,0.));
#43970=VECTOR('',#43960,3.65691785736085);
#43980=LINE('',#43950,#43970);
#43990=EDGE_CURVE('',#22790,#43800,#43980,.T.);
#44000=ORIENTED_EDGE('',*,*,#43990,.F.);
#44010=EDGE_LOOP('',(#44000,#43940,#43930,#43920,#43860,#43850,#43840,
#43830,#43820));
#44020=FACE_OUTER_BOUND('',#44010,.T.);
#44030=ADVANCED_FACE('',(#44020),#43740,.T.);
#44040=COLOUR_RGB('',0.831372618675232,0.850980460643768,
0.858823597431183);
#44050=FILL_AREA_STYLE_COLOUR('',#44040);
#44060=FILL_AREA_STYLE('',(#44050));
#44070=SURFACE_STYLE_FILL_AREA(#44060);
#44080=SURFACE_SIDE_STYLE('',(#44070));
#44090=SURFACE_STYLE_USAGE(.BOTH.,#44080);
#44100=PRESENTATION_STYLE_ASSIGNMENT((#44090));
#44110=CARTESIAN_POINT('',(7.,2.,1.));
#44120=DIRECTION('',(-1.,0.,0.));
#44130=DIRECTION('',(0.,0.,1.));
#44140=AXIS2_PLACEMENT_3D('',#44110,#44120,#44130);
#44150=PLANE('',#44140);
#44160=ORIENTED_EDGE('',*,*,#43910,.F.);
#44170=ORIENTED_EDGE('',*,*,#37700,.T.);
#44180=CARTESIAN_POINT('',(7.,3.8,1.));
#44190=DIRECTION('',(0.,1.,0.));
#44200=VECTOR('',#44190,8.8);
#44210=LINE('',#44180,#44200);
#44220=EDGE_CURVE('',#43420,#37670,#44210,.T.);
#44230=ORIENTED_EDGE('',*,*,#44220,.T.);
#44240=ORIENTED_EDGE('',*,*,#43580,.T.);
#44250=EDGE_LOOP('',(#44240,#44230,#44170,#44160));
#44260=FACE_OUTER_BOUND('',#44250,.T.);
#44270=ADVANCED_FACE('',(#44260),#44150,.T.);
#44280=COLOUR_RGB('',0.831372618675232,0.850980460643768,
0.858823597431183);
#44290=FILL_AREA_STYLE_COLOUR('',#44280);
#44300=FILL_AREA_STYLE('',(#44290));
#44310=SURFACE_STYLE_FILL_AREA(#44300);
#44320=SURFACE_SIDE_STYLE('',(#44310));
#44330=SURFACE_STYLE_USAGE(.BOTH.,#44320);
#44340=PRESENTATION_STYLE_ASSIGNMENT((#44330));
#44350=CARTESIAN_POINT('',(7.5,2.,0.));
#44360=DIRECTION('',(0.,1.,0.));
#44370=DIRECTION('',(-0.671791005452483,0.,-0.740740740740741));
#44380=AXIS2_PLACEMENT_3D('',#44350,#44360,#44370);
#44390=CYLINDRICAL_SURFACE('',#44380,1.35);
#44400=ORIENTED_EDGE('',*,*,#43810,.T.);
#44410=CARTESIAN_POINT('',(7.5,2.,0.));
#44420=DIRECTION('',(0.,-1.,0.));
#44430=DIRECTION('',(-0.671791005452483,0.,-0.740740740740741));
#44440=AXIS2_PLACEMENT_3D('',#44410,#44420,#44430);
#44450=CIRCLE('',#44440,1.35);
#44460=CARTESIAN_POINT('',(8.40691785736085,2.,1.));
#44470=VERTEX_POINT('',#44460);
#44480=EDGE_CURVE('',#43800,#44470,#44450,.T.);
#44490=ORIENTED_EDGE('',*,*,#44480,.F.);
#44500=CARTESIAN_POINT('',(8.40691785736085,2.,1.));
#44510=DIRECTION('',(0.,1.,0.));
#44520=VECTOR('',#44510,1.);
#44530=LINE('',#44500,#44520);
#44540=EDGE_CURVE('',#44470,#37210,#44530,.T.);
#44550=ORIENTED_EDGE('',*,*,#44540,.F.);
#44560=ORIENTED_EDGE('',*,*,#37450,.T.);
#44570=EDGE_LOOP('',(#44560,#44550,#44490,#44400));
#44580=FACE_OUTER_BOUND('',#44570,.T.);
#44590=ADVANCED_FACE('',(#44580),#44390,.T.);
#44600=COLOUR_RGB('',0.831372618675232,0.850980460643768,
0.858823597431183);
#44610=FILL_AREA_STYLE_COLOUR('',#44600);
#44620=FILL_AREA_STYLE('',(#44610));
#44630=SURFACE_STYLE_FILL_AREA(#44620);
#44640=SURFACE_SIDE_STYLE('',(#44630));
#44650=SURFACE_STYLE_USAGE(.BOTH.,#44640);
#44660=PRESENTATION_STYLE_ASSIGNMENT((#44650));
#44670=CARTESIAN_POINT('',(8.40691785736085,2.,1.));
#44680=DIRECTION('',(0.,0.,1.));
#44690=DIRECTION('',(1.,0.,0.));
#44700=AXIS2_PLACEMENT_3D('',#44670,#44680,#44690);
#44710=PLANE('',#44700);
#44720=ORIENTED_EDGE('',*,*,#22720,.F.);
#44730=ORIENTED_EDGE('',*,*,#43430,.F.);
#44740=ORIENTED_EDGE('',*,*,#44220,.F.);
#44750=ORIENTED_EDGE('',*,*,#37940,.F.);
#44760=ORIENTED_EDGE('',*,*,#38320,.F.);
#44770=ORIENTED_EDGE('',*,*,#38610,.F.);
#44780=ORIENTED_EDGE('',*,*,#37220,.F.);
#44790=ORIENTED_EDGE('',*,*,#44540,.T.);
#44800=CARTESIAN_POINT('',(8.40691785736085,2.,1.));
#44810=DIRECTION('',(-1.,0.,0.));
#44820=VECTOR('',#44810,3.65691785736085);
#44830=LINE('',#44800,#44820);
#44840=EDGE_CURVE('',#44470,#22710,#44830,.T.);
#44850=ORIENTED_EDGE('',*,*,#44840,.F.);
#44860=EDGE_LOOP('',(#44850,#44790,#44780,#44770,#44760,#44750,#44740,
#44730,#44720));
#44870=FACE_OUTER_BOUND('',#44860,.T.);
#44880=ADVANCED_FACE('',(#44870),#44710,.T.);
#44890=COLOUR_RGB('',0.831372618675232,0.850980460643768,
0.858823597431183);
#44900=FILL_AREA_STYLE_COLOUR('',#44890);
#44910=FILL_AREA_STYLE('',(#44900));
#44920=SURFACE_STYLE_FILL_AREA(#44910);
#44930=SURFACE_SIDE_STYLE('',(#44920));
#44940=SURFACE_STYLE_USAGE(.BOTH.,#44930);
#44950=PRESENTATION_STYLE_ASSIGNMENT((#44940));
#44960=CARTESIAN_POINT('',(7.81234230029097,2.,-3.469447E-17));
#44970=DIRECTION('',(0.,1.,0.));
#44980=DIRECTION('',(0.,0.,1.));
#44990=AXIS2_PLACEMENT_3D('',#44960,#44970,#44980);
#45000=PLANE('',#44990);
#45010=ORIENTED_EDGE('',*,*,#22800,.F.);
#45020=ORIENTED_EDGE('',*,*,#44840,.T.);
#45030=ORIENTED_EDGE('',*,*,#44480,.T.);
#45040=ORIENTED_EDGE('',*,*,#43990,.T.);
#45050=EDGE_LOOP('',(#45040,#45030,#45020,#45010));
#45060=FACE_OUTER_BOUND('',#45050,.T.);
#45070=ADVANCED_FACE('',(#45060),#45000,.F.);
#45080=COLOUR_RGB('',0.831372618675232,0.850980460643768,
0.858823597431183);
#45090=FILL_AREA_STYLE_COLOUR('',#45080);
#45100=FILL_AREA_STYLE('',(#45090));
#45110=SURFACE_STYLE_FILL_AREA(#45100);
#45120=SURFACE_SIDE_STYLE('',(#45110));
#45130=SURFACE_STYLE_USAGE(.BOTH.,#45120);
#45140=PRESENTATION_STYLE_ASSIGNMENT((#45130));
#45150=CARTESIAN_POINT('',(-4.75,5.6,3.));
#45160=DIRECTION('',(0.,1.,0.));
#45170=DIRECTION('',(0.,0.,1.));
#45180=AXIS2_PLACEMENT_3D('',#45150,#45160,#45170);
#45190=PLANE('',#45180);
#45200=CARTESIAN_POINT('',(-4.75,5.6,2.26866535690882));
#45210=DIRECTION('',(0.,0.,-1.));
#45220=VECTOR('',#45210,6.16866535690882);
#45230=LINE('',#45200,#45220);
#45240=CARTESIAN_POINT('',(-4.75,5.6,2.26866535690882));
#45250=VERTEX_POINT('',#45240);
#45260=CARTESIAN_POINT('',(-4.75,5.6,-3.9));
#45270=VERTEX_POINT('',#45260);
#45280=EDGE_CURVE('',#45250,#45270,#45230,.T.);
#45290=ORIENTED_EDGE('',*,*,#45280,.F.);
#45300=CARTESIAN_POINT('',(-4.75,5.6,-3.9));
#45310=DIRECTION('',(-1.,0.,0.));
#45320=VECTOR('',#45310,5.);
#45330=LINE('',#45300,#45320);
#45340=CARTESIAN_POINT('',(-9.75,5.6,-3.9));
#45350=VERTEX_POINT('',#45340);
#45360=EDGE_CURVE('',#45270,#45350,#45330,.T.);
#45370=ORIENTED_EDGE('',*,*,#45360,.F.);
#45380=CARTESIAN_POINT('',(-9.75,5.6,-3.9));
#45390=DIRECTION('',(0.,0.,1.));
#45400=VECTOR('',#45390,2.2);
#45410=LINE('',#45380,#45400);
#45420=CARTESIAN_POINT('',(-9.75,5.6,-1.7));
#45430=VERTEX_POINT('',#45420);
#45440=EDGE_CURVE('',#45350,#45430,#45410,.T.);
#45450=ORIENTED_EDGE('',*,*,#45440,.F.);
#45460=CARTESIAN_POINT('',(-9.75,5.6,-1.7));
#45470=DIRECTION('',(1.,0.,0.));
#45480=VECTOR('',#45470,3.6);
#45490=LINE('',#45460,#45480);
#45500=CARTESIAN_POINT('',(-6.15,5.6,-1.7));
#45510=VERTEX_POINT('',#45500);
#45520=EDGE_CURVE('',#45430,#45510,#45490,.T.);
#45530=ORIENTED_EDGE('',*,*,#45520,.F.);
#45540=CARTESIAN_POINT('',(-6.15,5.6,-1.7));
#45550=DIRECTION('',(0.,0.,1.));
#45560=VECTOR('',#45550,3.36696235713015);
#45570=LINE('',#45540,#45560);
#45580=CARTESIAN_POINT('',(-6.15,5.6,1.66696235713016));
#45590=VERTEX_POINT('',#45580);
#45600=EDGE_CURVE('',#45510,#45590,#45570,.T.);
#45610=ORIENTED_EDGE('',*,*,#45600,.F.);
#45620=CARTESIAN_POINT('',(-3.1,5.6,-3.5));
#45630=DIRECTION('',(0.,1.,0.));
#45640=DIRECTION('',(-0.508333333333333,0.,0.861160392855026));
#45650=AXIS2_PLACEMENT_3D('',#45620,#45630,#45640);
#45660=CIRCLE('',#45650,6.);
#45670=EDGE_CURVE('',#45590,#45250,#45660,.T.);
#45680=ORIENTED_EDGE('',*,*,#45670,.F.);
#45690=EDGE_LOOP('',(#45680,#45610,#45530,#45450,#45370,#45290));
#45700=FACE_OUTER_BOUND('',#45690,.T.);
#45710=ADVANCED_FACE('',(#45700),#45190,.F.);
#45720=COLOUR_RGB('',0.831372618675232,0.850980460643768,
0.858823597431183);
#45730=FILL_AREA_STYLE_COLOUR('',#45720);
#45740=FILL_AREA_STYLE('',(#45730));
#45750=SURFACE_STYLE_FILL_AREA(#45740);
#45760=SURFACE_SIDE_STYLE('',(#45750));
#45770=SURFACE_STYLE_USAGE(.BOTH.,#45760);
#45780=PRESENTATION_STYLE_ASSIGNMENT((#45770));
#45790=CARTESIAN_POINT('',(-7.25,2.8,-3.9));
#45800=DIRECTION('',(0.,0.,1.));
#45810=DIRECTION('',(1.,0.,0.));
#45820=AXIS2_PLACEMENT_3D('',#45790,#45800,#45810);
#45830=PLANE('',#45820);
#45840=CARTESIAN_POINT('',(-6.40858798800488,0.,-3.9));
#45850=DIRECTION('',(1.,0.,0.));
#45860=VECTOR('',#45850,1.65858798800488);
#45870=LINE('',#45840,#45860);
#45880=CARTESIAN_POINT('',(-4.75,0.,-3.9));
#45890=VERTEX_POINT('',#45880);
#45900=EDGE_CURVE('',#25250,#45890,#45870,.T.);
#45910=ORIENTED_EDGE('',*,*,#45900,.T.);
#45920=ORIENTED_EDGE('',*,*,#36450,.F.);
#45930=ORIENTED_EDGE('',*,*,#33720,.F.);
#45940=ORIENTED_EDGE('',*,*,#34620,.T.);
#45950=ORIENTED_EDGE('',*,*,#33410,.T.);
#45960=CARTESIAN_POINT('',(-7.5,0.,-3.9));
#45970=DIRECTION('',(-1.,0.,0.));
#45980=VECTOR('',#45970,2.25);
#45990=LINE('',#45960,#45980);
#46000=CARTESIAN_POINT('',(-9.75,0.,-3.9));
#46010=VERTEX_POINT('',#46000);
#46020=EDGE_CURVE('',#33320,#46010,#45990,.T.);
#46030=ORIENTED_EDGE('',*,*,#46020,.F.);
#46040=CARTESIAN_POINT('',(-9.75,0.,-3.9));
#46050=DIRECTION('',(0.,1.,0.));
#46060=VECTOR('',#46050,5.6);
#46070=LINE('',#46040,#46060);
#46080=EDGE_CURVE('',#46010,#45350,#46070,.T.);
#46090=ORIENTED_EDGE('',*,*,#46080,.F.);
#46100=ORIENTED_EDGE('',*,*,#45360,.T.);
#46110=CARTESIAN_POINT('',(-4.75,0.,-3.9));
#46120=DIRECTION('',(0.,1.,0.));
#46130=VECTOR('',#46120,5.6);
#46140=LINE('',#46110,#46130);
#46150=EDGE_CURVE('',#45890,#45270,#46140,.T.);
#46160=ORIENTED_EDGE('',*,*,#46150,.T.);
#46170=EDGE_LOOP('',(#46160,#46100,#46090,#46030,#45950,#45940,#45930,
#45920,#45910));
#46180=FACE_OUTER_BOUND('',#46170,.T.);
#46190=ADVANCED_FACE('',(#46180),#45830,.T.);
#46200=COLOUR_RGB('',0.831372618675232,0.850980460643768,
0.858823597431183);
#46210=FILL_AREA_STYLE_COLOUR('',#46200);
#46220=FILL_AREA_STYLE('',(#46210));
#46230=SURFACE_STYLE_FILL_AREA(#46220);
#46240=SURFACE_SIDE_STYLE('',(#46230));
#46250=SURFACE_STYLE_USAGE(.BOTH.,#46240);
#46260=PRESENTATION_STYLE_ASSIGNMENT((#46250));
#46270=CARTESIAN_POINT('',(9.75,5.6,3.));
#46280=DIRECTION('',(0.,1.,0.));
#46290=DIRECTION('',(0.,0.,1.));
#46300=AXIS2_PLACEMENT_3D('',#46270,#46280,#46290);
#46310=PLANE('',#46300);
#46320=CARTESIAN_POINT('',(9.75,5.6,-1.7));
#46330=DIRECTION('',(0.,0.,-1.));
#46340=VECTOR('',#46330,2.2);
#46350=LINE('',#46320,#46340);
#46360=CARTESIAN_POINT('',(9.75,5.6,-1.7));
#46370=VERTEX_POINT('',#46360);
#46380=CARTESIAN_POINT('',(9.75,5.6,-3.9));
#46390=VERTEX_POINT('',#46380);
#46400=EDGE_CURVE('',#46370,#46390,#46350,.T.);
#46410=ORIENTED_EDGE('',*,*,#46400,.F.);
#46420=CARTESIAN_POINT('',(9.75,5.6,-3.9));
#46430=DIRECTION('',(-1.,0.,0.));
#46440=VECTOR('',#46430,5.);
#46450=LINE('',#46420,#46440);
#46460=EDGE_CURVE('',#46390,#22210,#46450,.T.);
#46470=ORIENTED_EDGE('',*,*,#46460,.F.);
#46480=ORIENTED_EDGE('',*,*,#22220,.T.);
#46490=CARTESIAN_POINT('',(3.1,5.6,-3.5));
#46500=DIRECTION('',(0.,1.,0.));
#46510=DIRECTION('',(0.,0.,1.));
#46520=AXIS2_PLACEMENT_3D('',#46490,#46500,#46510);
#46530=CIRCLE('',#46520,6.);
#46540=CARTESIAN_POINT('',(6.15,5.6,1.66696235713015));
#46550=VERTEX_POINT('',#46540);
#46560=EDGE_CURVE('',#22130,#46550,#46530,.T.);
#46570=ORIENTED_EDGE('',*,*,#46560,.F.);
#46580=CARTESIAN_POINT('',(6.15,5.6,1.66696235713015));
#46590=DIRECTION('',(0.,0.,-1.));
#46600=VECTOR('',#46590,3.36696235713015);
#46610=LINE('',#46580,#46600);
#46620=CARTESIAN_POINT('',(6.15,5.6,-1.7));
#46630=VERTEX_POINT('',#46620);
#46640=EDGE_CURVE('',#46550,#46630,#46610,.T.);
#46650=ORIENTED_EDGE('',*,*,#46640,.F.);
#46660=CARTESIAN_POINT('',(6.15,5.6,-1.7));
#46670=DIRECTION('',(1.,0.,0.));
#46680=VECTOR('',#46670,3.6);
#46690=LINE('',#46660,#46680);
#46700=EDGE_CURVE('',#46630,#46370,#46690,.T.);
#46710=ORIENTED_EDGE('',*,*,#46700,.F.);
#46720=EDGE_LOOP('',(#46710,#46650,#46570,#46480,#46470,#46410));
#46730=FACE_OUTER_BOUND('',#46720,.T.);
#46740=ADVANCED_FACE('',(#46730),#46310,.F.);
#46750=COLOUR_RGB('',0.831372618675232,0.850980460643768,
0.858823597431183);
#46760=FILL_AREA_STYLE_COLOUR('',#46750);
#46770=FILL_AREA_STYLE('',(#46760));
#46780=SURFACE_STYLE_FILL_AREA(#46770);
#46790=SURFACE_SIDE_STYLE('',(#46780));
#46800=SURFACE_STYLE_USAGE(.BOTH.,#46790);
#46810=PRESENTATION_STYLE_ASSIGNMENT((#46800));
#46820=CARTESIAN_POINT('',(7.25,2.8,-3.9));
#46830=DIRECTION('',(0.,0.,1.));
#46840=DIRECTION('',(1.,0.,0.));
#46850=AXIS2_PLACEMENT_3D('',#46820,#46830,#46840);
#46860=PLANE('',#46850);
#46870=ORIENTED_EDGE('',*,*,#36890,.F.);
#46880=ORIENTED_EDGE('',*,*,#35800,.F.);
#46890=ORIENTED_EDGE('',*,*,#36150,.T.);
#46900=ORIENTED_EDGE('',*,*,#35490,.T.);
#46910=ORIENTED_EDGE('',*,*,#36560,.F.);
#46920=CARTESIAN_POINT('',(4.75,0.,-3.9));
#46930=DIRECTION('',(1.,0.,0.));
#46940=VECTOR('',#46930,1.65858798800482);
#46950=LINE('',#46920,#46940);
#46960=EDGE_CURVE('',#22290,#30030,#46950,.T.);
#46970=ORIENTED_EDGE('',*,*,#46960,.T.);
#46980=ORIENTED_EDGE('',*,*,#22300,.T.);
#46990=ORIENTED_EDGE('',*,*,#46460,.T.);
#47000=CARTESIAN_POINT('',(9.75,5.6,-3.9));
#47010=DIRECTION('',(0.,-1.,0.));
#47020=VECTOR('',#47010,5.6);
#47030=LINE('',#47000,#47020);
#47040=EDGE_CURVE('',#46390,#36880,#47030,.T.);
#47050=ORIENTED_EDGE('',*,*,#47040,.F.);
#47060=EDGE_LOOP('',(#47050,#46990,#46980,#46970,#46910,#46900,#46890,
#46880,#46870));
#47070=FACE_OUTER_BOUND('',#47060,.T.);
#47080=ADVANCED_FACE('',(#47070),#46860,.T.);
#47090=COLOUR_RGB('',0.831372618675232,0.850980460643768,
0.858823597431183);
#47100=FILL_AREA_STYLE_COLOUR('',#47090);
#47110=FILL_AREA_STYLE('',(#47100));
#47120=SURFACE_STYLE_FILL_AREA(#47110);
#47130=SURFACE_SIDE_STYLE('',(#47120));
#47140=SURFACE_STYLE_USAGE(.BOTH.,#47130);
#47150=PRESENTATION_STYLE_ASSIGNMENT((#47140));
#47160=CARTESIAN_POINT('',(-3.1,0.,-3.5));
#47170=DIRECTION('',(0.,1.,0.));
#47180=DIRECTION('',(-0.508333333333333,0.,0.861160392855026));
#47190=AXIS2_PLACEMENT_3D('',#47160,#47170,#47180);
#47200=CYLINDRICAL_SURFACE('',#47190,6.);
#47210=CARTESIAN_POINT('',(-6.15,0.,1.66696235713016));
#47220=DIRECTION('',(0.,1.,0.));
#47230=VECTOR('',#47220,1.);
#47240=LINE('',#47210,#47230);
#47250=CARTESIAN_POINT('',(-6.15,8.,1.66696235713016));
#47260=VERTEX_POINT('',#47250);
#47270=EDGE_CURVE('',#45590,#47260,#47240,.T.);
#47280=ORIENTED_EDGE('',*,*,#47270,.F.);
#47290=CARTESIAN_POINT('',(-3.1,8.,-3.5));
#47300=DIRECTION('',(0.,-1.,0.));
#47310=DIRECTION('',(-0.508333333333333,0.,0.861160392855026));
#47320=AXIS2_PLACEMENT_3D('',#47290,#47300,#47310);
#47330=CIRCLE('',#47320,6.);
#47340=CARTESIAN_POINT('',(-3.1,8.,2.5));
#47350=VERTEX_POINT('',#47340);
#47360=EDGE_CURVE('',#47350,#47260,#47330,.T.);
#47370=ORIENTED_EDGE('',*,*,#47360,.T.);
#47380=CARTESIAN_POINT('',(-3.1,4.2,2.5));
#47390=DIRECTION('',(0.,1.,0.));
#47400=VECTOR('',#47390,3.8);
#47410=LINE('',#47380,#47400);
#47420=CARTESIAN_POINT('',(-3.1,4.2,2.5));
#47430=VERTEX_POINT('',#47420);
#47440=EDGE_CURVE('',#47430,#47350,#47410,.T.);
#47450=ORIENTED_EDGE('',*,*,#47440,.T.);
#47460=CARTESIAN_POINT('',(-3.1,4.2,-3.5));
#47470=DIRECTION('',(0.,-1.,0.));
#47480=DIRECTION('',(-0.508333333333333,0.,0.861160392855026));
#47490=AXIS2_PLACEMENT_3D('',#47460,#47470,#47480);
#47500=CIRCLE('',#47490,6.);
#47510=CARTESIAN_POINT('',(-3.12915069835426,4.2,2.4999291859809));
#47520=VERTEX_POINT('',#47510);
#47530=EDGE_CURVE('',#47430,#47520,#47500,.T.);
#47540=ORIENTED_EDGE('',*,*,#47530,.F.);
#47550=CARTESIAN_POINT('',(-3.12915069835426,4.2,2.4999291859809));
#47560=DIRECTION('',(0.,-1.,0.));
#47570=VECTOR('',#47560,2.2);
#47580=LINE('',#47550,#47570);
#47590=CARTESIAN_POINT('',(-3.12915069835426,2.,2.4999291859809));
#47600=VERTEX_POINT('',#47590);
#47610=EDGE_CURVE('',#47520,#47600,#47580,.T.);
#47620=ORIENTED_EDGE('',*,*,#47610,.F.);
#47630=CARTESIAN_POINT('',(-3.1,2.,-3.5));
#47640=DIRECTION('',(0.,-1.,0.));
#47650=DIRECTION('',(-0.508333333333333,0.,0.861160392855026));
#47660=AXIS2_PLACEMENT_3D('',#47630,#47640,#47650);
#47670=CIRCLE('',#47660,6.);
#47680=CARTESIAN_POINT('',(-4.75,2.,2.26866535690883));
#47690=VERTEX_POINT('',#47680);
#47700=EDGE_CURVE('',#47600,#47690,#47670,.T.);
#47710=ORIENTED_EDGE('',*,*,#47700,.F.);
#47720=CARTESIAN_POINT('',(-4.75,5.6,2.26866535690882));
#47730=DIRECTION('',(0.,-1.,0.));
#47740=VECTOR('',#47730,3.6);
#47750=LINE('',#47720,#47740);
#47760=EDGE_CURVE('',#45250,#47690,#47750,.T.);
#47770=ORIENTED_EDGE('',*,*,#47760,.T.);
#47780=ORIENTED_EDGE('',*,*,#45670,.T.);
#47790=EDGE_LOOP('',(#47780,#47770,#47710,#47620,#47540,#47450,#47370,
#47280));
#47800=FACE_OUTER_BOUND('',#47790,.T.);
#47810=ADVANCED_FACE('',(#47800),#47200,.T.);
#47820=COLOUR_RGB('',0.831372618675232,0.850980460643768,
0.858823597431183);
#47830=FILL_AREA_STYLE_COLOUR('',#47820);
#47840=FILL_AREA_STYLE('',(#47830));
#47850=SURFACE_STYLE_FILL_AREA(#47840);
#47860=SURFACE_SIDE_STYLE('',(#47850));
#47870=SURFACE_STYLE_USAGE(.BOTH.,#47860);
#47880=PRESENTATION_STYLE_ASSIGNMENT((#47870));
#47890=CARTESIAN_POINT('',(-4.75,0.,5.14174095030078));
#47900=DIRECTION('',(-1.,0.,0.));
#47910=DIRECTION('',(0.,0.,1.));
#47920=AXIS2_PLACEMENT_3D('',#47890,#47900,#47910);
#47930=PLANE('',#47920);
#47940=ORIENTED_EDGE('',*,*,#46150,.F.);
#47950=ORIENTED_EDGE('',*,*,#45280,.T.);
#47960=ORIENTED_EDGE('',*,*,#47760,.F.);
#47970=CARTESIAN_POINT('',(-4.75,2.,5.14174095030078));
#47980=DIRECTION('',(0.,0.,-1.));
#47990=VECTOR('',#47980,2.87307559339196);
#48000=LINE('',#47970,#47990);
#48010=CARTESIAN_POINT('',(-4.75,2.,5.14174095030078));
#48020=VERTEX_POINT('',#48010);
#48030=EDGE_CURVE('',#48020,#47690,#48000,.T.);
#48040=ORIENTED_EDGE('',*,*,#48030,.T.);
#48050=CARTESIAN_POINT('',(-4.75,0.,5.14174095030078));
#48060=DIRECTION('',(0.,1.,0.));
#48070=VECTOR('',#48060,1.);
#48080=LINE('',#48050,#48070);
#48090=CARTESIAN_POINT('',(-4.75,0.,5.14174095030078));
#48100=VERTEX_POINT('',#48090);
#48110=EDGE_CURVE('',#48100,#48020,#48080,.T.);
#48120=ORIENTED_EDGE('',*,*,#48110,.T.);
#48130=CARTESIAN_POINT('',(-4.75,0.,5.14174095030078));
#48140=DIRECTION('',(0.,0.,-1.));
#48150=VECTOR('',#48140,9.04174095030078);
#48160=LINE('',#48130,#48150);
#48170=EDGE_CURVE('',#48100,#45890,#48160,.T.);
#48180=ORIENTED_EDGE('',*,*,#48170,.F.);
#48190=EDGE_LOOP('',(#48180,#48120,#48040,#47960,#47950,#47940));
#48200=FACE_OUTER_BOUND('',#48190,.T.);
#48210=ORIENTED_EDGE('',*,*,#42270,.T.);
#48220=ORIENTED_EDGE('',*,*,#42890,.T.);
#48230=ORIENTED_EDGE('',*,*,#41420,.T.);
#48240=ORIENTED_EDGE('',*,*,#41790,.T.);
#48250=EDGE_LOOP('',(#48240,#48230,#48220,#48210));
#48260=FACE_BOUND('',#48250,.T.);
#48270=ADVANCED_FACE('',(#48200,#48260),#47930,.T.);
#48280=COLOUR_RGB('',0.831372618675232,0.850980460643768,
0.858823597431183);
#48290=FILL_AREA_STYLE_COLOUR('',#48280);
#48300=FILL_AREA_STYLE('',(#48290));
#48310=SURFACE_STYLE_FILL_AREA(#48300);
#48320=SURFACE_SIDE_STYLE('',(#48310));
#48330=SURFACE_STYLE_USAGE(.BOTH.,#48320);
#48340=PRESENTATION_STYLE_ASSIGNMENT((#48330));
#48350=CARTESIAN_POINT('',(9.75,0.,-1.7));
#48360=DIRECTION('',(0.,0.,1.));
#48370=DIRECTION('',(1.,0.,0.));
#48380=AXIS2_PLACEMENT_3D('',#48350,#48360,#48370);
#48390=PLANE('',#48380);
#48400=CARTESIAN_POINT('',(6.15,5.6,-1.7));
#48410=DIRECTION('',(0.,1.,0.));
#48420=VECTOR('',#48410,2.4);
#48430=LINE('',#48400,#48420);
#48440=CARTESIAN_POINT('',(6.15,8.,-1.7));
#48450=VERTEX_POINT('',#48440);
#48460=EDGE_CURVE('',#46630,#48450,#48430,.T.);
#48470=ORIENTED_EDGE('',*,*,#48460,.F.);
#48480=CARTESIAN_POINT('',(9.75,8.,-1.7));
#48490=DIRECTION('',(-1.,0.,0.));
#48500=VECTOR('',#48490,3.6);
#48510=LINE('',#48480,#48500);
#48520=CARTESIAN_POINT('',(9.75,8.,-1.7));
#48530=VERTEX_POINT('',#48520);
#48540=EDGE_CURVE('',#48530,#48450,#48510,.T.);
#48550=ORIENTED_EDGE('',*,*,#48540,.T.);
#48560=CARTESIAN_POINT('',(9.75,5.6,-1.7));
#48570=DIRECTION('',(0.,1.,0.));
#48580=VECTOR('',#48570,2.4);
#48590=LINE('',#48560,#48580);
#48600=EDGE_CURVE('',#46370,#48530,#48590,.T.);
#48610=ORIENTED_EDGE('',*,*,#48600,.T.);
#48620=ORIENTED_EDGE('',*,*,#46700,.T.);
#48630=EDGE_LOOP('',(#48620,#48610,#48550,#48470));
#48640=FACE_OUTER_BOUND('',#48630,.T.);
#48650=ADVANCED_FACE('',(#48640),#48390,.T.);
#48660=COLOUR_RGB('',0.831372618675232,0.850980460643768,
0.858823597431183);
#48670=FILL_AREA_STYLE_COLOUR('',#48660);
#48680=FILL_AREA_STYLE('',(#48670));
#48690=SURFACE_STYLE_FILL_AREA(#48680);
#48700=SURFACE_SIDE_STYLE('',(#48690));
#48710=SURFACE_STYLE_USAGE(.BOTH.,#48700);
#48720=PRESENTATION_STYLE_ASSIGNMENT((#48710));
#48730=CARTESIAN_POINT('',(9.75,0.,-8.5));
#48740=DIRECTION('',(1.,-0.,0.));
#48750=DIRECTION('',(0.,0.,-1.));
#48760=AXIS2_PLACEMENT_3D('',#48730,#48740,#48750);
#48770=PLANE('',#48760);
#48780=ORIENTED_EDGE('',*,*,#48600,.F.);
#48790=CARTESIAN_POINT('',(9.75,8.,-8.5));
#48800=DIRECTION('',(0.,0.,1.));
#48810=VECTOR('',#48800,6.8);
#48820=LINE('',#48790,#48810);
#48830=EDGE_CURVE('',#20220,#48530,#48820,.T.);
#48840=ORIENTED_EDGE('',*,*,#48830,.T.);
#48850=ORIENTED_EDGE('',*,*,#20230,.T.);
#48860=ORIENTED_EDGE('',*,*,#36950,.T.);
#48870=ORIENTED_EDGE('',*,*,#47040,.T.);
#48880=ORIENTED_EDGE('',*,*,#46400,.T.);
#48890=EDGE_LOOP('',(#48880,#48870,#48860,#48850,#48840,#48780));
#48900=FACE_OUTER_BOUND('',#48890,.T.);
#48910=ADVANCED_FACE('',(#48900),#48770,.T.);
#48920=COLOUR_RGB('',0.831372618675232,0.850980460643768,
0.858823597431183);
#48930=FILL_AREA_STYLE_COLOUR('',#48920);
#48940=FILL_AREA_STYLE('',(#48930));
#48950=SURFACE_STYLE_FILL_AREA(#48940);
#48960=SURFACE_SIDE_STYLE('',(#48950));
#48970=SURFACE_STYLE_USAGE(.BOTH.,#48960);
#48980=PRESENTATION_STYLE_ASSIGNMENT((#48970));
#48990=CARTESIAN_POINT('',(0.,-8.326673E-16,4.25000000000001));
#49000=DIRECTION('',(0.,1.,0.));
#49010=DIRECTION('',(0.,0.,1.));
#49020=AXIS2_PLACEMENT_3D('',#48990,#49000,#49010);
#49030=PLANE('',#49020);
#49040=CARTESIAN_POINT('',(0.,-8.326673E-16,0.));
#49050=DIRECTION('',(0.,-1.,0.));
#49060=DIRECTION('',(-0.678571428571429,0.,0.734534421471541));
#49070=AXIS2_PLACEMENT_3D('',#49040,#49050,#49060);
#49080=CIRCLE('',#49070,7.);
#49090=EDGE_CURVE('',#22370,#48100,#49080,.T.);
#49100=ORIENTED_EDGE('',*,*,#49090,.T.);
#49110=ORIENTED_EDGE('',*,*,#22380,.T.);
#49120=ORIENTED_EDGE('',*,*,#46960,.F.);
#49130=ORIENTED_EDGE('',*,*,#30040,.T.);
#49140=ORIENTED_EDGE('',*,*,#40470,.T.);
#49150=ORIENTED_EDGE('',*,*,#3280,.T.);
#49160=ORIENTED_EDGE('',*,*,#30820,.T.);
#49170=ORIENTED_EDGE('',*,*,#32490,.T.);
#49180=CARTESIAN_POINT('',(0.,-2.220446E-15,0.));
#49190=DIRECTION('',(0.,1.,0.));
#49200=DIRECTION('',(0.,0.,1.));
#49210=AXIS2_PLACEMENT_3D('',#49180,#49190,#49200);
#49220=CIRCLE('',#49210,8.50000000000001);
#49230=EDGE_CURVE('',#31930,#32480,#49220,.T.);
#49240=ORIENTED_EDGE('',*,*,#49230,.T.);
#49250=ORIENTED_EDGE('',*,*,#31940,.T.);
#49260=ORIENTED_EDGE('',*,*,#1250,.T.);
#49270=ORIENTED_EDGE('',*,*,#25320,.T.);
#49280=ORIENTED_EDGE('',*,*,#45900,.F.);
#49290=ORIENTED_EDGE('',*,*,#48170,.T.);
#49300=EDGE_LOOP('',(#49290,#49280,#49270,#49260,#49250,#49240,#49170,
#49160,#49150,#49140,#49130,#49120,#49110,#49100));
#49310=FACE_OUTER_BOUND('',#49300,.T.);
#49320=ADVANCED_FACE('',(#49310),#49030,.T.);
#49330=COLOUR_RGB('',0.831372618675232,0.850980460643768,
0.858823597431183);
#49340=FILL_AREA_STYLE_COLOUR('',#49330);
#49350=FILL_AREA_STYLE('',(#49340));
#49360=SURFACE_STYLE_FILL_AREA(#49350);
#49370=SURFACE_SIDE_STYLE('',(#49360));
#49380=SURFACE_STYLE_USAGE(.BOTH.,#49370);
#49390=PRESENTATION_STYLE_ASSIGNMENT((#49380));
#49400=CARTESIAN_POINT('',(-6.15,0.,1.66696235713016));
#49410=DIRECTION('',(-1.,0.,0.));
#49420=DIRECTION('',(0.,0.,1.));
#49430=AXIS2_PLACEMENT_3D('',#49400,#49410,#49420);
#49440=PLANE('',#49430);
#49450=CARTESIAN_POINT('',(-6.15,5.6,-1.7));
#49460=DIRECTION('',(0.,1.,0.));
#49470=VECTOR('',#49460,2.4);
#49480=LINE('',#49450,#49470);
#49490=CARTESIAN_POINT('',(-6.15,8.,-1.7));
#49500=VERTEX_POINT('',#49490);
#49510=EDGE_CURVE('',#45510,#49500,#49480,.T.);
#49520=ORIENTED_EDGE('',*,*,#49510,.F.);
#49530=CARTESIAN_POINT('',(-6.15,8.,1.66696235713016));
#49540=DIRECTION('',(0.,0.,-1.));
#49550=VECTOR('',#49540,3.36696235713015);
#49560=LINE('',#49530,#49550);
#49570=EDGE_CURVE('',#47260,#49500,#49560,.T.);
#49580=ORIENTED_EDGE('',*,*,#49570,.T.);
#49590=ORIENTED_EDGE('',*,*,#47270,.T.);
#49600=ORIENTED_EDGE('',*,*,#45600,.T.);
#49610=EDGE_LOOP('',(#49600,#49590,#49580,#49520));
#49620=FACE_OUTER_BOUND('',#49610,.T.);
#49630=ADVANCED_FACE('',(#49620),#49440,.T.);
#49640=COLOUR_RGB('',0.831372618675232,0.850980460643768,
0.858823597431183);
#49650=FILL_AREA_STYLE_COLOUR('',#49640);
#49660=FILL_AREA_STYLE('',(#49650));
#49670=SURFACE_STYLE_FILL_AREA(#49660);
#49680=SURFACE_SIDE_STYLE('',(#49670));
#49690=SURFACE_STYLE_USAGE(.BOTH.,#49680);
#49700=PRESENTATION_STYLE_ASSIGNMENT((#49690));
#49710=CARTESIAN_POINT('',(-6.15,0.,-1.7));
#49720=DIRECTION('',(0.,0.,1.));
#49730=DIRECTION('',(1.,0.,0.));
#49740=AXIS2_PLACEMENT_3D('',#49710,#49720,#49730);
#49750=PLANE('',#49740);
#49760=CARTESIAN_POINT('',(-9.75,5.6,-1.7));
#49770=DIRECTION('',(0.,1.,0.));
#49780=VECTOR('',#49770,2.4);
#49790=LINE('',#49760,#49780);
#49800=CARTESIAN_POINT('',(-9.75,8.,-1.7));
#49810=VERTEX_POINT('',#49800);
#49820=EDGE_CURVE('',#45430,#49810,#49790,.T.);
#49830=ORIENTED_EDGE('',*,*,#49820,.F.);
#49840=CARTESIAN_POINT('',(-6.15,8.,-1.7));
#49850=DIRECTION('',(-1.,0.,0.));
#49860=VECTOR('',#49850,3.6);
#49870=LINE('',#49840,#49860);
#49880=EDGE_CURVE('',#49500,#49810,#49870,.T.);
#49890=ORIENTED_EDGE('',*,*,#49880,.T.);
#49900=ORIENTED_EDGE('',*,*,#49510,.T.);
#49910=ORIENTED_EDGE('',*,*,#45520,.T.);
#49920=EDGE_LOOP('',(#49910,#49900,#49890,#49830));
#49930=FACE_OUTER_BOUND('',#49920,.T.);
#49940=ADVANCED_FACE('',(#49930),#49750,.T.);
#49950=COLOUR_RGB('',0.831372618675232,0.850980460643768,
0.858823597431183);
#49960=FILL_AREA_STYLE_COLOUR('',#49950);
#49970=FILL_AREA_STYLE('',(#49960));
#49980=SURFACE_STYLE_FILL_AREA(#49970);
#49990=SURFACE_SIDE_STYLE('',(#49980));
#50000=SURFACE_STYLE_USAGE(.BOTH.,#49990);
#50010=PRESENTATION_STYLE_ASSIGNMENT((#50000));
#50020=CARTESIAN_POINT('',(-9.75,0.,-1.7));
#50030=DIRECTION('',(-1.,0.,0.));
#50040=DIRECTION('',(0.,0.,1.));
#50050=AXIS2_PLACEMENT_3D('',#50020,#50030,#50040);
#50060=PLANE('',#50050);
#50070=ORIENTED_EDGE('',*,*,#46080,.T.);
#50080=CARTESIAN_POINT('',(-9.75,0.,-8.5));
#50090=DIRECTION('',(0.,0.,1.));
#50100=VECTOR('',#50090,4.6);
#50110=LINE('',#50080,#50100);
#50120=CARTESIAN_POINT('',(-9.75,0.,-8.5));
#50130=VERTEX_POINT('',#50120);
#50140=EDGE_CURVE('',#50130,#46010,#50110,.T.);
#50150=ORIENTED_EDGE('',*,*,#50140,.T.);
#50160=CARTESIAN_POINT('',(-9.75,0.,-8.5));
#50170=DIRECTION('',(0.,1.,0.));
#50180=VECTOR('',#50170,8.);
#50190=LINE('',#50160,#50180);
#50200=CARTESIAN_POINT('',(-9.75,8.,-8.5));
#50210=VERTEX_POINT('',#50200);
#50220=EDGE_CURVE('',#50130,#50210,#50190,.T.);
#50230=ORIENTED_EDGE('',*,*,#50220,.F.);
#50240=CARTESIAN_POINT('',(-9.75,8.,-1.7));
#50250=DIRECTION('',(0.,0.,-1.));
#50260=VECTOR('',#50250,6.8);
#50270=LINE('',#50240,#50260);
#50280=EDGE_CURVE('',#49810,#50210,#50270,.T.);
#50290=ORIENTED_EDGE('',*,*,#50280,.T.);
#50300=ORIENTED_EDGE('',*,*,#49820,.T.);
#50310=ORIENTED_EDGE('',*,*,#45440,.T.);
#50320=EDGE_LOOP('',(#50310,#50300,#50290,#50230,#50150,#50070));
#50330=FACE_OUTER_BOUND('',#50320,.T.);
#50340=ADVANCED_FACE('',(#50330),#50060,.T.);
#50350=COLOUR_RGB('',0.831372618675232,0.850980460643768,
0.858823597431183);
#50360=FILL_AREA_STYLE_COLOUR('',#50350);
#50370=FILL_AREA_STYLE('',(#50360));
#50380=SURFACE_STYLE_FILL_AREA(#50370);
#50390=SURFACE_SIDE_STYLE('',(#50380));
#50400=SURFACE_STYLE_USAGE(.BOTH.,#50390);
#50410=PRESENTATION_STYLE_ASSIGNMENT((#50400));
#50420=CARTESIAN_POINT('',(-3.1,0.,-8.5));
#50430=DIRECTION('',(1.,-0.,0.));
#50440=DIRECTION('',(0.,0.,-1.));
#50450=AXIS2_PLACEMENT_3D('',#50420,#50430,#50440);
#50460=PLANE('',#50450);
#50470=CARTESIAN_POINT('',(-3.1,2.,-7.7));
#50480=DIRECTION('',(0.,1.,0.));
#50490=VECTOR('',#50480,2.2);
#50500=LINE('',#50470,#50490);
#50510=CARTESIAN_POINT('',(-3.1,2.,-7.7));
#50520=VERTEX_POINT('',#50510);
#50530=CARTESIAN_POINT('',(-3.1,4.2,-7.7));
#50540=VERTEX_POINT('',#50530);
#50550=EDGE_CURVE('',#50520,#50540,#50500,.T.);
#50560=ORIENTED_EDGE('',*,*,#50550,.F.);
#50570=CARTESIAN_POINT('',(-3.1,4.2,-7.7));
#50580=DIRECTION('',(0.,0.,1.));
#50590=VECTOR('',#50580,1.);
#50600=LINE('',#50570,#50590);
#50610=CARTESIAN_POINT('',(-3.1,4.2,-6.7));
#50620=VERTEX_POINT('',#50610);
#50630=EDGE_CURVE('',#50540,#50620,#50600,.T.);
#50640=ORIENTED_EDGE('',*,*,#50630,.F.);
#50650=CARTESIAN_POINT('',(-3.1,4.2,-6.7));
#50660=DIRECTION('',(0.,-1.,0.));
#50670=VECTOR('',#50660,2.2);
#50680=LINE('',#50650,#50670);
#50690=CARTESIAN_POINT('',(-3.1,2.,-6.7));
#50700=VERTEX_POINT('',#50690);
#50710=EDGE_CURVE('',#50620,#50700,#50680,.T.);
#50720=ORIENTED_EDGE('',*,*,#50710,.F.);
#50730=CARTESIAN_POINT('',(-3.1,2.,-6.7));
#50740=DIRECTION('',(0.,0.,1.));
#50750=VECTOR('',#50740,3.91695963144969);
#50760=LINE('',#50730,#50750);
#50770=CARTESIAN_POINT('',(-3.1,2.,-2.78304036855031));
#50780=VERTEX_POINT('',#50770);
#50790=EDGE_CURVE('',#50700,#50780,#50760,.T.);
#50800=ORIENTED_EDGE('',*,*,#50790,.F.);
#50810=CARTESIAN_POINT('',(-3.1,2.,-2.78304036855031));
#50820=DIRECTION('',(0.,1.,0.));
#50830=VECTOR('',#50820,2.2);
#50840=LINE('',#50810,#50830);
#50850=CARTESIAN_POINT('',(-3.1,4.2,-2.78304036855031));
#50860=VERTEX_POINT('',#50850);
#50870=EDGE_CURVE('',#50780,#50860,#50840,.T.);
#50880=ORIENTED_EDGE('',*,*,#50870,.F.);
#50890=CARTESIAN_POINT('',(-3.1,4.2,-2.78304036855031));
#50900=DIRECTION('',(0.,0.,1.));
#50910=VECTOR('',#50900,5.28304036855031);
#50920=LINE('',#50890,#50910);
#50930=EDGE_CURVE('',#50860,#47430,#50920,.T.);
#50940=ORIENTED_EDGE('',*,*,#50930,.F.);
#50950=ORIENTED_EDGE('',*,*,#47440,.F.);
#50960=CARTESIAN_POINT('',(-3.1,8.,0.));
#50970=DIRECTION('',(0.,3.58849954977109E-17,-1.));
#50980=VECTOR('',#50970,1.);
#50990=LINE('',#50960,#50980);
#51000=CARTESIAN_POINT('',(-3.1,8.,-8.5));
#51010=VERTEX_POINT('',#51000);
#51020=EDGE_CURVE('',#47350,#51010,#50990,.T.);
#51030=ORIENTED_EDGE('',*,*,#51020,.F.);
#51040=CARTESIAN_POINT('',(-3.1,2.,-8.5));
#51050=DIRECTION('',(0.,1.,0.));
#51060=VECTOR('',#51050,6.);
#51070=LINE('',#51040,#51060);
#51080=CARTESIAN_POINT('',(-3.1,2.,-8.5));
#51090=VERTEX_POINT('',#51080);
#51100=EDGE_CURVE('',#51090,#51010,#51070,.T.);
#51110=ORIENTED_EDGE('',*,*,#51100,.T.);
#51120=CARTESIAN_POINT('',(-3.1,2.,-8.5));
#51130=DIRECTION('',(0.,0.,1.));
#51140=VECTOR('',#51130,0.8);
#51150=LINE('',#51120,#51140);
#51160=EDGE_CURVE('',#51090,#50520,#51150,.T.);
#51170=ORIENTED_EDGE('',*,*,#51160,.F.);
#51180=EDGE_LOOP('',(#51170,#51110,#51030,#50950,#50940,#50880,#50800,
#50720,#50640,#50560));
#51190=FACE_OUTER_BOUND('',#51180,.T.);
#51200=ADVANCED_FACE('',(#51190),#50460,.T.);
#51210=COLOUR_RGB('',0.831372618675232,0.850980460643768,
0.858823597431183);
#51220=FILL_AREA_STYLE_COLOUR('',#51210);
#51230=FILL_AREA_STYLE('',(#51220));
#51240=SURFACE_STYLE_FILL_AREA(#51230);
#51250=SURFACE_SIDE_STYLE('',(#51240));
#51260=SURFACE_STYLE_USAGE(.BOTH.,#51250);
#51270=PRESENTATION_STYLE_ASSIGNMENT((#51260));
#51280=CARTESIAN_POINT('',(-5.99015220672905,8.,-3.56253680257638));
#51290=DIRECTION('',(0.,1.,0.));
#51300=DIRECTION('',(0.,0.,1.));
#51310=AXIS2_PLACEMENT_3D('',#51280,#51290,#51300);
#51320=PLANE('',#51310);
#51330=ORIENTED_EDGE('',*,*,#49570,.F.);
#51340=ORIENTED_EDGE('',*,*,#49880,.F.);
#51350=ORIENTED_EDGE('',*,*,#50280,.F.);
#51360=CARTESIAN_POINT('',(0.,8.,-8.5));
#51370=DIRECTION('',(-1.,0.,1.11022302462516E-16));
#51380=VECTOR('',#51370,1.);
#51390=LINE('',#51360,#51380);
#51400=EDGE_CURVE('',#51010,#50210,#51390,.T.);
#51410=ORIENTED_EDGE('',*,*,#51400,.T.);
#51420=ORIENTED_EDGE('',*,*,#51020,.T.);
#51430=ORIENTED_EDGE('',*,*,#47360,.F.);
#51440=EDGE_LOOP('',(#51430,#51420,#51410,#51350,#51340,#51330));
#51450=FACE_OUTER_BOUND('',#51440,.T.);
#51460=EDGE_CURVE('',#5240,#5130,#5220,.T.);
#51470=ORIENTED_EDGE('',*,*,#51460,.T.);
#51480=ORIENTED_EDGE('',*,*,#5250,.T.);
#51490=EDGE_LOOP('',(#51480,#51470));
#51500=FACE_BOUND('',#51490,.T.);
#51510=CARTESIAN_POINT('',(-3.70012797092336,8.,-6.67512854092309));
#51520=DIRECTION('',(-1.02892882580434E-16,1.,3.58849954977109E-17));
#51530=DIRECTION('',(-1.,-1.02892882580434E-16,1.11022302462516E-16));
#51540=AXIS2_PLACEMENT_3D('',#51510,#51520,#51530);
#51550=CIRCLE('',#51540,0.100127970923324);
#51560=CARTESIAN_POINT('',(-3.70012797092336,8.,-6.57500056999977));
#51570=VERTEX_POINT('',#51560);
#51580=CARTESIAN_POINT('',(-3.60000000000004,8.,-6.67512854092309));
#51590=VERTEX_POINT('',#51580);
#51600=EDGE_CURVE('',#51570,#51590,#51550,.T.);
#51610=ORIENTED_EDGE('',*,*,#51600,.F.);
#51620=CARTESIAN_POINT('',(-3.6,8.,0.));
#51630=DIRECTION('',(-1.11022302462516E-16,0.,-1.));
#51640=VECTOR('',#51630,1.);
#51650=LINE('',#51620,#51640);
#51660=CARTESIAN_POINT('',(-3.6,8.,-7.89987202907667));
#51670=VERTEX_POINT('',#51660);
#51680=EDGE_CURVE('',#51590,#51670,#51650,.T.);
#51690=ORIENTED_EDGE('',*,*,#51680,.F.);
#51700=CARTESIAN_POINT('',(-3.70012797092336,8.,-7.89987202907667));
#51710=DIRECTION('',(-1.02892882580434E-16,1.,3.58849954977109E-17));
#51720=DIRECTION('',(-1.,-1.02892882580434E-16,1.11022302462516E-16));
#51730=AXIS2_PLACEMENT_3D('',#51700,#51710,#51720);
#51740=CIRCLE('',#51730,0.100127970923361);
#51750=CARTESIAN_POINT('',(-3.70012797092336,8.,-8.));
#51760=VERTEX_POINT('',#51750);
#51770=EDGE_CURVE('',#51670,#51760,#51740,.T.);
#51780=ORIENTED_EDGE('',*,*,#51770,.F.);
#51790=CARTESIAN_POINT('',(0.,8.,-8.));
#51800=DIRECTION('',(-1.,0.,1.11022302462516E-16));
#51810=VECTOR('',#51800,1.);
#51820=LINE('',#51790,#51810);
#51830=CARTESIAN_POINT('',(-4.92487145907687,8.,-8.));
#51840=VERTEX_POINT('',#51830);
#51850=EDGE_CURVE('',#51760,#51840,#51820,.T.);
#51860=ORIENTED_EDGE('',*,*,#51850,.F.);
#51870=CARTESIAN_POINT('',(-4.92487145907687,8.,-7.89987202907667));
#51880=DIRECTION('',(-1.02892882580434E-16,1.,3.58849954977109E-17));
#51890=DIRECTION('',(-1.,-1.02892882580434E-16,1.11022302462516E-16));
#51900=AXIS2_PLACEMENT_3D('',#51870,#51880,#51890);
#51910=CIRCLE('',#51900,0.100127970923324);
#51920=CARTESIAN_POINT('',(-5.02499943000019,8.,-7.89987202907667));
#51930=VERTEX_POINT('',#51920);
#51940=EDGE_CURVE('',#51840,#51930,#51910,.T.);
#51950=ORIENTED_EDGE('',*,*,#51940,.F.);
#51960=CARTESIAN_POINT('',(-5.02499943000023,8.,0.));
#51970=DIRECTION('',(1.11022302462516E-16,0.,1.));
#51980=VECTOR('',#51970,1.);
#51990=LINE('',#51960,#51980);
#52000=CARTESIAN_POINT('',(-5.02499943000023,8.,-6.67512854092309));
#52010=VERTEX_POINT('',#52000);
#52020=EDGE_CURVE('',#51930,#52010,#51990,.T.);
#52030=ORIENTED_EDGE('',*,*,#52020,.F.);
#52040=CARTESIAN_POINT('',(-4.92487145907687,8.,-6.67512854092309));
#52050=DIRECTION('',(-1.02892882580434E-16,1.,3.58849954977109E-17));
#52060=DIRECTION('',(-1.,-1.02892882580434E-16,1.11022302462516E-16));
#52070=AXIS2_PLACEMENT_3D('',#52040,#52050,#52060);
#52080=CIRCLE('',#52070,0.100127970923361);
#52090=CARTESIAN_POINT('',(-4.92487145907687,8.,-6.57500056999977));
#52100=VERTEX_POINT('',#52090);
#52110=EDGE_CURVE('',#52010,#52100,#52080,.T.);
#52120=ORIENTED_EDGE('',*,*,#52110,.F.);
#52130=CARTESIAN_POINT('',(0.,8.,-6.57500056999977));
#52140=DIRECTION('',(1.,0.,-1.11022302462516E-16));
#52150=VECTOR('',#52140,1.);
#52160=LINE('',#52130,#52150);
#52170=EDGE_CURVE('',#52100,#51570,#52160,.T.);
#52180=ORIENTED_EDGE('',*,*,#52170,.F.);
#52190=EDGE_LOOP('',(#52180,#52120,#52030,#51950,#51860,#51780,#51690,
#51610));
#52200=FACE_BOUND('',#52190,.T.);
#52210=ADVANCED_FACE('',(#51450,#51500,#52200),#51320,.T.);
#52220=COLOUR_RGB('',0.831372618675232,0.850980460643768,
0.858823597431183);
#52230=FILL_AREA_STYLE_COLOUR('',#52220);
#52240=FILL_AREA_STYLE('',(#52230));
#52250=SURFACE_STYLE_FILL_AREA(#52240);
#52260=SURFACE_SIDE_STYLE('',(#52250));
#52270=SURFACE_STYLE_USAGE(.BOTH.,#52260);
#52280=PRESENTATION_STYLE_ASSIGNMENT((#52270));
#52290=CARTESIAN_POINT('',(3.1,0.,-3.5));
#52300=DIRECTION('',(0.,1.,0.));
#52310=DIRECTION('',(0.,0.,1.));
#52320=AXIS2_PLACEMENT_3D('',#52290,#52300,#52310);
#52330=CYLINDRICAL_SURFACE('',#52320,6.);
#52340=ORIENTED_EDGE('',*,*,#22140,.T.);
#52350=CARTESIAN_POINT('',(3.1,2.,-3.5));
#52360=DIRECTION('',(0.,-1.,0.));
#52370=DIRECTION('',(0.,0.,1.));
#52380=AXIS2_PLACEMENT_3D('',#52350,#52360,#52370);
#52390=CIRCLE('',#52380,6.);
#52400=CARTESIAN_POINT('',(3.12915069835426,2.,2.4999291859809));
#52410=VERTEX_POINT('',#52400);
#52420=EDGE_CURVE('',#22110,#52410,#52390,.T.);
#52430=ORIENTED_EDGE('',*,*,#52420,.F.);
#52440=CARTESIAN_POINT('',(3.12915069835426,2.,2.4999291859809));
#52450=DIRECTION('',(0.,1.,0.));
#52460=VECTOR('',#52450,2.2);
#52470=LINE('',#52440,#52460);
#52480=CARTESIAN_POINT('',(3.12915069835426,4.2,2.4999291859809));
#52490=VERTEX_POINT('',#52480);
#52500=EDGE_CURVE('',#52410,#52490,#52470,.T.);
#52510=ORIENTED_EDGE('',*,*,#52500,.F.);
#52520=CARTESIAN_POINT('',(3.1,4.2,-3.5));
#52530=DIRECTION('',(0.,-1.,0.));
#52540=DIRECTION('',(0.,0.,1.));
#52550=AXIS2_PLACEMENT_3D('',#52520,#52530,#52540);
#52560=CIRCLE('',#52550,6.);
#52570=CARTESIAN_POINT('',(3.1,4.2,2.5));
#52580=VERTEX_POINT('',#52570);
#52590=EDGE_CURVE('',#52490,#52580,#52560,.T.);
#52600=ORIENTED_EDGE('',*,*,#52590,.F.);
#52610=CARTESIAN_POINT('',(3.1,0.,2.5));
#52620=DIRECTION('',(0.,1.,0.));
#52630=VECTOR('',#52620,1.);
#52640=LINE('',#52610,#52630);
#52650=CARTESIAN_POINT('',(3.1,8.,2.5));
#52660=VERTEX_POINT('',#52650);
#52670=EDGE_CURVE('',#52580,#52660,#52640,.T.);
#52680=ORIENTED_EDGE('',*,*,#52670,.F.);
#52690=CARTESIAN_POINT('',(3.1,8.,-3.5));
#52700=DIRECTION('',(0.,-1.,0.));
#52710=DIRECTION('',(0.,0.,1.));
#52720=AXIS2_PLACEMENT_3D('',#52690,#52700,#52710);
#52730=CIRCLE('',#52720,6.);
#52740=CARTESIAN_POINT('',(6.15,8.,1.66696235713015));
#52750=VERTEX_POINT('',#52740);
#52760=EDGE_CURVE('',#52750,#52660,#52730,.T.);
#52770=ORIENTED_EDGE('',*,*,#52760,.T.);
#52780=CARTESIAN_POINT('',(6.15,5.6,1.66696235713015));
#52790=DIRECTION('',(0.,1.,0.));
#52800=VECTOR('',#52790,2.4);
#52810=LINE('',#52780,#52800);
#52820=EDGE_CURVE('',#46550,#52750,#52810,.T.);
#52830=ORIENTED_EDGE('',*,*,#52820,.T.);
#52840=ORIENTED_EDGE('',*,*,#46560,.T.);
#52850=EDGE_LOOP('',(#52840,#52830,#52770,#52680,#52600,#52510,#52430,
#52340));
#52860=FACE_OUTER_BOUND('',#52850,.T.);
#52870=ADVANCED_FACE('',(#52860),#52330,.T.);
#52880=COLOUR_RGB('',0.831372618675232,0.850980460643768,
0.858823597431183);
#52890=FILL_AREA_STYLE_COLOUR('',#52880);
#52900=FILL_AREA_STYLE('',(#52890));
#52910=SURFACE_STYLE_FILL_AREA(#52900);
#52920=SURFACE_SIDE_STYLE('',(#52910));
#52930=SURFACE_STYLE_USAGE(.BOTH.,#52920);
#52940=PRESENTATION_STYLE_ASSIGNMENT((#52930));
#52950=CARTESIAN_POINT('',(6.15,0.,-1.7));
#52960=DIRECTION('',(1.,-0.,0.));
#52970=DIRECTION('',(0.,0.,-1.));
#52980=AXIS2_PLACEMENT_3D('',#52950,#52960,#52970);
#52990=PLANE('',#52980);
#53000=ORIENTED_EDGE('',*,*,#52820,.F.);
#53010=CARTESIAN_POINT('',(6.15,8.,-1.7));
#53020=DIRECTION('',(0.,0.,1.));
#53030=VECTOR('',#53020,3.36696235713015);
#53040=LINE('',#53010,#53030);
#53050=EDGE_CURVE('',#48450,#52750,#53040,.T.);
#53060=ORIENTED_EDGE('',*,*,#53050,.T.);
#53070=ORIENTED_EDGE('',*,*,#48460,.T.);
#53080=ORIENTED_EDGE('',*,*,#46640,.T.);
#53090=EDGE_LOOP('',(#53080,#53070,#53060,#53000));
#53100=FACE_OUTER_BOUND('',#53090,.T.);
#53110=ADVANCED_FACE('',(#53100),#52990,.T.);
#53120=COLOUR_RGB('',0.831372618675232,0.850980460643768,
0.858823597431183);
#53130=FILL_AREA_STYLE_COLOUR('',#53120);
#53140=FILL_AREA_STYLE('',(#53130));
#53150=SURFACE_STYLE_FILL_AREA(#53140);
#53160=SURFACE_SIDE_STYLE('',(#53150));
#53170=SURFACE_STYLE_USAGE(.BOTH.,#53160);
#53180=PRESENTATION_STYLE_ASSIGNMENT((#53170));
#53190=CARTESIAN_POINT('',(3.1,0.,2.5));
#53200=DIRECTION('',(-1.,0.,0.));
#53210=DIRECTION('',(0.,0.,1.));
#53220=AXIS2_PLACEMENT_3D('',#53190,#53200,#53210);
#53230=PLANE('',#53220);
#53240=CARTESIAN_POINT('',(3.1,4.2,-2.78304036855032));
#53250=DIRECTION('',(0.,-1.,0.));
#53260=VECTOR('',#53250,2.2);
#53270=LINE('',#53240,#53260);
#53280=CARTESIAN_POINT('',(3.1,4.2,-2.78304036855032));
#53290=VERTEX_POINT('',#53280);
#53300=CARTESIAN_POINT('',(3.1,2.,-2.78304036855032));
#53310=VERTEX_POINT('',#53300);
#53320=EDGE_CURVE('',#53290,#53310,#53270,.T.);
#53330=ORIENTED_EDGE('',*,*,#53320,.F.);
#53340=CARTESIAN_POINT('',(3.1,2.,-2.78304036855032));
#53350=DIRECTION('',(0.,0.,-1.));
#53360=VECTOR('',#53350,3.91695963144968);
#53370=LINE('',#53340,#53360);
#53380=CARTESIAN_POINT('',(3.1,2.,-6.7));
#53390=VERTEX_POINT('',#53380);
#53400=EDGE_CURVE('',#53310,#53390,#53370,.T.);
#53410=ORIENTED_EDGE('',*,*,#53400,.F.);
#53420=CARTESIAN_POINT('',(3.1,2.,-6.7));
#53430=DIRECTION('',(0.,1.,0.));
#53440=VECTOR('',#53430,2.2);
#53450=LINE('',#53420,#53440);
#53460=CARTESIAN_POINT('',(3.1,4.2,-6.7));
#53470=VERTEX_POINT('',#53460);
#53480=EDGE_CURVE('',#53390,#53470,#53450,.T.);
#53490=ORIENTED_EDGE('',*,*,#53480,.F.);
#53500=CARTESIAN_POINT('',(3.1,4.2,-6.7));
#53510=DIRECTION('',(0.,0.,-1.));
#53520=VECTOR('',#53510,1.);
#53530=LINE('',#53500,#53520);
#53540=CARTESIAN_POINT('',(3.1,4.2,-7.7));
#53550=VERTEX_POINT('',#53540);
#53560=EDGE_CURVE('',#53470,#53550,#53530,.T.);
#53570=ORIENTED_EDGE('',*,*,#53560,.F.);
#53580=CARTESIAN_POINT('',(3.1,4.2,-7.7));
#53590=DIRECTION('',(0.,-1.,0.));
#53600=VECTOR('',#53590,2.2);
#53610=LINE('',#53580,#53600);
#53620=CARTESIAN_POINT('',(3.1,2.,-7.7));
#53630=VERTEX_POINT('',#53620);
#53640=EDGE_CURVE('',#53550,#53630,#53610,.T.);
#53650=ORIENTED_EDGE('',*,*,#53640,.F.);
#53660=CARTESIAN_POINT('',(3.1,2.,-7.7));
#53670=DIRECTION('',(0.,0.,-1.));
#53680=VECTOR('',#53670,0.800000000000002);
#53690=LINE('',#53660,#53680);
#53700=EDGE_CURVE('',#53630,#20380,#53690,.T.);
#53710=ORIENTED_EDGE('',*,*,#53700,.F.);
#53720=ORIENTED_EDGE('',*,*,#20390,.F.);
#53730=CARTESIAN_POINT('',(3.1,8.,2.5));
#53740=DIRECTION('',(0.,0.,-1.));
#53750=VECTOR('',#53740,11.);
#53760=LINE('',#53730,#53750);
#53770=EDGE_CURVE('',#52660,#20300,#53760,.T.);
#53780=ORIENTED_EDGE('',*,*,#53770,.T.);
#53790=ORIENTED_EDGE('',*,*,#52670,.T.);
#53800=CARTESIAN_POINT('',(3.1,4.2,2.5));
#53810=DIRECTION('',(0.,0.,-1.));
#53820=VECTOR('',#53810,5.28304036855032);
#53830=LINE('',#53800,#53820);
#53840=EDGE_CURVE('',#52580,#53290,#53830,.T.);
#53850=ORIENTED_EDGE('',*,*,#53840,.F.);
#53860=EDGE_LOOP('',(#53850,#53790,#53780,#53720,#53710,#53650,#53570,
#53490,#53410,#53330));
#53870=FACE_OUTER_BOUND('',#53860,.T.);
#53880=ADVANCED_FACE('',(#53870),#53230,.T.);
#53890=COLOUR_RGB('',0.831372618675232,0.850980460643768,
0.858823597431183);
#53900=FILL_AREA_STYLE_COLOUR('',#53890);
#53910=FILL_AREA_STYLE('',(#53900));
#53920=SURFACE_STYLE_FILL_AREA(#53910);
#53930=SURFACE_SIDE_STYLE('',(#53920));
#53940=SURFACE_STYLE_USAGE(.BOTH.,#53930);
#53950=PRESENTATION_STYLE_ASSIGNMENT((#53940));
#53960=CARTESIAN_POINT('',(5.99015220672905,8.,-3.56253680257638));
#53970=DIRECTION('',(0.,1.,0.));
#53980=DIRECTION('',(0.,0.,1.));
#53990=AXIS2_PLACEMENT_3D('',#53960,#53970,#53980);
#54000=PLANE('',#53990);
#54010=ORIENTED_EDGE('',*,*,#53050,.F.);
#54020=ORIENTED_EDGE('',*,*,#52760,.F.);
#54030=ORIENTED_EDGE('',*,*,#53770,.F.);
#54040=ORIENTED_EDGE('',*,*,#20310,.F.);
#54050=ORIENTED_EDGE('',*,*,#48830,.F.);
#54060=ORIENTED_EDGE('',*,*,#48540,.F.);
#54070=EDGE_LOOP('',(#54060,#54050,#54040,#54030,#54020,#54010));
#54080=FACE_OUTER_BOUND('',#54070,.T.);
#54090=ORIENTED_EDGE('',*,*,#5740,.T.);
#54100=EDGE_CURVE('',#5730,#5620,#5710,.T.);
#54110=ORIENTED_EDGE('',*,*,#54100,.T.);
#54120=EDGE_LOOP('',(#54110,#54090));
#54130=FACE_BOUND('',#54120,.T.);
#54140=ADVANCED_FACE('',(#54080,#54130),#54000,.T.);
#54150=COLOUR_RGB('',0.831372618675232,0.850980460643768,
0.858823597431183);
#54160=FILL_AREA_STYLE_COLOUR('',#54150);
#54170=FILL_AREA_STYLE('',(#54160));
#54180=SURFACE_STYLE_FILL_AREA(#54170);
#54190=SURFACE_SIDE_STYLE('',(#54180));
#54200=SURFACE_STYLE_USAGE(.BOTH.,#54190);
#54210=PRESENTATION_STYLE_ASSIGNMENT((#54200));
#54220=CARTESIAN_POINT('',(-4.75,0.,-8.5));
#54230=DIRECTION('',(0.,0.,-1.));
#54240=DIRECTION('',(-1.,0.,0.));
#54250=AXIS2_PLACEMENT_3D('',#54220,#54230,#54240);
#54260=PLANE('',#54250);
#54270=ORIENTED_EDGE('',*,*,#51100,.F.);
#54280=ORIENTED_EDGE('',*,*,#51400,.F.);
#54290=ORIENTED_EDGE('',*,*,#50220,.T.);
#54300=CARTESIAN_POINT('',(-7.5,0.,-8.5));
#54310=DIRECTION('',(-1.,0.,0.));
#54320=VECTOR('',#54310,2.25);
#54330=LINE('',#54300,#54320);
#54340=EDGE_CURVE('',#33220,#50130,#54330,.T.);
#54350=ORIENTED_EDGE('',*,*,#54340,.T.);
#54360=ORIENTED_EDGE('',*,*,#33250,.F.);
#54370=ORIENTED_EDGE('',*,*,#34550,.T.);
#54380=CARTESIAN_POINT('',(-2.5,-1.5,-8.5));
#54390=DIRECTION('',(0.,1.,0.));
#54400=VECTOR('',#54390,3.5);
#54410=LINE('',#54380,#54400);
#54420=CARTESIAN_POINT('',(-2.5,2.,-8.5));
#54430=VERTEX_POINT('',#54420);
#54440=EDGE_CURVE('',#34540,#54430,#54410,.T.);
#54450=ORIENTED_EDGE('',*,*,#54440,.F.);
#54460=CARTESIAN_POINT('',(-3.1,2.,-8.5));
#54470=DIRECTION('',(1.,0.,0.));
#54480=VECTOR('',#54470,0.600000000000003);
#54490=LINE('',#54460,#54480);
#54500=EDGE_CURVE('',#51090,#54430,#54490,.T.);
#54510=ORIENTED_EDGE('',*,*,#54500,.T.);
#54520=EDGE_LOOP('',(#54510,#54450,#54370,#54360,#54350,#54290,#54280,
#54270));
#54530=FACE_OUTER_BOUND('',#54520,.T.);
#54540=ADVANCED_FACE('',(#54530),#54260,.T.);
#54550=COLOUR_RGB('',0.831372618675232,0.850980460643768,
0.858823597431183);
#54560=FILL_AREA_STYLE_COLOUR('',#54550);
#54570=FILL_AREA_STYLE('',(#54560));
#54580=SURFACE_STYLE_FILL_AREA(#54570);
#54590=SURFACE_SIDE_STYLE('',(#54580));
#54600=SURFACE_STYLE_USAGE(.BOTH.,#54590);
#54610=PRESENTATION_STYLE_ASSIGNMENT((#54600));
#54620=CARTESIAN_POINT('',(1.76776695296637,2.,-1.76776695296637));
#54630=DIRECTION('',(0.,1.,0.));
#54640=DIRECTION('',(-0.812766415156952,0.,0.582589696435594));
#54650=AXIS2_PLACEMENT_3D('',#54620,#54630,#54640);
#54660=CYLINDRICAL_SURFACE('',#54650,1.675);
#54670=CARTESIAN_POINT('',(1.76776695296637,4.2,-1.76776695296637));
#54680=DIRECTION('',(0.,-1.,0.));
#54690=DIRECTION('',(-0.812766415156952,0.,0.582589696435594));
#54700=AXIS2_PLACEMENT_3D('',#54670,#54680,#54690);
#54710=CIRCLE('',#54700,1.675);
#54720=CARTESIAN_POINT('',(0.406383207578476,4.2,-2.74360469449599));
#54730=VERTEX_POINT('',#54720);
#54740=EDGE_CURVE('',#54730,#53290,#54710,.T.);
#54750=ORIENTED_EDGE('',*,*,#54740,.T.);
#54760=CARTESIAN_POINT('',(0.406383207578476,2.,-2.74360469449599));
#54770=DIRECTION('',(0.,1.,0.));
#54780=VECTOR('',#54770,2.2);
#54790=LINE('',#54760,#54780);
#54800=CARTESIAN_POINT('',(0.406383207578476,2.,-2.74360469449599));
#54810=VERTEX_POINT('',#54800);
#54820=EDGE_CURVE('',#54810,#54730,#54790,.T.);
#54830=ORIENTED_EDGE('',*,*,#54820,.T.);
#54840=CARTESIAN_POINT('',(1.76776695296637,2.,-1.76776695296637));
#54850=DIRECTION('',(0.,-1.,0.));
#54860=DIRECTION('',(-0.812766415156952,0.,0.582589696435594));
#54870=AXIS2_PLACEMENT_3D('',#54840,#54850,#54860);
#54880=CIRCLE('',#54870,1.675);
#54890=EDGE_CURVE('',#54810,#53310,#54880,.T.);
#54900=ORIENTED_EDGE('',*,*,#54890,.F.);
#54910=ORIENTED_EDGE('',*,*,#53320,.T.);
#54920=EDGE_LOOP('',(#54910,#54900,#54830,#54750));
#54930=FACE_OUTER_BOUND('',#54920,.T.);
#54940=ADVANCED_FACE('',(#54930),#54660,.T.);
#54950=COLOUR_RGB('',0.831372618675232,0.850980460643768,
0.858823597431183);
#54960=FILL_AREA_STYLE_COLOUR('',#54950);
#54970=FILL_AREA_STYLE('',(#54960));
#54980=SURFACE_STYLE_FILL_AREA(#54970);
#54990=SURFACE_SIDE_STYLE('',(#54980));
#55000=SURFACE_STYLE_USAGE(.BOTH.,#54990);
#55010=PRESENTATION_STYLE_ASSIGNMENT((#55000));
#55020=CARTESIAN_POINT('',(3.12915069835426,2.,-6.7));
#55030=DIRECTION('',(0.,0.,1.));
#55040=DIRECTION('',(1.,0.,0.));
#55050=AXIS2_PLACEMENT_3D('',#55020,#55030,#55040);
#55060=PLANE('',#55050);
#55070=CARTESIAN_POINT('',(3.1,4.2,-6.7));
#55080=DIRECTION('',(-1.,0.,0.));
#55090=VECTOR('',#55080,6.2);
#55100=LINE('',#55070,#55090);
#55110=EDGE_CURVE('',#53470,#50620,#55100,.T.);
#55120=ORIENTED_EDGE('',*,*,#55110,.T.);
#55130=ORIENTED_EDGE('',*,*,#53480,.T.);
#55140=CARTESIAN_POINT('',(3.1,2.,-6.7));
#55150=DIRECTION('',(-1.,0.,0.));
#55160=VECTOR('',#55150,6.2);
#55170=LINE('',#55140,#55160);
#55180=EDGE_CURVE('',#53390,#50700,#55170,.T.);
#55190=ORIENTED_EDGE('',*,*,#55180,.F.);
#55200=ORIENTED_EDGE('',*,*,#50710,.T.);
#55210=EDGE_LOOP('',(#55200,#55190,#55130,#55120));
#55220=FACE_OUTER_BOUND('',#55210,.T.);
#55230=ADVANCED_FACE('',(#55220),#55060,.T.);
#55240=COLOUR_RGB('',0.831372618675232,0.850980460643768,
0.858823597431183);
#55250=FILL_AREA_STYLE_COLOUR('',#55240);
#55260=FILL_AREA_STYLE('',(#55250));
#55270=SURFACE_STYLE_FILL_AREA(#55260);
#55280=SURFACE_SIDE_STYLE('',(#55270));
#55290=SURFACE_STYLE_USAGE(.BOTH.,#55280);
#55300=PRESENTATION_STYLE_ASSIGNMENT((#55290));
#55310=CARTESIAN_POINT('',(0.,0.,-1.43982748715251));
#55320=DIRECTION('',(0.,1.,0.));
#55330=DIRECTION('',(0.,0.,1.));
#55340=AXIS2_PLACEMENT_3D('',#55310,#55320,#55330);
#55350=PLANE('',#55340);
#55360=ORIENTED_EDGE('',*,*,#54340,.F.);
#55370=ORIENTED_EDGE('',*,*,#50140,.F.);
#55380=ORIENTED_EDGE('',*,*,#46020,.T.);
#55390=ORIENTED_EDGE('',*,*,#33330,.T.);
#55400=EDGE_LOOP('',(#55390,#55380,#55370,#55360));
#55410=FACE_OUTER_BOUND('',#55400,.T.);
#55420=ADVANCED_FACE('',(#55410),#55350,.F.);
#55430=COLOUR_RGB('',0.831372618675232,0.850980460643768,
0.858823597431183);
#55440=FILL_AREA_STYLE_COLOUR('',#55430);
#55450=FILL_AREA_STYLE('',(#55440));
#55460=SURFACE_STYLE_FILL_AREA(#55450);
#55470=SURFACE_SIDE_STYLE('',(#55460));
#55480=SURFACE_STYLE_USAGE(.BOTH.,#55470);
#55490=PRESENTATION_STYLE_ASSIGNMENT((#55480));
#55500=CARTESIAN_POINT('',(0.,4.2,-7.2));
#55510=DIRECTION('',(0.,1.,0.));
#55520=DIRECTION('',(0.,0.,1.));
#55530=AXIS2_PLACEMENT_3D('',#55500,#55510,#55520);
#55540=PLANE('',#55530);
#55550=CARTESIAN_POINT('',(-3.1,4.2,-7.7));
#55560=DIRECTION('',(1.,0.,0.));
#55570=VECTOR('',#55560,6.2);
#55580=LINE('',#55550,#55570);
#55590=EDGE_CURVE('',#50540,#53550,#55580,.T.);
#55600=ORIENTED_EDGE('',*,*,#55590,.F.);
#55610=ORIENTED_EDGE('',*,*,#53560,.T.);
#55620=ORIENTED_EDGE('',*,*,#55110,.F.);
#55630=ORIENTED_EDGE('',*,*,#50630,.T.);
#55640=EDGE_LOOP('',(#55630,#55620,#55610,#55600));
#55650=FACE_OUTER_BOUND('',#55640,.T.);
#55660=ADVANCED_FACE('',(#55650),#55540,.T.);
#55670=COLOUR_RGB('',0.831372618675232,0.850980460643768,
0.858823597431183);
#55680=FILL_AREA_STYLE_COLOUR('',#55670);
#55690=FILL_AREA_STYLE('',(#55680));
#55700=SURFACE_STYLE_FILL_AREA(#55690);
#55710=SURFACE_SIDE_STYLE('',(#55700));
#55720=SURFACE_STYLE_USAGE(.BOTH.,#55710);
#55730=PRESENTATION_STYLE_ASSIGNMENT((#55720));
#55740=CARTESIAN_POINT('',(-2.5,0.,-7.7));
#55750=DIRECTION('',(0.,0.,-1.));
#55760=DIRECTION('',(-1.,0.,0.));
#55770=AXIS2_PLACEMENT_3D('',#55740,#55750,#55760);
#55780=PLANE('',#55770);
#55790=CARTESIAN_POINT('',(-3.1,2.,-7.7));
#55800=DIRECTION('',(1.,0.,0.));
#55810=VECTOR('',#55800,0.600000000000003);
#55820=LINE('',#55790,#55810);
#55830=CARTESIAN_POINT('',(-2.5,2.,-7.7));
#55840=VERTEX_POINT('',#55830);
#55850=EDGE_CURVE('',#50520,#55840,#55820,.T.);
#55860=ORIENTED_EDGE('',*,*,#55850,.F.);
#55870=CARTESIAN_POINT('',(-2.5,0.,-7.7));
#55880=DIRECTION('',(0.,1.,0.));
#55890=VECTOR('',#55880,2.);
#55900=LINE('',#55870,#55890);
#55910=EDGE_CURVE('',#34170,#55840,#55900,.T.);
#55920=ORIENTED_EDGE('',*,*,#55910,.T.);
#55930=ORIENTED_EDGE('',*,*,#36640,.T.);
#55940=CARTESIAN_POINT('',(2.5,0.,-7.7));
#55950=DIRECTION('',(0.,1.,0.));
#55960=VECTOR('',#55950,2.);
#55970=LINE('',#55940,#55960);
#55980=CARTESIAN_POINT('',(2.5,2.,-7.7));
#55990=VERTEX_POINT('',#55980);
#56000=EDGE_CURVE('',#34920,#55990,#55970,.T.);
#56010=ORIENTED_EDGE('',*,*,#56000,.F.);
#56020=CARTESIAN_POINT('',(2.5,2.,-7.7));
#56030=DIRECTION('',(1.,0.,0.));
#56040=VECTOR('',#56030,0.599999999999998);
#56050=LINE('',#56020,#56040);
#56060=EDGE_CURVE('',#55990,#53630,#56050,.T.);
#56070=ORIENTED_EDGE('',*,*,#56060,.F.);
#56080=ORIENTED_EDGE('',*,*,#53640,.T.);
#56090=ORIENTED_EDGE('',*,*,#55590,.T.);
#56100=ORIENTED_EDGE('',*,*,#50550,.T.);
#56110=EDGE_LOOP('',(#56100,#56090,#56080,#56070,#56010,#55930,#55920,
#55860));
#56120=FACE_OUTER_BOUND('',#56110,.T.);
#56130=EDGE_CURVE('',#6110,#6300,#6370,.T.);
#56140=ORIENTED_EDGE('',*,*,#56130,.T.);
#56150=ORIENTED_EDGE('',*,*,#6380,.T.);
#56160=EDGE_LOOP('',(#56150,#56140));
#56170=FACE_BOUND('',#56160,.T.);
#56180=ADVANCED_FACE('',(#56120,#56170),#55780,.T.);
#56190=COLOUR_RGB('',0.831372618675232,0.850980460643768,
0.858823597431183);
#56200=FILL_AREA_STYLE_COLOUR('',#56190);
#56210=FILL_AREA_STYLE('',(#56200));
#56220=SURFACE_STYLE_FILL_AREA(#56210);
#56230=SURFACE_SIDE_STYLE('',(#56220));
#56240=SURFACE_STYLE_USAGE(.BOTH.,#56230);
#56250=PRESENTATION_STYLE_ASSIGNMENT((#56240));
#56260=CARTESIAN_POINT('',(-7.554468E-17,2.,-1.43982748715251));
#56270=DIRECTION('',(0.,1.,0.));
#56280=DIRECTION('',(0.,0.,1.));
#56290=AXIS2_PLACEMENT_3D('',#56260,#56270,#56280);
#56300=PLANE('',#56290);
#56310=ORIENTED_EDGE('',*,*,#56060,.T.);
#56320=CARTESIAN_POINT('',(2.5,2.,-7.7));
#56330=DIRECTION('',(0.,0.,-1.));
#56340=VECTOR('',#56330,0.800000000000001);
#56350=LINE('',#56320,#56340);
#56360=EDGE_CURVE('',#55990,#20460,#56350,.T.);
#56370=ORIENTED_EDGE('',*,*,#56360,.F.);
#56380=ORIENTED_EDGE('',*,*,#20470,.F.);
#56390=ORIENTED_EDGE('',*,*,#53700,.T.);
#56400=EDGE_LOOP('',(#56390,#56380,#56370,#56310));
#56410=FACE_OUTER_BOUND('',#56400,.T.);
#56420=ADVANCED_FACE('',(#56410),#56300,.T.);
#56430=COLOUR_RGB('',0.831372618675232,0.850980460643768,
0.858823597431183);
#56440=FILL_AREA_STYLE_COLOUR('',#56430);
#56450=FILL_AREA_STYLE('',(#56440));
#56460=SURFACE_STYLE_FILL_AREA(#56450);
#56470=SURFACE_SIDE_STYLE('',(#56460));
#56480=SURFACE_STYLE_USAGE(.BOTH.,#56470);
#56490=PRESENTATION_STYLE_ASSIGNMENT((#56480));
#56500=CARTESIAN_POINT('',(-7.554468E-17,2.,-1.43982748715251));
#56510=DIRECTION('',(0.,1.,0.));
#56520=DIRECTION('',(0.,0.,1.));
#56530=AXIS2_PLACEMENT_3D('',#56500,#56510,#56520);
#56540=PLANE('',#56530);
#56550=ORIENTED_EDGE('',*,*,#55180,.T.);
#56560=ORIENTED_EDGE('',*,*,#53400,.T.);
#56570=ORIENTED_EDGE('',*,*,#54890,.T.);
#56580=CARTESIAN_POINT('',(2.220446E-15,2.,-3.03489954271379));
#56590=DIRECTION('',(0.,1.,0.));
#56600=DIRECTION('',(-0.812766415156953,0.,0.582589696435592));
#56610=AXIS2_PLACEMENT_3D('',#56580,#56590,#56600);
#56620=CIRCLE('',#56610,0.5);
#56630=CARTESIAN_POINT('',(-0.406383207578474,2.,-2.74360469449599));
#56640=VERTEX_POINT('',#56630);
#56650=EDGE_CURVE('',#56640,#54810,#56620,.T.);
#56660=ORIENTED_EDGE('',*,*,#56650,.T.);
#56670=CARTESIAN_POINT('',(-1.76776695296637,2.,-1.76776695296637));
#56680=DIRECTION('',(0.,-1.,0.));
#56690=DIRECTION('',(-0.812766415156951,0.,0.582589696435595));
#56700=AXIS2_PLACEMENT_3D('',#56670,#56680,#56690);
#56710=CIRCLE('',#56700,1.675);
#56720=EDGE_CURVE('',#50780,#56640,#56710,.T.);
#56730=ORIENTED_EDGE('',*,*,#56720,.T.);
#56740=ORIENTED_EDGE('',*,*,#50790,.T.);
#56750=EDGE_LOOP('',(#56740,#56730,#56660,#56570,#56560,#56550));
#56760=FACE_OUTER_BOUND('',#56750,.T.);
#56770=ADVANCED_FACE('',(#56760),#56540,.T.);
#56780=COLOUR_RGB('',0.831372618675232,0.850980460643768,
0.858823597431183);
#56790=FILL_AREA_STYLE_COLOUR('',#56780);
#56800=FILL_AREA_STYLE('',(#56790));
#56810=SURFACE_STYLE_FILL_AREA(#56800);
#56820=SURFACE_SIDE_STYLE('',(#56810));
#56830=SURFACE_STYLE_USAGE(.BOTH.,#56820);
#56840=PRESENTATION_STYLE_ASSIGNMENT((#56830));
#56850=CARTESIAN_POINT('',(-7.554468E-17,2.,-1.43982748715251));
#56860=DIRECTION('',(0.,1.,0.));
#56870=DIRECTION('',(0.,0.,1.));
#56880=AXIS2_PLACEMENT_3D('',#56850,#56860,#56870);
#56890=PLANE('',#56880);
#56900=CARTESIAN_POINT('',(-3.12915069835426,2.,2.74360469449599));
#56910=DIRECTION('',(0.,0.,-1.));
#56920=VECTOR('',#56910,0.243675508515088);
#56930=LINE('',#56900,#56920);
#56940=CARTESIAN_POINT('',(-3.12915069835426,2.,2.74360469449599));
#56950=VERTEX_POINT('',#56940);
#56960=EDGE_CURVE('',#56950,#47600,#56930,.T.);
#56970=ORIENTED_EDGE('',*,*,#56960,.T.);
#56980=CARTESIAN_POINT('',(-1.76776695296637,2.,1.76776695296637));
#56990=DIRECTION('',(0.,-1.,0.));
#57000=DIRECTION('',(0.812766415156952,0.,-0.582589696435594));
#57010=AXIS2_PLACEMENT_3D('',#56980,#56990,#57000);
#57020=CIRCLE('',#57010,1.675);
#57030=CARTESIAN_POINT('',(-0.406383207578473,2.,2.74360469449599));
#57040=VERTEX_POINT('',#57030);
#57050=EDGE_CURVE('',#57040,#56950,#57020,.T.);
#57060=ORIENTED_EDGE('',*,*,#57050,.T.);
#57070=CARTESIAN_POINT('',(2.220446E-15,2.,3.03489954271379));
#57080=DIRECTION('',(0.,1.,0.));
#57090=DIRECTION('',(0.812766415156951,0.,-0.582589696435595));
#57100=AXIS2_PLACEMENT_3D('',#57070,#57080,#57090);
#57110=CIRCLE('',#57100,0.5);
#57120=CARTESIAN_POINT('',(0.406383207578478,2.,2.74360469449599));
#57130=VERTEX_POINT('',#57120);
#57140=EDGE_CURVE('',#57130,#57040,#57110,.T.);
#57150=ORIENTED_EDGE('',*,*,#57140,.T.);
#57160=CARTESIAN_POINT('',(1.76776695296637,2.,1.76776695296637));
#57170=DIRECTION('',(0.,-1.,0.));
#57180=DIRECTION('',(0.81276641515695,0.,-0.582589696435596));
#57190=AXIS2_PLACEMENT_3D('',#57160,#57170,#57180);
#57200=CIRCLE('',#57190,1.675);
#57210=CARTESIAN_POINT('',(3.12915069835426,2.,2.74360469449599));
#57220=VERTEX_POINT('',#57210);
#57230=EDGE_CURVE('',#57220,#57130,#57200,.T.);
#57240=ORIENTED_EDGE('',*,*,#57230,.T.);
#57250=CARTESIAN_POINT('',(3.12915069835426,2.,2.4999291859809));
#57260=DIRECTION('',(0.,0.,1.));
#57270=VECTOR('',#57260,0.243675508515089);
#57280=LINE('',#57250,#57270);
#57290=EDGE_CURVE('',#52410,#57220,#57280,.T.);
#57300=ORIENTED_EDGE('',*,*,#57290,.T.);
#57310=ORIENTED_EDGE('',*,*,#52420,.T.);
#57320=ORIENTED_EDGE('',*,*,#22520,.F.);
#57330=CARTESIAN_POINT('',(0.,2.,0.));
#57340=DIRECTION('',(0.,-1.,0.));
#57350=DIRECTION('',(-0.678571428571429,0.,0.734534421471541));
#57360=AXIS2_PLACEMENT_3D('',#57330,#57340,#57350);
#57370=CIRCLE('',#57360,7.);
#57380=EDGE_CURVE('',#22450,#48020,#57370,.T.);
#57390=ORIENTED_EDGE('',*,*,#57380,.F.);
#57400=ORIENTED_EDGE('',*,*,#48030,.F.);
#57410=ORIENTED_EDGE('',*,*,#47700,.T.);
#57420=EDGE_LOOP('',(#57410,#57400,#57390,#57320,#57310,#57300,#57240,
#57150,#57060,#56970));
#57430=FACE_OUTER_BOUND('',#57420,.T.);
#57440=ADVANCED_FACE('',(#57430),#56890,.T.);
#57450=COLOUR_RGB('',0.831372618675232,0.850980460643768,
0.858823597431183);
#57460=FILL_AREA_STYLE_COLOUR('',#57450);
#57470=FILL_AREA_STYLE('',(#57460));
#57480=SURFACE_STYLE_FILL_AREA(#57470);
#57490=SURFACE_SIDE_STYLE('',(#57480));
#57500=SURFACE_STYLE_USAGE(.BOTH.,#57490);
#57510=PRESENTATION_STYLE_ASSIGNMENT((#57500));
#57520=CARTESIAN_POINT('',(-7.554468E-17,2.,-1.43982748715251));
#57530=DIRECTION('',(0.,1.,0.));
#57540=DIRECTION('',(0.,0.,1.));
#57550=AXIS2_PLACEMENT_3D('',#57520,#57530,#57540);
#57560=PLANE('',#57550);
#57570=ORIENTED_EDGE('',*,*,#54500,.F.);
#57580=CARTESIAN_POINT('',(-2.5,2.,-8.5));
#57590=DIRECTION('',(0.,0.,1.));
#57600=VECTOR('',#57590,0.800000000000001);
#57610=LINE('',#57580,#57600);
#57620=EDGE_CURVE('',#54430,#55840,#57610,.T.);
#57630=ORIENTED_EDGE('',*,*,#57620,.F.);
#57640=ORIENTED_EDGE('',*,*,#55850,.T.);
#57650=ORIENTED_EDGE('',*,*,#51160,.T.);
#57660=EDGE_LOOP('',(#57650,#57640,#57630,#57570));
#57670=FACE_OUTER_BOUND('',#57660,.T.);
#57680=ADVANCED_FACE('',(#57670),#57560,.T.);
#57690=COLOUR_RGB('',0.831372618675232,0.850980460643768,
0.858823597431183);
#57700=FILL_AREA_STYLE_COLOUR('',#57690);
#57710=FILL_AREA_STYLE('',(#57700));
#57720=SURFACE_STYLE_FILL_AREA(#57710);
#57730=SURFACE_SIDE_STYLE('',(#57720));
#57740=SURFACE_STYLE_USAGE(.BOTH.,#57730);
#57750=PRESENTATION_STYLE_ASSIGNMENT((#57740));
#57760=CARTESIAN_POINT('',(0.,-1.,0.));
#57770=DIRECTION('',(0.,1.,0.));
#57780=DIRECTION('',(0.,0.,1.));
#57790=AXIS2_PLACEMENT_3D('',#57760,#57770,#57780);
#57800=CYLINDRICAL_SURFACE('',#57790,8.50000000000001);
#57810=ORIENTED_EDGE('',*,*,#49230,.F.);
#57820=ORIENTED_EDGE('',*,*,#32570,.T.);
#57830=ORIENTED_EDGE('',*,*,#21490,.T.);
#57840=ORIENTED_EDGE('',*,*,#32000,.T.);
#57850=EDGE_LOOP('',(#57840,#57830,#57820,#57810));
#57860=FACE_OUTER_BOUND('',#57850,.T.);
#57870=ADVANCED_FACE('',(#57860),#57800,.T.);
#57880=COLOUR_RGB('',0.831372618675232,0.850980460643768,
0.858823597431183);
#57890=FILL_AREA_STYLE_COLOUR('',#57880);
#57900=FILL_AREA_STYLE('',(#57890));
#57910=SURFACE_STYLE_FILL_AREA(#57900);
#57920=SURFACE_SIDE_STYLE('',(#57910));
#57930=SURFACE_STYLE_USAGE(.BOTH.,#57920);
#57940=PRESENTATION_STYLE_ASSIGNMENT((#57930));
#57950=CARTESIAN_POINT('',(2.220446E-15,2.,-3.03489954271379));
#57960=DIRECTION('',(0.,1.,0.));
#57970=DIRECTION('',(-0.812766415156953,0.,0.582589696435592));
#57980=AXIS2_PLACEMENT_3D('',#57950,#57960,#57970);
#57990=CYLINDRICAL_SURFACE('',#57980,0.5);
#58000=CARTESIAN_POINT('',(-0.406383207578474,2.,-2.74360469449599));
#58010=DIRECTION('',(0.,1.,0.));
#58020=VECTOR('',#58010,1.);
#58030=LINE('',#58000,#58020);
#58040=CARTESIAN_POINT('',(-0.406383207578474,4.2,-2.74360469449599));
#58050=VERTEX_POINT('',#58040);
#58060=EDGE_CURVE('',#56640,#58050,#58030,.T.);
#58070=ORIENTED_EDGE('',*,*,#58060,.T.);
#58080=ORIENTED_EDGE('',*,*,#56650,.F.);
#58090=ORIENTED_EDGE('',*,*,#54820,.F.);
#58100=CARTESIAN_POINT('',(2.220446E-15,4.2,-3.03489954271379));
#58110=DIRECTION('',(0.,1.,0.));
#58120=DIRECTION('',(-0.812766415156953,0.,0.582589696435592));
#58130=AXIS2_PLACEMENT_3D('',#58100,#58110,#58120);
#58140=CIRCLE('',#58130,0.5);
#58150=EDGE_CURVE('',#58050,#54730,#58140,.T.);
#58160=ORIENTED_EDGE('',*,*,#58150,.T.);
#58170=EDGE_LOOP('',(#58160,#58090,#58080,#58070));
#58180=FACE_OUTER_BOUND('',#58170,.T.);
#58190=ADVANCED_FACE('',(#58180),#57990,.F.);
#58200=COLOUR_RGB('',0.831372618675232,0.850980460643768,
0.858823597431183);
#58210=FILL_AREA_STYLE_COLOUR('',#58200);
#58220=FILL_AREA_STYLE('',(#58210));
#58230=SURFACE_STYLE_FILL_AREA(#58220);
#58240=SURFACE_SIDE_STYLE('',(#58230));
#58250=SURFACE_STYLE_USAGE(.BOTH.,#58240);
#58260=PRESENTATION_STYLE_ASSIGNMENT((#58250));
#58270=CARTESIAN_POINT('',(3.12915069835426,2.,-2.74360469449599));
#58280=DIRECTION('',(1.,-0.,0.));
#58290=DIRECTION('',(0.,0.,-1.));
#58300=AXIS2_PLACEMENT_3D('',#58270,#58280,#58290);
#58310=PLANE('',#58300);
#58320=ORIENTED_EDGE('',*,*,#57290,.F.);
#58330=CARTESIAN_POINT('',(3.12915069835426,2.,2.74360469449599));
#58340=DIRECTION('',(0.,1.,0.));
#58350=VECTOR('',#58340,2.2);
#58360=LINE('',#58330,#58350);
#58370=CARTESIAN_POINT('',(3.12915069835426,4.2,2.74360469449599));
#58380=VERTEX_POINT('',#58370);
#58390=EDGE_CURVE('',#57220,#58380,#58360,.T.);
#58400=ORIENTED_EDGE('',*,*,#58390,.F.);
#58410=CARTESIAN_POINT('',(3.12915069835426,4.2,2.4999291859809));
#58420=DIRECTION('',(0.,0.,1.));
#58430=VECTOR('',#58420,0.243675508515089);
#58440=LINE('',#58410,#58430);
#58450=EDGE_CURVE('',#52490,#58380,#58440,.T.);
#58460=ORIENTED_EDGE('',*,*,#58450,.T.);
#58470=ORIENTED_EDGE('',*,*,#52500,.T.);
#58480=EDGE_LOOP('',(#58470,#58460,#58400,#58320));
#58490=FACE_OUTER_BOUND('',#58480,.T.);
#58500=ADVANCED_FACE('',(#58490),#58310,.T.);
#58510=COLOUR_RGB('',0.831372618675232,0.850980460643768,
0.858823597431183);
#58520=FILL_AREA_STYLE_COLOUR('',#58510);
#58530=FILL_AREA_STYLE('',(#58520));
#58540=SURFACE_STYLE_FILL_AREA(#58530);
#58550=SURFACE_SIDE_STYLE('',(#58540));
#58560=SURFACE_STYLE_USAGE(.BOTH.,#58550);
#58570=PRESENTATION_STYLE_ASSIGNMENT((#58560));
#58580=CARTESIAN_POINT('',(1.76776695296637,2.,1.76776695296637));
#58590=DIRECTION('',(0.,1.,0.));
#58600=DIRECTION('',(0.81276641515695,0.,-0.582589696435596));
#58610=AXIS2_PLACEMENT_3D('',#58580,#58590,#58600);
#58620=CYLINDRICAL_SURFACE('',#58610,1.675);
#58630=ORIENTED_EDGE('',*,*,#58390,.T.);
#58640=ORIENTED_EDGE('',*,*,#57230,.F.);
#58650=CARTESIAN_POINT('',(0.406383207578478,2.,2.74360469449599));
#58660=DIRECTION('',(0.,1.,0.));
#58670=VECTOR('',#58660,1.);
#58680=LINE('',#58650,#58670);
#58690=CARTESIAN_POINT('',(0.406383207578478,4.2,2.74360469449599));
#58700=VERTEX_POINT('',#58690);
#58710=EDGE_CURVE('',#57130,#58700,#58680,.T.);
#58720=ORIENTED_EDGE('',*,*,#58710,.F.);
#58730=CARTESIAN_POINT('',(1.76776695296637,4.2,1.76776695296637));
#58740=DIRECTION('',(0.,-1.,0.));
#58750=DIRECTION('',(0.81276641515695,0.,-0.582589696435596));
#58760=AXIS2_PLACEMENT_3D('',#58730,#58740,#58750);
#58770=CIRCLE('',#58760,1.675);
#58780=EDGE_CURVE('',#58380,#58700,#58770,.T.);
#58790=ORIENTED_EDGE('',*,*,#58780,.T.);
#58800=EDGE_LOOP('',(#58790,#58720,#58640,#58630));
#58810=FACE_OUTER_BOUND('',#58800,.T.);
#58820=ADVANCED_FACE('',(#58810),#58620,.T.);
#58830=COLOUR_RGB('',0.831372618675232,0.850980460643768,
0.858823597431183);
#58840=FILL_AREA_STYLE_COLOUR('',#58830);
#58850=FILL_AREA_STYLE('',(#58840));
#58860=SURFACE_STYLE_FILL_AREA(#58850);
#58870=SURFACE_SIDE_STYLE('',(#58860));
#58880=SURFACE_STYLE_USAGE(.BOTH.,#58870);
#58890=PRESENTATION_STYLE_ASSIGNMENT((#58880));
#58900=CARTESIAN_POINT('',(2.220446E-15,2.,3.03489954271379));
#58910=DIRECTION('',(0.,1.,0.));
#58920=DIRECTION('',(0.812766415156951,0.,-0.582589696435595));
#58930=AXIS2_PLACEMENT_3D('',#58900,#58910,#58920);
#58940=CYLINDRICAL_SURFACE('',#58930,0.5);
#58950=ORIENTED_EDGE('',*,*,#58710,.T.);
#58960=ORIENTED_EDGE('',*,*,#57140,.F.);
#58970=CARTESIAN_POINT('',(-0.406383207578473,2.,2.74360469449599));
#58980=DIRECTION('',(0.,1.,0.));
#58990=VECTOR('',#58980,2.2);
#59000=LINE('',#58970,#58990);
#59010=CARTESIAN_POINT('',(-0.406383207578473,4.2,2.74360469449599));
#59020=VERTEX_POINT('',#59010);
#59030=EDGE_CURVE('',#57040,#59020,#59000,.T.);
#59040=ORIENTED_EDGE('',*,*,#59030,.F.);
#59050=CARTESIAN_POINT('',(2.220446E-15,4.2,3.03489954271379));
#59060=DIRECTION('',(0.,1.,0.));
#59070=DIRECTION('',(0.812766415156951,0.,-0.582589696435595));
#59080=AXIS2_PLACEMENT_3D('',#59050,#59060,#59070);
#59090=CIRCLE('',#59080,0.5);
#59100=EDGE_CURVE('',#58700,#59020,#59090,.T.);
#59110=ORIENTED_EDGE('',*,*,#59100,.T.);
#59120=EDGE_LOOP('',(#59110,#59040,#58960,#58950));
#59130=FACE_OUTER_BOUND('',#59120,.T.);
#59140=ADVANCED_FACE('',(#59130),#58940,.F.);
#59150=COLOUR_RGB('',0.831372618675232,0.850980460643768,
0.858823597431183);
#59160=FILL_AREA_STYLE_COLOUR('',#59150);
#59170=FILL_AREA_STYLE('',(#59160));
#59180=SURFACE_STYLE_FILL_AREA(#59170);
#59190=SURFACE_SIDE_STYLE('',(#59180));
#59200=SURFACE_STYLE_USAGE(.BOTH.,#59190);
#59210=PRESENTATION_STYLE_ASSIGNMENT((#59200));
#59220=CARTESIAN_POINT('',(-1.76776695296637,2.,1.76776695296637));
#59230=DIRECTION('',(0.,1.,0.));
#59240=DIRECTION('',(0.812766415156952,0.,-0.582589696435594));
#59250=AXIS2_PLACEMENT_3D('',#59220,#59230,#59240);
#59260=CYLINDRICAL_SURFACE('',#59250,1.675);
#59270=ORIENTED_EDGE('',*,*,#59030,.T.);
#59280=ORIENTED_EDGE('',*,*,#57050,.F.);
#59290=CARTESIAN_POINT('',(-3.12915069835426,2.,2.74360469449599));
#59300=DIRECTION('',(0.,1.,0.));
#59310=VECTOR('',#59300,1.);
#59320=LINE('',#59290,#59310);
#59330=CARTESIAN_POINT('',(-3.12915069835426,4.2,2.74360469449599));
#59340=VERTEX_POINT('',#59330);
#59350=EDGE_CURVE('',#56950,#59340,#59320,.T.);
#59360=ORIENTED_EDGE('',*,*,#59350,.F.);
#59370=CARTESIAN_POINT('',(-1.76776695296637,4.2,1.76776695296637));
#59380=DIRECTION('',(0.,-1.,0.));
#59390=DIRECTION('',(0.812766415156952,0.,-0.582589696435594));
#59400=AXIS2_PLACEMENT_3D('',#59370,#59380,#59390);
#59410=CIRCLE('',#59400,1.675);
#59420=EDGE_CURVE('',#59020,#59340,#59410,.T.);
#59430=ORIENTED_EDGE('',*,*,#59420,.T.);
#59440=EDGE_LOOP('',(#59430,#59360,#59280,#59270));
#59450=FACE_OUTER_BOUND('',#59440,.T.);
#59460=ADVANCED_FACE('',(#59450),#59260,.T.);
#59470=COLOUR_RGB('',0.831372618675232,0.850980460643768,
0.858823597431183);
#59480=FILL_AREA_STYLE_COLOUR('',#59470);
#59490=FILL_AREA_STYLE('',(#59480));
#59500=SURFACE_STYLE_FILL_AREA(#59490);
#59510=SURFACE_SIDE_STYLE('',(#59500));
#59520=SURFACE_STYLE_USAGE(.BOTH.,#59510);
#59530=PRESENTATION_STYLE_ASSIGNMENT((#59520));
#59540=CARTESIAN_POINT('',(-3.12915069835426,2.,2.74360469449599));
#59550=DIRECTION('',(-1.,0.,0.));
#59560=DIRECTION('',(0.,0.,1.));
#59570=AXIS2_PLACEMENT_3D('',#59540,#59550,#59560);
#59580=PLANE('',#59570);
#59590=CARTESIAN_POINT('',(-3.12915069835426,4.2,2.74360469449599));
#59600=DIRECTION('',(0.,0.,-1.));
#59610=VECTOR('',#59600,0.243675508515088);
#59620=LINE('',#59590,#59610);
#59630=EDGE_CURVE('',#59340,#47520,#59620,.T.);
#59640=ORIENTED_EDGE('',*,*,#59630,.T.);
#59650=ORIENTED_EDGE('',*,*,#59350,.T.);
#59660=ORIENTED_EDGE('',*,*,#56960,.F.);
#59670=ORIENTED_EDGE('',*,*,#47610,.T.);
#59680=EDGE_LOOP('',(#59670,#59660,#59650,#59640));
#59690=FACE_OUTER_BOUND('',#59680,.T.);
#59700=ADVANCED_FACE('',(#59690),#59580,.T.);
#59710=COLOUR_RGB('',0.831372618675232,0.850980460643768,
0.858823597431183);
#59720=FILL_AREA_STYLE_COLOUR('',#59710);
#59730=FILL_AREA_STYLE('',(#59720));
#59740=SURFACE_STYLE_FILL_AREA(#59730);
#59750=SURFACE_SIDE_STYLE('',(#59740));
#59760=SURFACE_STYLE_USAGE(.BOTH.,#59750);
#59770=PRESENTATION_STYLE_ASSIGNMENT((#59760));
#59780=CARTESIAN_POINT('',(-1.76776695296637,2.,-1.76776695296637));
#59790=DIRECTION('',(0.,1.,0.));
#59800=DIRECTION('',(-0.812766415156951,0.,0.582589696435595));
#59810=AXIS2_PLACEMENT_3D('',#59780,#59790,#59800);
#59820=CYLINDRICAL_SURFACE('',#59810,1.675);
#59830=ORIENTED_EDGE('',*,*,#56720,.F.);
#59840=ORIENTED_EDGE('',*,*,#58060,.F.);
#59850=CARTESIAN_POINT('',(-1.76776695296637,4.2,-1.76776695296637));
#59860=DIRECTION('',(0.,-1.,0.));
#59870=DIRECTION('',(-0.812766415156951,0.,0.582589696435595));
#59880=AXIS2_PLACEMENT_3D('',#59850,#59860,#59870);
#59890=CIRCLE('',#59880,1.675);
#59900=EDGE_CURVE('',#50860,#58050,#59890,.T.);
#59910=ORIENTED_EDGE('',*,*,#59900,.T.);
#59920=ORIENTED_EDGE('',*,*,#50870,.T.);
#59930=EDGE_LOOP('',(#59920,#59910,#59840,#59830));
#59940=FACE_OUTER_BOUND('',#59930,.T.);
#59950=ADVANCED_FACE('',(#59940),#59820,.T.);
#59960=COLOUR_RGB('',0.831372618675232,0.850980460643768,
0.858823597431183);
#59970=FILL_AREA_STYLE_COLOUR('',#59960);
#59980=FILL_AREA_STYLE('',(#59970));
#59990=SURFACE_STYLE_FILL_AREA(#59980);
#60000=SURFACE_SIDE_STYLE('',(#59990));
#60010=SURFACE_STYLE_USAGE(.BOTH.,#60000);
#60020=PRESENTATION_STYLE_ASSIGNMENT((#60010));
#60030=CARTESIAN_POINT('',(1.361319E-16,4.2,-7.806256E-16));
#60040=DIRECTION('',(0.,1.,0.));
#60050=DIRECTION('',(0.,0.,1.));
#60060=AXIS2_PLACEMENT_3D('',#60030,#60040,#60050);
#60070=PLANE('',#60060);
#60080=ORIENTED_EDGE('',*,*,#50930,.T.);
#60090=ORIENTED_EDGE('',*,*,#59900,.F.);
#60100=ORIENTED_EDGE('',*,*,#58150,.F.);
#60110=ORIENTED_EDGE('',*,*,#54740,.F.);
#60120=ORIENTED_EDGE('',*,*,#53840,.T.);
#60130=ORIENTED_EDGE('',*,*,#52590,.T.);
#60140=ORIENTED_EDGE('',*,*,#58450,.F.);
#60150=ORIENTED_EDGE('',*,*,#58780,.F.);
#60160=ORIENTED_EDGE('',*,*,#59100,.F.);
#60170=ORIENTED_EDGE('',*,*,#59420,.F.);
#60180=ORIENTED_EDGE('',*,*,#59630,.F.);
#60190=ORIENTED_EDGE('',*,*,#47530,.T.);
#60200=EDGE_LOOP('',(#60190,#60180,#60170,#60160,#60150,#60140,#60130,
#60120,#60110,#60100,#60090,#60080));
#60210=FACE_OUTER_BOUND('',#60200,.T.);
#60220=EDGE_CURVE('',#7130,#7360,#7430,.T.);
#60230=ORIENTED_EDGE('',*,*,#60220,.T.);
#60240=ORIENTED_EDGE('',*,*,#7440,.T.);
#60250=EDGE_LOOP('',(#60240,#60230));
#60260=FACE_BOUND('',#60250,.T.);
#60270=EDGE_CURVE('',#7660,#7890,#7960,.T.);
#60280=ORIENTED_EDGE('',*,*,#60270,.T.);
#60290=ORIENTED_EDGE('',*,*,#7970,.T.);
#60300=EDGE_LOOP('',(#60290,#60280));
#60310=FACE_BOUND('',#60300,.T.);
#60320=EDGE_CURVE('',#8190,#8420,#8490,.T.);
#60330=ORIENTED_EDGE('',*,*,#60320,.T.);
#60340=ORIENTED_EDGE('',*,*,#8500,.T.);
#60350=EDGE_LOOP('',(#60340,#60330));
#60360=FACE_BOUND('',#60350,.T.);
#60370=EDGE_CURVE('',#6800,#6710,#6780,.T.);
#60380=ORIENTED_EDGE('',*,*,#60370,.T.);
#60390=ORIENTED_EDGE('',*,*,#6810,.T.);
#60400=EDGE_LOOP('',(#60390,#60380));
#60410=FACE_BOUND('',#60400,.T.);
#60420=ORIENTED_EDGE('',*,*,#4760,.T.);
#60430=EDGE_CURVE('',#4750,#4660,#4730,.T.);
#60440=ORIENTED_EDGE('',*,*,#60430,.T.);
#60450=EDGE_LOOP('',(#60440,#60420));
#60460=FACE_BOUND('',#60450,.T.);
#60470=ADVANCED_FACE('',(#60210,#60260,#60310,#60360,#60410,#60460),
#60070,.T.);
#60480=COLOUR_RGB('',0.831372618675232,0.850980460643768,
0.858823597431183);
#60490=FILL_AREA_STYLE_COLOUR('',#60480);
#60500=FILL_AREA_STYLE('',(#60490));
#60510=SURFACE_STYLE_FILL_AREA(#60500);
#60520=SURFACE_SIDE_STYLE('',(#60510));
#60530=SURFACE_STYLE_USAGE(.BOTH.,#60520);
#60540=PRESENTATION_STYLE_ASSIGNMENT((#60530));
#60550=CARTESIAN_POINT('',(0.,0.,0.));
#60560=DIRECTION('',(0.,1.,0.));
#60570=DIRECTION('',(-0.678571428571429,0.,0.734534421471541));
#60580=AXIS2_PLACEMENT_3D('',#60550,#60560,#60570);
#60590=CYLINDRICAL_SURFACE('',#60580,7.);
#60600=ORIENTED_EDGE('',*,*,#22460,.T.);
#60610=ORIENTED_EDGE('',*,*,#49090,.F.);
#60620=ORIENTED_EDGE('',*,*,#48110,.F.);
#60630=ORIENTED_EDGE('',*,*,#57380,.T.);
#60640=EDGE_LOOP('',(#60630,#60620,#60610,#60600));
#60650=FACE_OUTER_BOUND('',#60640,.T.);
#60660=ADVANCED_FACE('',(#60650),#60590,.T.);
#60670=COLOUR_RGB('',0.831372618675232,0.850980460643768,
0.858823597431183);
#60680=FILL_AREA_STYLE_COLOUR('',#60670);
#60690=FILL_AREA_STYLE('',(#60680));
#60700=SURFACE_STYLE_FILL_AREA(#60690);
#60710=SURFACE_SIDE_STYLE('',(#60700));
#60720=SURFACE_STYLE_USAGE(.BOTH.,#60710);
#60730=PRESENTATION_STYLE_ASSIGNMENT((#60720));
#60740=CARTESIAN_POINT('',(-2.5,0.,-8.5));
#60750=DIRECTION('',(1.,-0.,0.));
#60760=DIRECTION('',(0.,0.,-1.));
#60770=AXIS2_PLACEMENT_3D('',#60740,#60750,#60760);
#60780=PLANE('',#60770);
#60790=ORIENTED_EDGE('',*,*,#54440,.T.);
#60800=ORIENTED_EDGE('',*,*,#34700,.T.);
#60810=ORIENTED_EDGE('',*,*,#34260,.T.);
#60820=ORIENTED_EDGE('',*,*,#55910,.F.);
#60830=ORIENTED_EDGE('',*,*,#57620,.T.);
#60840=EDGE_LOOP('',(#60830,#60820,#60810,#60800,#60790));
#60850=FACE_OUTER_BOUND('',#60840,.T.);
#60860=ADVANCED_FACE('',(#60850),#60780,.T.);
#60870=COLOUR_RGB('',0.831372618675232,0.850980460643768,
0.858823597431183);
#60880=FILL_AREA_STYLE_COLOUR('',#60870);
#60890=FILL_AREA_STYLE('',(#60880));
#60900=SURFACE_STYLE_FILL_AREA(#60890);
#60910=SURFACE_SIDE_STYLE('',(#60900));
#60920=SURFACE_STYLE_USAGE(.BOTH.,#60910);
#60930=PRESENTATION_STYLE_ASSIGNMENT((#60920));
#60940=CARTESIAN_POINT('',(2.5,0.,-7.7));
#60950=DIRECTION('',(-1.,0.,0.));
#60960=DIRECTION('',(0.,0.,1.));
#60970=AXIS2_PLACEMENT_3D('',#60940,#60950,#60960);
#60980=PLANE('',#60970);
#60990=ORIENTED_EDGE('',*,*,#56000,.T.);
#61000=ORIENTED_EDGE('',*,*,#34950,.F.);
#61010=ORIENTED_EDGE('',*,*,#36230,.T.);
#61020=ORIENTED_EDGE('',*,*,#20550,.F.);
#61030=ORIENTED_EDGE('',*,*,#56360,.T.);
#61040=EDGE_LOOP('',(#61030,#61020,#61010,#61000,#60990));
#61050=FACE_OUTER_BOUND('',#61040,.T.);
#61060=ADVANCED_FACE('',(#61050),#60980,.T.);
#61070=COLOUR_RGB('',0.831372618675232,0.850980460643768,
0.858823597431183);
#61080=FILL_AREA_STYLE_COLOUR('',#61070);
#61090=FILL_AREA_STYLE('',(#61080));
#61100=SURFACE_STYLE_FILL_AREA(#61090);
#61110=SURFACE_SIDE_STYLE('',(#61100));
#61120=SURFACE_STYLE_USAGE(.BOTH.,#61110);
#61130=PRESENTATION_STYLE_ASSIGNMENT((#61120));
#61140=CARTESIAN_POINT('',(-4.92487145907687,5.44,-6.67512854092309));
#61150=DIRECTION('',(-1.02892882580434E-16,1.,3.58849954977109E-17));
#61160=DIRECTION('',(-1.,-1.02892882580434E-16,1.11022302462516E-16));
#61170=AXIS2_PLACEMENT_3D('',#61140,#61150,#61160);
#61180=CYLINDRICAL_SURFACE('',#61170,0.100127970923361);
#61190=ORIENTED_EDGE('',*,*,#52110,.T.);
#61200=CARTESIAN_POINT('',(-5.02499943000023,5.44,-6.67512854092309));
#61210=DIRECTION('',(-1.02892882580434E-16,1.,3.58849954977109E-17));
#61220=VECTOR('',#61210,0.5);
#61230=LINE('',#61200,#61220);
#61240=CARTESIAN_POINT('',(-5.02499943000023,7.95,-6.67512854092309));
#61250=VERTEX_POINT('',#61240);
#61260=EDGE_CURVE('',#61250,#52010,#61230,.T.);
#61270=ORIENTED_EDGE('',*,*,#61260,.T.);
#61280=CARTESIAN_POINT('',(-4.92487145907687,7.95,-6.67512854092309));
#61290=DIRECTION('',(-1.02892882580434E-16,1.,3.58849954977109E-17));
#61300=DIRECTION('',(-1.,-1.02892882580434E-16,1.11022302462516E-16));
#61310=AXIS2_PLACEMENT_3D('',#61280,#61290,#61300);
#61320=CIRCLE('',#61310,0.100127970923361);
#61330=CARTESIAN_POINT('',(-4.92487145907687,7.95,-6.57500056999977));
#61340=VERTEX_POINT('',#61330);
#61350=EDGE_CURVE('',#61250,#61340,#61320,.T.);
#61360=ORIENTED_EDGE('',*,*,#61350,.F.);
#61370=CARTESIAN_POINT('',(-4.92487145907687,5.44,-6.57500056999977));
#61380=DIRECTION('',(1.02892882580434E-16,-1.,-3.58849954977109E-17));
#61390=VECTOR('',#61380,0.5);
#61400=LINE('',#61370,#61390);
#61410=EDGE_CURVE('',#52100,#61340,#61400,.T.);
#61420=ORIENTED_EDGE('',*,*,#61410,.T.);
#61430=EDGE_LOOP('',(#61420,#61360,#61270,#61190));
#61440=FACE_OUTER_BOUND('',#61430,.T.);
#61450=ADVANCED_FACE('',(#61440),#61180,.F.);
#61460=COLOUR_RGB('',0.831372618675232,0.850980460643768,
0.858823597431183);
#61470=FILL_AREA_STYLE_COLOUR('',#61460);
#61480=FILL_AREA_STYLE('',(#61470));
#61490=SURFACE_STYLE_FILL_AREA(#61480);
#61500=SURFACE_SIDE_STYLE('',(#61490));
#61510=SURFACE_STYLE_USAGE(.BOTH.,#61500);
#61520=PRESENTATION_STYLE_ASSIGNMENT((#61510));
#61530=CARTESIAN_POINT('',(-4.28630048910987,8.,-7.18119157513063));
#61540=DIRECTION('',(-1.02892882580434E-16,1.,3.58849954977109E-17));
#61550=DIRECTION('',(-1.,-1.02892882580434E-16,1.11022302462516E-16));
#61560=AXIS2_PLACEMENT_3D('',#61530,#61540,#61550);
#61570=CIRCLE('',#61560,0.216943937000546);
#61580=CARTESIAN_POINT('',(-4.19159034112976,8.,-6.98601304231803));
#61590=VERTEX_POINT('',#61580);
#61600=CARTESIAN_POINT('',(-4.06935655210933,8.,-7.18119157513063));
#61610=VERTEX_POINT('',#61600);
#61620=EDGE_CURVE('',#61590,#61610,#61570,.T.);
#61630=ORIENTED_EDGE('',*,*,#61620,.F.);
#61640=CARTESIAN_POINT('',(-4.19159034112975,8.,-7.37637010794323));
#61650=VERTEX_POINT('',#61640);
#61660=EDGE_CURVE('',#61610,#61650,#61570,.T.);
#61670=ORIENTED_EDGE('',*,*,#61660,.F.);
#61680=CARTESIAN_POINT('',(-4.15880605913667,8.,-7.44393190776294));
#61690=DIRECTION('',(-1.02892882580434E-16,1.,3.58849954977109E-17));
#61700=DIRECTION('',(-1.,-1.02892882580434E-16,1.11022302462516E-16));
#61710=AXIS2_PLACEMENT_3D('',#61680,#61690,#61700);
#61720=CIRCLE('',#61710,0.0750959781924263);
#61730=CARTESIAN_POINT('',(-4.23390203732909,8.,-7.44393190776294));
#61740=VERTEX_POINT('',#61730);
#61750=EDGE_CURVE('',#61740,#61650,#61720,.T.);
#61760=ORIENTED_EDGE('',*,*,#61750,.T.);
#61770=CARTESIAN_POINT('',(-4.23390203732909,8.,0.));
#61780=DIRECTION('',(-1.11022302462516E-16,0.,-1.));
#61790=VECTOR('',#61780,1.);
#61800=LINE('',#61770,#61790);
#61810=CARTESIAN_POINT('',(-4.23390203732916,8.,-7.77052503361959));
#61820=VERTEX_POINT('',#61810);
#61830=EDGE_CURVE('',#61740,#61820,#61800,.T.);
#61840=ORIENTED_EDGE('',*,*,#61830,.F.);
#61850=CARTESIAN_POINT('',(-4.15880605913667,8.,-7.77052503361959));
#61860=DIRECTION('',(-1.02892882580434E-16,1.,3.58849954977109E-17));
#61870=DIRECTION('',(-1.,-1.02892882580434E-16,1.11022302462516E-16));
#61880=AXIS2_PLACEMENT_3D('',#61850,#61860,#61870);
#61890=CIRCLE('',#61880,0.0750959781924921);
#61900=CARTESIAN_POINT('',(-4.15880605913667,8.,-7.84562101181208));
#61910=VERTEX_POINT('',#61900);
#61920=EDGE_CURVE('',#61910,#61820,#61890,.T.);
#61930=ORIENTED_EDGE('',*,*,#61920,.T.);
#61940=CARTESIAN_POINT('',(0.,8.,-7.84562101181208));
#61950=DIRECTION('',(1.,0.,-1.11022302462516E-16));
#61960=VECTOR('',#61950,1.);
#61970=LINE('',#61940,#61960);
#61980=CARTESIAN_POINT('',(-3.83741194949479,8.,-7.84562101181211));
#61990=VERTEX_POINT('',#61980);
#62000=EDGE_CURVE('',#61910,#61990,#61970,.T.);
#62010=ORIENTED_EDGE('',*,*,#62000,.F.);
#62020=CARTESIAN_POINT('',(-3.83741194949479,8.,-7.77052503361959));
#62030=DIRECTION('',(-1.02892882580434E-16,1.,3.58849954977109E-17));
#62040=DIRECTION('',(-1.,-1.02892882580434E-16,1.11022302462516E-16));
#62050=AXIS2_PLACEMENT_3D('',#62020,#62030,#62040);
#62060=CIRCLE('',#62050,0.0750959781925208);
#62070=CARTESIAN_POINT('',(-3.76231597130226,8.,-7.77052503361959));
#62080=VERTEX_POINT('',#62070);
#62090=EDGE_CURVE('',#62080,#61990,#62060,.T.);
#62100=ORIENTED_EDGE('',*,*,#62090,.T.);
#62110=CARTESIAN_POINT('',(-3.76231597130226,8.,0.));
#62120=DIRECTION('',(1.11022302462516E-16,0.,1.));
#62130=VECTOR('',#62120,1.);
#62140=LINE('',#62110,#62130);
#62150=CARTESIAN_POINT('',(-3.76231597130229,8.,-6.80447553637646));
#62160=VERTEX_POINT('',#62150);
#62170=EDGE_CURVE('',#62080,#62160,#62140,.T.);
#62180=ORIENTED_EDGE('',*,*,#62170,.F.);
#62190=CARTESIAN_POINT('',(-3.83741194949479,8.,-6.80447553637646));
#62200=DIRECTION('',(-1.02892882580434E-16,1.,3.58849954977109E-17));
#62210=DIRECTION('',(-1.,-1.02892882580434E-16,1.11022302462516E-16));
#62220=AXIS2_PLACEMENT_3D('',#62190,#62200,#62210);
#62230=CIRCLE('',#62220,0.0750959781924929);
#62240=CARTESIAN_POINT('',(-3.83741194949479,8.,-6.72937955818397));
#62250=VERTEX_POINT('',#62240);
#62260=EDGE_CURVE('',#62250,#62160,#62230,.T.);
#62270=ORIENTED_EDGE('',*,*,#62260,.T.);
#62280=CARTESIAN_POINT('',(0.,8.,-6.72937955818386));
#62290=DIRECTION('',(-1.,0.,-2.87677296560721E-14));
#62300=VECTOR('',#62290,1.);
#62310=LINE('',#62280,#62300);
#62320=CARTESIAN_POINT('',(-4.15880605913667,8.,-6.72937955818389));
#62330=VERTEX_POINT('',#62320);
#62340=EDGE_CURVE('',#62250,#62330,#62310,.T.);
#62350=ORIENTED_EDGE('',*,*,#62340,.F.);
#62360=CARTESIAN_POINT('',(-4.15880605913667,8.,-6.80447553637647));
#62370=DIRECTION('',(-1.02892882580434E-16,1.,3.58849954977109E-17));
#62380=DIRECTION('',(-1.,-1.02892882580434E-16,1.11022302462516E-16));
#62390=AXIS2_PLACEMENT_3D('',#62360,#62370,#62380);
#62400=CIRCLE('',#62390,0.0750959781925748);
#62410=CARTESIAN_POINT('',(-4.23390203732924,8.,-6.80447553637647));
#62420=VERTEX_POINT('',#62410);
#62430=EDGE_CURVE('',#62420,#62330,#62400,.T.);
#62440=ORIENTED_EDGE('',*,*,#62430,.T.);
#62450=CARTESIAN_POINT('',(-4.23390203732924,8.,0.));
#62460=DIRECTION('',(-1.11022302462516E-16,0.,-1.));
#62470=VECTOR('',#62460,1.);
#62480=LINE('',#62450,#62470);
#62490=CARTESIAN_POINT('',(-4.23390203732915,8.,-6.91845124249828));
#62500=VERTEX_POINT('',#62490);
#62510=EDGE_CURVE('',#62420,#62500,#62480,.T.);
#62520=ORIENTED_EDGE('',*,*,#62510,.F.);
#62530=CARTESIAN_POINT('',(-4.15880605913667,8.,-6.91845124249828));
#62540=DIRECTION('',(-1.02892882580434E-16,1.,3.58849954977109E-17));
#62550=DIRECTION('',(-1.,-1.02892882580434E-16,1.11022302462516E-16));
#62560=AXIS2_PLACEMENT_3D('',#62530,#62540,#62550);
#62570=CIRCLE('',#62560,0.0750959781924836);
#62580=EDGE_CURVE('',#61590,#62500,#62570,.T.);
#62590=ORIENTED_EDGE('',*,*,#62580,.T.);
#62600=EDGE_LOOP('',(#62590,#62520,#62440,#62350,#62270,#62180,#62100,
#62010,#61930,#61840,#61760,#61670,#61630));
#62610=FACE_OUTER_BOUND('',#62600,.T.);
#62620=ADVANCED_FACE('',(#62610),#51320,.T.);
#62630=COLOUR_RGB('',0.831372618675232,0.850980460643768,
0.858823597431183);
#62640=FILL_AREA_STYLE_COLOUR('',#62630);
#62650=FILL_AREA_STYLE('',(#62640));
#62660=SURFACE_STYLE_FILL_AREA(#62650);
#62670=SURFACE_SIDE_STYLE('',(#62660));
#62680=SURFACE_STYLE_USAGE(.BOTH.,#62670);
#62690=PRESENTATION_STYLE_ASSIGNMENT((#62680));
#62700=CARTESIAN_POINT('',(-4.41379491908311,8.,-6.91845124249828));
#62710=DIRECTION('',(-1.02892882580434E-16,1.,3.58849954977109E-17));
#62720=DIRECTION('',(-1.,-1.02892882580434E-16,1.11022302462516E-16));
#62730=AXIS2_PLACEMENT_3D('',#62700,#62710,#62720);
#62740=CIRCLE('',#62730,0.0750959781925613);
#62750=CARTESIAN_POINT('',(-4.33869894089055,8.,-6.91845124249828));
#62760=VERTEX_POINT('',#62750);
#62770=CARTESIAN_POINT('',(-4.38101063708996,8.,-6.98601304231808));
#62780=VERTEX_POINT('',#62770);
#62790=EDGE_CURVE('',#62760,#62780,#62740,.T.);
#62800=ORIENTED_EDGE('',*,*,#62790,.T.);
#62810=CARTESIAN_POINT('',(-4.33869894089055,8.,0.));
#62820=DIRECTION('',(1.11022302462516E-16,0.,1.));
#62830=VECTOR('',#62820,1.);
#62840=LINE('',#62810,#62830);
#62850=CARTESIAN_POINT('',(-4.33869894089062,8.,-6.80447553637647));
#62860=VERTEX_POINT('',#62850);
#62870=EDGE_CURVE('',#62760,#62860,#62840,.T.);
#62880=ORIENTED_EDGE('',*,*,#62870,.F.);
#62890=CARTESIAN_POINT('',(-4.41379491908311,8.,-6.80447553637647));
#62900=DIRECTION('',(-1.02892882580434E-16,1.,3.58849954977109E-17));
#62910=DIRECTION('',(-1.,-1.02892882580434E-16,1.11022302462516E-16));
#62920=AXIS2_PLACEMENT_3D('',#62890,#62900,#62910);
#62930=CIRCLE('',#62920,0.0750959781924929);
#62940=CARTESIAN_POINT('',(-4.41553530646303,8.,-6.72939972807276));
#62950=VERTEX_POINT('',#62940);
#62960=EDGE_CURVE('',#62950,#62860,#62930,.T.);
#62970=ORIENTED_EDGE('',*,*,#62960,.T.);
#62980=CARTESIAN_POINT('',(-4.41980445034096,8.,-7.18119157513063));
#62990=DIRECTION('',(-1.02892882580434E-16,1.,3.58849954977109E-17));
#63000=DIRECTION('',(-1.,-1.02892882580434E-16,1.11022302462516E-16));
#63010=AXIS2_PLACEMENT_3D('',#62980,#62990,#63000);
#63020=CIRCLE('',#63010,0.451812016946663);
#63030=CARTESIAN_POINT('',(-4.87161646728762,8.,-7.18119157513063));
#63040=VERTEX_POINT('',#63030);
#63050=EDGE_CURVE('',#63040,#62950,#63020,.T.);
#63060=ORIENTED_EDGE('',*,*,#63050,.T.);
#63070=CARTESIAN_POINT('',(-4.41553530646256,8.,-7.63298342218849));
#63080=VERTEX_POINT('',#63070);
#63090=EDGE_CURVE('',#63080,#63040,#63020,.T.);
#63100=ORIENTED_EDGE('',*,*,#63090,.T.);
#63110=CARTESIAN_POINT('',(-4.41379491908311,8.,-7.5579076138848));
#63120=DIRECTION('',(-1.02892882580434E-16,1.,3.58849954977109E-17));
#63130=DIRECTION('',(-1.,-1.02892882580434E-16,1.11022302462516E-16));
#63140=AXIS2_PLACEMENT_3D('',#63110,#63120,#63130);
#63150=CIRCLE('',#63140,0.0750959781924668);
#63160=CARTESIAN_POINT('',(-4.33869894089065,8.,-7.5579076138848));
#63170=VERTEX_POINT('',#63160);
#63180=EDGE_CURVE('',#63170,#63080,#63150,.T.);
#63190=ORIENTED_EDGE('',*,*,#63180,.T.);
#63200=CARTESIAN_POINT('',(-4.33869894089065,8.,0.));
#63210=DIRECTION('',(1.11022302462516E-16,0.,1.));
#63220=VECTOR('',#63210,1.);
#63230=LINE('',#63200,#63220);
#63240=CARTESIAN_POINT('',(-4.33869894089062,8.,-7.44393190776294));
#63250=VERTEX_POINT('',#63240);
#63260=EDGE_CURVE('',#63170,#63250,#63230,.T.);
#63270=ORIENTED_EDGE('',*,*,#63260,.F.);
#63280=CARTESIAN_POINT('',(-4.41379491908311,8.,-7.44393190776294));
#63290=DIRECTION('',(-1.02892882580434E-16,1.,3.58849954977109E-17));
#63300=DIRECTION('',(-1.,-1.02892882580434E-16,1.11022302462516E-16));
#63310=AXIS2_PLACEMENT_3D('',#63280,#63290,#63300);
#63320=CIRCLE('',#63310,0.0750959781924929);
#63330=CARTESIAN_POINT('',(-4.38101063708998,8.,-7.37637010794321));
#63340=VERTEX_POINT('',#63330);
#63350=EDGE_CURVE('',#63340,#63250,#63320,.T.);
#63360=ORIENTED_EDGE('',*,*,#63350,.T.);
#63370=CARTESIAN_POINT('',(-4.28630048910987,8.,-7.18119157513063));
#63380=DIRECTION('',(-1.02892882580434E-16,1.,3.58849954977109E-17));
#63390=DIRECTION('',(-1.,-1.02892882580434E-16,1.11022302462516E-16));
#63400=AXIS2_PLACEMENT_3D('',#63370,#63380,#63390);
#63410=CIRCLE('',#63400,0.21694393700052);
#63420=CARTESIAN_POINT('',(-4.50324442611039,8.,-7.18119157513063));
#63430=VERTEX_POINT('',#63420);
#63440=EDGE_CURVE('',#63340,#63430,#63410,.T.);
#63450=ORIENTED_EDGE('',*,*,#63440,.F.);
#63460=EDGE_CURVE('',#63430,#62780,#63410,.T.);
#63470=ORIENTED_EDGE('',*,*,#63460,.F.);
#63480=EDGE_LOOP('',(#63470,#63450,#63360,#63270,#63190,#63100,#63060,
#62970,#62880,#62800));
#63490=FACE_OUTER_BOUND('',#63480,.T.);
#63500=ADVANCED_FACE('',(#63490),#51320,.T.);
#63510=COLOUR_RGB('',0.831372618675232,0.850980460643768,
0.858823597431183);
#63520=FILL_AREA_STYLE_COLOUR('',#63510);
#63530=FILL_AREA_STYLE('',(#63520));
#63540=SURFACE_STYLE_FILL_AREA(#63530);
#63550=SURFACE_SIDE_STYLE('',(#63540));
#63560=SURFACE_STYLE_USAGE(.BOTH.,#63550);
#63570=PRESENTATION_STYLE_ASSIGNMENT((#63560));
#63580=CARTESIAN_POINT('',(-4.28630048910987,8.,-7.18119157513063));
#63590=DIRECTION('',(-1.02892882580434E-16,1.,3.58849954977109E-17));
#63600=DIRECTION('',(-1.,-1.02892882580434E-16,1.11022302462516E-16));
#63610=AXIS2_PLACEMENT_3D('',#63580,#63590,#63600);
#63620=CIRCLE('',#63610,0.10847196850029);
#63630=CARTESIAN_POINT('',(-4.39477245761016,8.,-7.18119157513063));
#63640=VERTEX_POINT('',#63630);
#63650=CARTESIAN_POINT('',(-4.17782852060958,8.,-7.18119157513063));
#63660=VERTEX_POINT('',#63650);
#63670=EDGE_CURVE('',#63640,#63660,#63620,.T.);
#63680=ORIENTED_EDGE('',*,*,#63670,.T.);
#63690=EDGE_CURVE('',#63660,#63640,#63620,.T.);
#63700=ORIENTED_EDGE('',*,*,#63690,.T.);
#63710=EDGE_LOOP('',(#63700,#63680));
#63720=FACE_OUTER_BOUND('',#63710,.T.);
#63730=ADVANCED_FACE('',(#63720),#51320,.T.);
#63740=COLOUR_RGB('',0.831372618675232,0.850980460643768,
0.858823597431183);
#63750=FILL_AREA_STYLE_COLOUR('',#63740);
#63760=FILL_AREA_STYLE('',(#63750));
#63770=SURFACE_STYLE_FILL_AREA(#63760);
#63780=SURFACE_SIDE_STYLE('',(#63770));
#63790=SURFACE_STYLE_USAGE(.BOTH.,#63780);
#63800=PRESENTATION_STYLE_ASSIGNMENT((#63790));
#63810=CARTESIAN_POINT('',(-3.70012797092336,5.44,-6.67512854092309));
#63820=DIRECTION('',(-1.02892882580434E-16,1.,3.58849954977109E-17));
#63830=DIRECTION('',(-1.,-1.02892882580434E-16,1.11022302462516E-16));
#63840=AXIS2_PLACEMENT_3D('',#63810,#63820,#63830);
#63850=CYLINDRICAL_SURFACE('',#63840,0.100127970923324);
#63860=ORIENTED_EDGE('',*,*,#51600,.T.);
#63870=CARTESIAN_POINT('',(-3.70012797092336,5.44,-6.57500056999977));
#63880=DIRECTION('',(1.02892882580434E-16,-1.,-3.58849954977109E-17));
#63890=VECTOR('',#63880,0.5);
#63900=LINE('',#63870,#63890);
#63910=CARTESIAN_POINT('',(-3.70012797092336,7.95,-6.57500056999977));
#63920=VERTEX_POINT('',#63910);
#63930=EDGE_CURVE('',#51570,#63920,#63900,.T.);
#63940=ORIENTED_EDGE('',*,*,#63930,.F.);
#63950=CARTESIAN_POINT('',(-3.70012797092336,7.95,-6.67512854092309));
#63960=DIRECTION('',(-1.02892882580434E-16,1.,3.58849954977109E-17));
#63970=DIRECTION('',(-1.,-1.02892882580434E-16,1.11022302462516E-16));
#63980=AXIS2_PLACEMENT_3D('',#63950,#63960,#63970);
#63990=CIRCLE('',#63980,0.100127970923324);
#64000=CARTESIAN_POINT('',(-3.60000000000004,7.95,-6.67512854092309));
#64010=VERTEX_POINT('',#64000);
#64020=EDGE_CURVE('',#63920,#64010,#63990,.T.);
#64030=ORIENTED_EDGE('',*,*,#64020,.F.);
#64040=CARTESIAN_POINT('',(-3.60000000000004,5.44,-6.67512854092309));
#64050=DIRECTION('',(-1.02892882580434E-16,1.,3.58849954977109E-17));
#64060=VECTOR('',#64050,0.5);
#64070=LINE('',#64040,#64060);
#64080=EDGE_CURVE('',#64010,#51590,#64070,.T.);
#64090=ORIENTED_EDGE('',*,*,#64080,.F.);
#64100=EDGE_LOOP('',(#64090,#64030,#63940,#63860));
#64110=FACE_OUTER_BOUND('',#64100,.T.);
#64120=ADVANCED_FACE('',(#64110),#63850,.F.);
#64130=COLOUR_RGB('',0.831372618675232,0.850980460643768,
0.858823597431183);
#64140=FILL_AREA_STYLE_COLOUR('',#64130);
#64150=FILL_AREA_STYLE('',(#64140));
#64160=SURFACE_STYLE_FILL_AREA(#64150);
#64170=SURFACE_SIDE_STYLE('',(#64160));
#64180=SURFACE_STYLE_USAGE(.BOTH.,#64170);
#64190=PRESENTATION_STYLE_ASSIGNMENT((#64180));
#64200=CARTESIAN_POINT('',(-4.92487145907687,5.44,-6.57500056999977));
#64210=DIRECTION('',(1.11022302462516E-16,-3.58849954977109E-17,1.));
#64220=DIRECTION('',(-1.,-1.02892882580434E-16,1.11022302462516E-16));
#64230=AXIS2_PLACEMENT_3D('',#64200,#64210,#64220);
#64240=PLANE('',#64230);
#64250=ORIENTED_EDGE('',*,*,#52170,.T.);
#64260=ORIENTED_EDGE('',*,*,#61410,.F.);
#64270=CARTESIAN_POINT('',(-23.588335620366,7.95,-6.57500056999977));
#64280=DIRECTION('',(-1.,-1.02892882580434E-16,1.11022302462516E-16));
#64290=VECTOR('',#64280,0.5);
#64300=LINE('',#64270,#64290);
#64310=EDGE_CURVE('',#63920,#61340,#64300,.T.);
#64320=ORIENTED_EDGE('',*,*,#64310,.T.);
#64330=ORIENTED_EDGE('',*,*,#63930,.T.);
#64340=EDGE_LOOP('',(#64330,#64320,#64260,#64250));
#64350=FACE_OUTER_BOUND('',#64340,.T.);
#64360=ADVANCED_FACE('',(#64350),#64240,.F.);
#64370=COLOUR_RGB('',0.831372618675232,0.850980460643768,
0.858823597431183);
#64380=FILL_AREA_STYLE_COLOUR('',#64370);
#64390=FILL_AREA_STYLE('',(#64380));
#64400=SURFACE_STYLE_FILL_AREA(#64390);
#64410=SURFACE_SIDE_STYLE('',(#64400));
#64420=SURFACE_STYLE_USAGE(.BOTH.,#64410);
#64430=PRESENTATION_STYLE_ASSIGNMENT((#64420));
#64440=CARTESIAN_POINT('',(-5.02499943000023,5.44,-7.89987202907667));
#64450=DIRECTION('',(-1.,-1.02892882580434E-16,1.11022302462516E-16));
#64460=DIRECTION('',(-1.11022302462516E-16,3.58849954977109E-17,-1.));
#64470=AXIS2_PLACEMENT_3D('',#64440,#64450,#64460);
#64480=PLANE('',#64470);
#64490=ORIENTED_EDGE('',*,*,#52020,.T.);
#64500=CARTESIAN_POINT('',(-5.02499943000019,5.44,-7.89987202907667));
#64510=DIRECTION('',(-1.02892882580434E-16,1.,3.58849954977109E-17));
#64520=VECTOR('',#64510,0.5);
#64530=LINE('',#64500,#64520);
#64540=CARTESIAN_POINT('',(-5.02499943000019,7.95,-7.89987202907667));
#64550=VERTEX_POINT('',#64540);
#64560=EDGE_CURVE('',#64550,#51930,#64530,.T.);
#64570=ORIENTED_EDGE('',*,*,#64560,.T.);
#64580=CARTESIAN_POINT('',(-5.02499943000023,7.95,-27.1363654133152));
#64590=DIRECTION('',(1.11022302462516E-16,-3.58849954977109E-17,1.));
#64600=VECTOR('',#64590,0.5);
#64610=LINE('',#64580,#64600);
#64620=EDGE_CURVE('',#64550,#61250,#64610,.T.);
#64630=ORIENTED_EDGE('',*,*,#64620,.F.);
#64640=ORIENTED_EDGE('',*,*,#61260,.F.);
#64650=EDGE_LOOP('',(#64640,#64630,#64570,#64490));
#64660=FACE_OUTER_BOUND('',#64650,.T.);
#64670=ADVANCED_FACE('',(#64660),#64480,.F.);
#64680=COLOUR_RGB('',0.831372618675232,0.850980460643768,
0.858823597431183);
#64690=FILL_AREA_STYLE_COLOUR('',#64680);
#64700=FILL_AREA_STYLE('',(#64690));
#64710=SURFACE_STYLE_FILL_AREA(#64700);
#64720=SURFACE_SIDE_STYLE('',(#64710));
#64730=SURFACE_STYLE_USAGE(.BOTH.,#64720);
#64740=PRESENTATION_STYLE_ASSIGNMENT((#64730));
#64750=CARTESIAN_POINT('',(-4.24338608337378,7.95,-7.87013449772824));
#64760=DIRECTION('',(-1.02892882580434E-16,1.,3.58849954977109E-17));
#64770=DIRECTION('',(-1.,-1.02892882580434E-16,1.11022302462516E-16));
#64780=AXIS2_PLACEMENT_3D('',#64750,#64760,#64770);
#64790=PLANE('',#64780);
#64800=CARTESIAN_POINT('',(-4.28630048910987,7.95,-7.18119157513063));
#64810=DIRECTION('',(-1.02892882580434E-16,1.,3.58849954977109E-17));
#64820=DIRECTION('',(-1.,-1.02892882580434E-16,1.11022302462516E-16));
#64830=AXIS2_PLACEMENT_3D('',#64800,#64810,#64820);
#64840=CIRCLE('',#64830,0.10847196850029);
#64850=CARTESIAN_POINT('',(-4.39477245761016,7.95,-7.18119157513063));
#64860=VERTEX_POINT('',#64850);
#64870=CARTESIAN_POINT('',(-4.17782852060958,7.95,-7.18119157513063));
#64880=VERTEX_POINT('',#64870);
#64890=EDGE_CURVE('',#64860,#64880,#64840,.T.);
#64900=ORIENTED_EDGE('',*,*,#64890,.F.);
#64910=EDGE_CURVE('',#64880,#64860,#64840,.T.);
#64920=ORIENTED_EDGE('',*,*,#64910,.F.);
#64930=EDGE_LOOP('',(#64920,#64900));
#64940=FACE_BOUND('',#64930,.T.);
#64950=CARTESIAN_POINT('',(-4.41379491908312,7.95,-7.5579076138848));
#64960=DIRECTION('',(-1.02892882580434E-16,1.,3.58849954977109E-17));
#64970=DIRECTION('',(-1.,-1.02892882580434E-16,1.11022302462516E-16));
#64980=AXIS2_PLACEMENT_3D('',#64950,#64960,#64970);
#64990=CIRCLE('',#64980,0.0750959781924668);
#65000=CARTESIAN_POINT('',(-4.33869894089065,7.95,-7.5579076138848));
#65010=VERTEX_POINT('',#65000);
#65020=CARTESIAN_POINT('',(-4.41553530646256,7.95,-7.63298342218849));
#65030=VERTEX_POINT('',#65020);
#65040=EDGE_CURVE('',#65010,#65030,#64990,.T.);
#65050=ORIENTED_EDGE('',*,*,#65040,.F.);
#65060=CARTESIAN_POINT('',(-4.41980445034096,7.95,-7.18119157513063));
#65070=DIRECTION('',(-1.02892882580434E-16,1.,3.58849954977109E-17));
#65080=DIRECTION('',(-1.,-1.02892882580434E-16,1.11022302462516E-16));
#65090=AXIS2_PLACEMENT_3D('',#65060,#65070,#65080);
#65100=CIRCLE('',#65090,0.451812016946663);
#65110=CARTESIAN_POINT('',(-4.87161646728762,7.95,-7.18119157513063));
#65120=VERTEX_POINT('',#65110);
#65130=EDGE_CURVE('',#65030,#65120,#65100,.T.);
#65140=ORIENTED_EDGE('',*,*,#65130,.F.);
#65150=CARTESIAN_POINT('',(-4.41553530646303,7.95,-6.72939972807276));
#65160=VERTEX_POINT('',#65150);
#65170=EDGE_CURVE('',#65120,#65160,#65100,.T.);
#65180=ORIENTED_EDGE('',*,*,#65170,.F.);
#65190=CARTESIAN_POINT('',(-4.41379491908312,7.95,-6.80447553637647));
#65200=DIRECTION('',(-1.02892882580434E-16,1.,3.58849954977109E-17));
#65210=DIRECTION('',(-1.,-1.02892882580434E-16,1.11022302462516E-16));
#65220=AXIS2_PLACEMENT_3D('',#65190,#65200,#65210);
#65230=CIRCLE('',#65220,0.0750959781924929);
#65240=CARTESIAN_POINT('',(-4.33869894089062,7.95,-6.80447553637647));
#65250=VERTEX_POINT('',#65240);
#65260=EDGE_CURVE('',#65160,#65250,#65230,.T.);
#65270=ORIENTED_EDGE('',*,*,#65260,.F.);
#65280=CARTESIAN_POINT('',(-4.33869894089056,7.95,-27.1363654133152));
#65290=DIRECTION('',(-1.11022302462516E-16,3.58849954977109E-17,-1.));
#65300=VECTOR('',#65290,0.5);
#65310=LINE('',#65280,#65300);
#65320=CARTESIAN_POINT('',(-4.33869894089055,7.95,-6.91845124249828));
#65330=VERTEX_POINT('',#65320);
#65340=EDGE_CURVE('',#65250,#65330,#65310,.T.);
#65350=ORIENTED_EDGE('',*,*,#65340,.F.);
#65360=CARTESIAN_POINT('',(-4.41379491908312,7.95,-6.91845124249828));
#65370=DIRECTION('',(-1.02892882580434E-16,1.,3.58849954977109E-17));
#65380=DIRECTION('',(-1.,-1.02892882580434E-16,1.11022302462516E-16));
#65390=AXIS2_PLACEMENT_3D('',#65360,#65370,#65380);
#65400=CIRCLE('',#65390,0.0750959781925613);
#65410=CARTESIAN_POINT('',(-4.38101063708996,7.95,-6.98601304231808));
#65420=VERTEX_POINT('',#65410);
#65430=EDGE_CURVE('',#65330,#65420,#65400,.T.);
#65440=ORIENTED_EDGE('',*,*,#65430,.F.);
#65450=CARTESIAN_POINT('',(-4.28630048910987,7.95,-7.18119157513063));
#65460=DIRECTION('',(-1.02892882580434E-16,1.,3.58849954977109E-17));
#65470=DIRECTION('',(-1.,-1.02892882580434E-16,1.11022302462516E-16));
#65480=AXIS2_PLACEMENT_3D('',#65450,#65460,#65470);
#65490=CIRCLE('',#65480,0.21694393700052);
#65500=CARTESIAN_POINT('',(-4.50324442611039,7.95,-7.18119157513063));
#65510=VERTEX_POINT('',#65500);
#65520=EDGE_CURVE('',#65510,#65420,#65490,.T.);
#65530=ORIENTED_EDGE('',*,*,#65520,.T.);
#65540=CARTESIAN_POINT('',(-4.38101063708998,7.95,-7.37637010794321));
#65550=VERTEX_POINT('',#65540);
#65560=EDGE_CURVE('',#65550,#65510,#65490,.T.);
#65570=ORIENTED_EDGE('',*,*,#65560,.T.);
#65580=CARTESIAN_POINT('',(-4.41379491908312,7.95,-7.44393190776294));
#65590=DIRECTION('',(-1.02892882580434E-16,1.,3.58849954977109E-17));
#65600=DIRECTION('',(-1.,-1.02892882580434E-16,1.11022302462516E-16));
#65610=AXIS2_PLACEMENT_3D('',#65580,#65590,#65600);
#65620=CIRCLE('',#65610,0.0750959781924929);
#65630=CARTESIAN_POINT('',(-4.33869894089062,7.95,-7.44393190776294));
#65640=VERTEX_POINT('',#65630);
#65650=EDGE_CURVE('',#65550,#65640,#65620,.T.);
#65660=ORIENTED_EDGE('',*,*,#65650,.F.);
#65670=CARTESIAN_POINT('',(-4.33869894089065,7.95,-27.1363654133152));
#65680=DIRECTION('',(-1.11022302462516E-16,3.58849954977109E-17,-1.));
#65690=VECTOR('',#65680,0.5);
#65700=LINE('',#65670,#65690);
#65710=EDGE_CURVE('',#65640,#65010,#65700,.T.);
#65720=ORIENTED_EDGE('',*,*,#65710,.F.);
#65730=EDGE_LOOP('',(#65720,#65660,#65570,#65530,#65440,#65350,#65270,
#65180,#65140,#65050));
#65740=FACE_BOUND('',#65730,.T.);
#65750=CARTESIAN_POINT('',(-4.2339020373291,7.95,-27.1363654133152));
#65760=DIRECTION('',(-1.11022302462516E-16,3.58849954977109E-17,-1.));
#65770=VECTOR('',#65760,0.5);
#65780=LINE('',#65750,#65770);
#65790=CARTESIAN_POINT('',(-4.23390203732909,7.95,-7.44393190776294));
#65800=VERTEX_POINT('',#65790);
#65810=CARTESIAN_POINT('',(-4.23390203732916,7.95,-7.77052503361959));
#65820=VERTEX_POINT('',#65810);
#65830=EDGE_CURVE('',#65800,#65820,#65780,.T.);
#65840=ORIENTED_EDGE('',*,*,#65830,.T.);
#65850=CARTESIAN_POINT('',(-4.15880605913667,7.95,-7.44393190776294));
#65860=DIRECTION('',(-1.02892882580434E-16,1.,3.58849954977109E-17));
#65870=DIRECTION('',(-1.,-1.02892882580434E-16,1.11022302462516E-16));
#65880=AXIS2_PLACEMENT_3D('',#65850,#65860,#65870);
#65890=CIRCLE('',#65880,0.0750959781924263);
#65900=CARTESIAN_POINT('',(-4.19159034112974,7.95,-7.37637010794325));
#65910=VERTEX_POINT('',#65900);
#65920=EDGE_CURVE('',#65800,#65910,#65890,.T.);
#65930=ORIENTED_EDGE('',*,*,#65920,.F.);
#65940=CARTESIAN_POINT('',(-4.28630048910987,7.95,-7.18119157513063));
#65950=DIRECTION('',(-1.02892882580434E-16,1.,3.58849954977109E-17));
#65960=DIRECTION('',(-1.,-1.02892882580434E-16,1.11022302462516E-16));
#65970=AXIS2_PLACEMENT_3D('',#65940,#65950,#65960);
#65980=CIRCLE('',#65970,0.216943937000546);
#65990=CARTESIAN_POINT('',(-4.06935655210933,7.95,-7.18119157513063));
#66000=VERTEX_POINT('',#65990);
#66010=EDGE_CURVE('',#66000,#65910,#65980,.T.);
#66020=ORIENTED_EDGE('',*,*,#66010,.T.);
#66030=CARTESIAN_POINT('',(-4.19159034112976,7.95,-6.98601304231803));
#66040=VERTEX_POINT('',#66030);
#66050=EDGE_CURVE('',#66040,#66000,#65980,.T.);
#66060=ORIENTED_EDGE('',*,*,#66050,.T.);
#66070=CARTESIAN_POINT('',(-4.15880605913667,7.95,-6.91845124249828));
#66080=DIRECTION('',(-1.02892882580434E-16,1.,3.58849954977109E-17));
#66090=DIRECTION('',(-1.,-1.02892882580434E-16,1.11022302462516E-16));
#66100=AXIS2_PLACEMENT_3D('',#66070,#66080,#66090);
#66110=CIRCLE('',#66100,0.0750959781924836);
#66120=CARTESIAN_POINT('',(-4.23390203732915,7.95,-6.91845124249828));
#66130=VERTEX_POINT('',#66120);
#66140=EDGE_CURVE('',#66040,#66130,#66110,.T.);
#66150=ORIENTED_EDGE('',*,*,#66140,.F.);
#66160=CARTESIAN_POINT('',(-4.23390203732925,7.95,-27.1363654133152));
#66170=DIRECTION('',(-1.11022302462516E-16,3.58849954977109E-17,-1.));
#66180=VECTOR('',#66170,0.5);
#66190=LINE('',#66160,#66180);
#66200=CARTESIAN_POINT('',(-4.23390203732924,7.95,-6.80447553637647));
#66210=VERTEX_POINT('',#66200);
#66220=EDGE_CURVE('',#66210,#66130,#66190,.T.);
#66230=ORIENTED_EDGE('',*,*,#66220,.T.);
#66240=CARTESIAN_POINT('',(-4.15880605913667,7.95,-6.80447553637647));
#66250=DIRECTION('',(-1.02892882580434E-16,1.,3.58849954977109E-17));
#66260=DIRECTION('',(-1.,-1.02892882580434E-16,1.11022302462516E-16));
#66270=AXIS2_PLACEMENT_3D('',#66240,#66250,#66260);
#66280=CIRCLE('',#66270,0.0750959781925748);
#66290=CARTESIAN_POINT('',(-4.15880605913667,7.95,-6.72937955818398));
#66300=VERTEX_POINT('',#66290);
#66310=EDGE_CURVE('',#66210,#66300,#66280,.T.);
#66320=ORIENTED_EDGE('',*,*,#66310,.F.);
#66330=CARTESIAN_POINT('',(-23.588335620366,7.95,-6.72937955818454));
#66340=DIRECTION('',(-1.,-1.02892882580433E-16,-2.87677296560721E-14));
#66350=VECTOR('',#66340,0.5);
#66360=LINE('',#66330,#66350);
#66370=CARTESIAN_POINT('',(-3.83741194949479,7.95,-6.72937955818397));
#66380=VERTEX_POINT('',#66370);
#66390=EDGE_CURVE('',#66380,#66300,#66360,.T.);
#66400=ORIENTED_EDGE('',*,*,#66390,.T.);
#66410=CARTESIAN_POINT('',(-3.83741194949479,7.95,-6.80447553637646));
#66420=DIRECTION('',(-1.02892882580434E-16,1.,3.58849954977109E-17));
#66430=DIRECTION('',(-1.,-1.02892882580434E-16,1.11022302462516E-16));
#66440=AXIS2_PLACEMENT_3D('',#66410,#66420,#66430);
#66450=CIRCLE('',#66440,0.0750959781924929);
#66460=CARTESIAN_POINT('',(-3.76231597130229,7.95,-6.80447553637646));
#66470=VERTEX_POINT('',#66460);
#66480=EDGE_CURVE('',#66380,#66470,#66450,.T.);
#66490=ORIENTED_EDGE('',*,*,#66480,.F.);
#66500=CARTESIAN_POINT('',(-3.76231597130227,7.95,-27.1363654133152));
#66510=DIRECTION('',(1.11022302462516E-16,-3.58849954977109E-17,1.));
#66520=VECTOR('',#66510,0.5);
#66530=LINE('',#66500,#66520);
#66540=CARTESIAN_POINT('',(-3.76231597130226,7.95,-7.77052503361959));
#66550=VERTEX_POINT('',#66540);
#66560=EDGE_CURVE('',#66550,#66470,#66530,.T.);
#66570=ORIENTED_EDGE('',*,*,#66560,.T.);
#66580=CARTESIAN_POINT('',(-3.83741194949479,7.95,-7.77052503361959));
#66590=DIRECTION('',(-1.02892882580434E-16,1.,3.58849954977109E-17));
#66600=DIRECTION('',(-1.,-1.02892882580434E-16,1.11022302462516E-16));
#66610=AXIS2_PLACEMENT_3D('',#66580,#66590,#66600);
#66620=CIRCLE('',#66610,0.0750959781925208);
#66630=CARTESIAN_POINT('',(-3.83741194949479,7.95,-7.84562101181208));
#66640=VERTEX_POINT('',#66630);
#66650=EDGE_CURVE('',#66550,#66640,#66620,.T.);
#66660=ORIENTED_EDGE('',*,*,#66650,.F.);
#66670=CARTESIAN_POINT('',(-23.588335620366,7.95,-7.84562101181208));
#66680=DIRECTION('',(-1.,-1.02892882580434E-16,1.11022302462516E-16));
#66690=VECTOR('',#66680,0.5);
#66700=LINE('',#66670,#66690);
#66710=CARTESIAN_POINT('',(-4.15880605913667,7.95,-7.84562101181208));
#66720=VERTEX_POINT('',#66710);
#66730=EDGE_CURVE('',#66640,#66720,#66700,.T.);
#66740=ORIENTED_EDGE('',*,*,#66730,.F.);
#66750=CARTESIAN_POINT('',(-4.15880605913667,7.95,-7.77052503361959));
#66760=DIRECTION('',(-1.02892882580434E-16,1.,3.58849954977109E-17));
#66770=DIRECTION('',(-1.,-1.02892882580434E-16,1.11022302462516E-16));
#66780=AXIS2_PLACEMENT_3D('',#66750,#66760,#66770);
#66790=CIRCLE('',#66780,0.0750959781924921);
#66800=EDGE_CURVE('',#66720,#65820,#66790,.T.);
#66810=ORIENTED_EDGE('',*,*,#66800,.F.);
#66820=EDGE_LOOP('',(#66810,#66740,#66660,#66570,#66490,#66400,#66320,
#66230,#66150,#66060,#66020,#65930,#65840));
#66830=FACE_BOUND('',#66820,.T.);
#66840=ORIENTED_EDGE('',*,*,#64620,.T.);
#66850=CARTESIAN_POINT('',(-4.92487145907687,7.95,-7.89987202907667));
#66860=DIRECTION('',(-1.02892882580434E-16,1.,3.58849954977109E-17));
#66870=DIRECTION('',(-1.,-1.02892882580434E-16,1.11022302462516E-16));
#66880=AXIS2_PLACEMENT_3D('',#66850,#66860,#66870);
#66890=CIRCLE('',#66880,0.100127970923324);
#66900=CARTESIAN_POINT('',(-4.92487145907687,7.95,-8.));
#66910=VERTEX_POINT('',#66900);
#66920=EDGE_CURVE('',#66910,#64550,#66890,.T.);
#66930=ORIENTED_EDGE('',*,*,#66920,.T.);
#66940=CARTESIAN_POINT('',(-23.588335620366,7.95,-7.99999999999999));
#66950=DIRECTION('',(-1.,-1.02892882580434E-16,1.11022302462516E-16));
#66960=VECTOR('',#66950,0.5);
#66970=LINE('',#66940,#66960);
#66980=CARTESIAN_POINT('',(-3.70012797092336,7.95,-8.00000000000003));
#66990=VERTEX_POINT('',#66980);
#67000=EDGE_CURVE('',#66990,#66910,#66970,.T.);
#67010=ORIENTED_EDGE('',*,*,#67000,.T.);
#67020=CARTESIAN_POINT('',(-3.70012797092336,7.95,-7.89987202907667));
#67030=DIRECTION('',(-1.02892882580434E-16,1.,3.58849954977109E-17));
#67040=DIRECTION('',(-1.,-1.02892882580434E-16,1.11022302462516E-16));
#67050=AXIS2_PLACEMENT_3D('',#67020,#67030,#67040);
#67060=CIRCLE('',#67050,0.100127970923361);
#67070=CARTESIAN_POINT('',(-3.6,7.95,-7.89987202907667));
#67080=VERTEX_POINT('',#67070);
#67090=EDGE_CURVE('',#67080,#66990,#67060,.T.);
#67100=ORIENTED_EDGE('',*,*,#67090,.T.);
#67110=CARTESIAN_POINT('',(-3.60000000000001,7.95,-27.1363654133152));
#67120=DIRECTION('',(-1.11022302462516E-16,3.58849954977109E-17,-1.));
#67130=VECTOR('',#67120,0.5);
#67140=LINE('',#67110,#67130);
#67150=EDGE_CURVE('',#64010,#67080,#67140,.T.);
#67160=ORIENTED_EDGE('',*,*,#67150,.T.);
#67170=ORIENTED_EDGE('',*,*,#64020,.T.);
#67180=ORIENTED_EDGE('',*,*,#64310,.F.);
#67190=ORIENTED_EDGE('',*,*,#61350,.T.);
#67200=EDGE_LOOP('',(#67190,#67180,#67170,#67160,#67100,#67010,#66930,
#66840));
#67210=FACE_OUTER_BOUND('',#67200,.T.);
#67220=ADVANCED_FACE('',(#64940,#65740,#66830,#67210),#64790,.T.);
#67230=COLOUR_RGB('',0.831372618675232,0.850980460643768,
0.858823597431183);
#67240=FILL_AREA_STYLE_COLOUR('',#67230);
#67250=FILL_AREA_STYLE('',(#67240));
#67260=SURFACE_STYLE_FILL_AREA(#67250);
#67270=SURFACE_SIDE_STYLE('',(#67260));
#67280=SURFACE_STYLE_USAGE(.BOTH.,#67270);
#67290=PRESENTATION_STYLE_ASSIGNMENT((#67280));
#67300=CARTESIAN_POINT('',(-4.28630048910987,5.44,-7.18119157513063));
#67310=DIRECTION('',(-1.02892882580434E-16,1.,3.58849954977109E-17));
#67320=DIRECTION('',(-1.,-1.02892882580434E-16,1.11022302462516E-16));
#67330=AXIS2_PLACEMENT_3D('',#67300,#67310,#67320);
#67340=CYLINDRICAL_SURFACE('',#67330,0.10847196850029);
#67350=CARTESIAN_POINT('',(-4.39477245761016,5.44,-7.18119157513063));
#67360=DIRECTION('',(-1.02892882580434E-16,1.,3.58849954977109E-17));
#67370=VECTOR('',#67360,0.5);
#67380=LINE('',#67350,#67370);
#67390=EDGE_CURVE('',#64860,#63640,#67380,.T.);
#67400=ORIENTED_EDGE('',*,*,#67390,.T.);
#67410=ORIENTED_EDGE('',*,*,#64910,.T.);
#67420=CARTESIAN_POINT('',(-4.17782852060958,5.44,-7.18119157513063));
#67430=DIRECTION('',(-1.02892882580434E-16,1.,3.58849954977109E-17));
#67440=VECTOR('',#67430,0.5);
#67450=LINE('',#67420,#67440);
#67460=EDGE_CURVE('',#64880,#63660,#67450,.T.);
#67470=ORIENTED_EDGE('',*,*,#67460,.F.);
#67480=ORIENTED_EDGE('',*,*,#63690,.F.);
#67490=EDGE_LOOP('',(#67480,#67470,#67410,#67400));
#67500=FACE_OUTER_BOUND('',#67490,.T.);
#67510=ADVANCED_FACE('',(#67500),#67340,.T.);
#67520=COLOUR_RGB('',0.831372618675232,0.850980460643768,
0.858823597431183);
#67530=FILL_AREA_STYLE_COLOUR('',#67520);
#67540=FILL_AREA_STYLE('',(#67530));
#67550=SURFACE_STYLE_FILL_AREA(#67540);
#67560=SURFACE_SIDE_STYLE('',(#67550));
#67570=SURFACE_STYLE_USAGE(.BOTH.,#67560);
#67580=PRESENTATION_STYLE_ASSIGNMENT((#67570));
#67590=CARTESIAN_POINT('',(-4.33869894089065,5.44,-7.55790761388477));
#67600=DIRECTION('',(-1.,-1.02892882580434E-16,1.11022302462516E-16));
#67610=DIRECTION('',(-1.11022302462516E-16,3.58849954977109E-17,-1.));
#67620=AXIS2_PLACEMENT_3D('',#67590,#67600,#67610);
#67630=PLANE('',#67620);
#67640=ORIENTED_EDGE('',*,*,#63260,.T.);
#67650=CARTESIAN_POINT('',(-4.33869894089065,5.44,-7.5579076138848));
#67660=DIRECTION('',(-1.02892882580434E-16,1.,3.58849954977109E-17));
#67670=VECTOR('',#67660,0.5);
#67680=LINE('',#67650,#67670);
#67690=EDGE_CURVE('',#65010,#63170,#67680,.T.);
#67700=ORIENTED_EDGE('',*,*,#67690,.T.);
#67710=ORIENTED_EDGE('',*,*,#65710,.T.);
#67720=CARTESIAN_POINT('',(-4.33869894089062,5.44,-7.44393190776294));
#67730=DIRECTION('',(-1.02892882580434E-16,1.,3.58849954977109E-17));
#67740=VECTOR('',#67730,0.5);
#67750=LINE('',#67720,#67740);
#67760=EDGE_CURVE('',#65640,#63250,#67750,.T.);
#67770=ORIENTED_EDGE('',*,*,#67760,.F.);
#67780=EDGE_LOOP('',(#67770,#67710,#67700,#67640));
#67790=FACE_OUTER_BOUND('',#67780,.T.);
#67800=ADVANCED_FACE('',(#67790),#67630,.F.);
#67810=COLOUR_RGB('',0.831372618675232,0.850980460643768,
0.858823597431183);
#67820=FILL_AREA_STYLE_COLOUR('',#67810);
#67830=FILL_AREA_STYLE('',(#67820));
#67840=SURFACE_STYLE_FILL_AREA(#67830);
#67850=SURFACE_SIDE_STYLE('',(#67840));
#67860=SURFACE_STYLE_USAGE(.BOTH.,#67850);
#67870=PRESENTATION_STYLE_ASSIGNMENT((#67860));
#67880=CARTESIAN_POINT('',(-4.41379491908311,5.44,-7.44393190776294));
#67890=DIRECTION('',(-1.02892882580434E-16,1.,3.58849954977109E-17));
#67900=DIRECTION('',(-1.,-1.02892882580434E-16,1.11022302462516E-16));
#67910=AXIS2_PLACEMENT_3D('',#67880,#67890,#67900);
#67920=CYLINDRICAL_SURFACE('',#67910,0.0750959781924929);
#67930=ORIENTED_EDGE('',*,*,#63350,.F.);
#67940=ORIENTED_EDGE('',*,*,#67760,.T.);
#67950=ORIENTED_EDGE('',*,*,#65650,.T.);
#67960=CARTESIAN_POINT('',(-4.38101063708998,5.44,-7.37637010794321));
#67970=DIRECTION('',(1.02892882580434E-16,-1.,-3.58849954977109E-17));
#67980=VECTOR('',#67970,0.5);
#67990=LINE('',#67960,#67980);
#68000=EDGE_CURVE('',#63340,#65550,#67990,.T.);
#68010=ORIENTED_EDGE('',*,*,#68000,.T.);
#68020=EDGE_LOOP('',(#68010,#67950,#67940,#67930));
#68030=FACE_OUTER_BOUND('',#68020,.T.);
#68040=ADVANCED_FACE('',(#68030),#67920,.T.);
#68050=COLOUR_RGB('',0.831372618675232,0.850980460643768,
0.858823597431183);
#68060=FILL_AREA_STYLE_COLOUR('',#68050);
#68070=FILL_AREA_STYLE('',(#68060));
#68080=SURFACE_STYLE_FILL_AREA(#68070);
#68090=SURFACE_SIDE_STYLE('',(#68080));
#68100=SURFACE_STYLE_USAGE(.BOTH.,#68090);
#68110=PRESENTATION_STYLE_ASSIGNMENT((#68100));
#68120=CARTESIAN_POINT('',(-4.41379491908311,5.44,-6.80447553637647));
#68130=DIRECTION('',(-1.02892882580434E-16,1.,3.58849954977109E-17));
#68140=DIRECTION('',(-1.,-1.02892882580434E-16,1.11022302462516E-16));
#68150=AXIS2_PLACEMENT_3D('',#68120,#68130,#68140);
#68160=CYLINDRICAL_SURFACE('',#68150,0.0750959781924929);
#68170=ORIENTED_EDGE('',*,*,#62960,.F.);
#68180=CARTESIAN_POINT('',(-4.33869894089062,5.44,-6.80447553637647));
#68190=DIRECTION('',(-1.02892882580434E-16,1.,3.58849954977109E-17));
#68200=VECTOR('',#68190,0.5);
#68210=LINE('',#68180,#68200);
#68220=EDGE_CURVE('',#65250,#62860,#68210,.T.);
#68230=ORIENTED_EDGE('',*,*,#68220,.T.);
#68240=ORIENTED_EDGE('',*,*,#65260,.T.);
#68250=CARTESIAN_POINT('',(-4.41553530646303,5.44,-6.72939972807276));
#68260=DIRECTION('',(-1.02892882580434E-16,1.,3.58849954977109E-17));
#68270=VECTOR('',#68260,0.5);
#68280=LINE('',#68250,#68270);
#68290=EDGE_CURVE('',#65160,#62950,#68280,.T.);
#68300=ORIENTED_EDGE('',*,*,#68290,.F.);
#68310=EDGE_LOOP('',(#68300,#68240,#68230,#68170));
#68320=FACE_OUTER_BOUND('',#68310,.T.);
#68330=ADVANCED_FACE('',(#68320),#68160,.T.);
#68340=COLOUR_RGB('',0.831372618675232,0.850980460643768,
0.858823597431183);
#68350=FILL_AREA_STYLE_COLOUR('',#68340);
#68360=FILL_AREA_STYLE('',(#68350));
#68370=SURFACE_STYLE_FILL_AREA(#68360);
#68380=SURFACE_SIDE_STYLE('',(#68370));
#68390=SURFACE_STYLE_USAGE(.BOTH.,#68380);
#68400=PRESENTATION_STYLE_ASSIGNMENT((#68390));
#68410=CARTESIAN_POINT('',(-4.41980445034096,5.44,-7.18119157513063));
#68420=DIRECTION('',(-1.02892882580434E-16,1.,3.58849954977109E-17));
#68430=DIRECTION('',(-1.,-1.02892882580434E-16,1.11022302462516E-16));
#68440=AXIS2_PLACEMENT_3D('',#68410,#68420,#68430);
#68450=CYLINDRICAL_SURFACE('',#68440,0.451812016946663);
#68460=ORIENTED_EDGE('',*,*,#63090,.F.);
#68470=CARTESIAN_POINT('',(-4.87161646728762,5.44,-7.18119157513063));
#68480=DIRECTION('',(-1.02892882580434E-16,1.,3.58849954977109E-17));
#68490=VECTOR('',#68480,0.5);
#68500=LINE('',#68470,#68490);
#68510=EDGE_CURVE('',#65120,#63040,#68500,.T.);
#68520=ORIENTED_EDGE('',*,*,#68510,.T.);
#68530=ORIENTED_EDGE('',*,*,#65130,.T.);
#68540=CARTESIAN_POINT('',(-4.41553530646256,5.44,-7.63298342218849));
#68550=DIRECTION('',(-1.02892882580434E-16,1.,3.58849954977109E-17));
#68560=VECTOR('',#68550,0.5);
#68570=LINE('',#68540,#68560);
#68580=EDGE_CURVE('',#65030,#63080,#68570,.T.);
#68590=ORIENTED_EDGE('',*,*,#68580,.F.);
#68600=EDGE_LOOP('',(#68590,#68530,#68520,#68460));
#68610=FACE_OUTER_BOUND('',#68600,.T.);
#68620=ADVANCED_FACE('',(#68610),#68450,.T.);
#68630=COLOUR_RGB('',0.831372618675232,0.850980460643768,
0.858823597431183);
#68640=FILL_AREA_STYLE_COLOUR('',#68630);
#68650=FILL_AREA_STYLE('',(#68640));
#68660=SURFACE_STYLE_FILL_AREA(#68650);
#68670=SURFACE_SIDE_STYLE('',(#68660));
#68680=SURFACE_STYLE_USAGE(.BOTH.,#68670);
#68690=PRESENTATION_STYLE_ASSIGNMENT((#68680));
#68700=CARTESIAN_POINT('',(-4.41379491908311,5.44,-7.5579076138848));
#68710=DIRECTION('',(-1.02892882580434E-16,1.,3.58849954977109E-17));
#68720=DIRECTION('',(-1.,-1.02892882580434E-16,1.11022302462516E-16));
#68730=AXIS2_PLACEMENT_3D('',#68700,#68710,#68720);
#68740=CYLINDRICAL_SURFACE('',#68730,0.0750959781924668);
#68750=ORIENTED_EDGE('',*,*,#65040,.T.);
#68760=ORIENTED_EDGE('',*,*,#67690,.F.);
#68770=ORIENTED_EDGE('',*,*,#63180,.F.);
#68780=ORIENTED_EDGE('',*,*,#68580,.T.);
#68790=EDGE_LOOP('',(#68780,#68770,#68760,#68750));
#68800=FACE_OUTER_BOUND('',#68790,.T.);
#68810=ADVANCED_FACE('',(#68800),#68740,.T.);
#68820=COLOUR_RGB('',0.831372618675232,0.850980460643768,
0.858823597431183);
#68830=FILL_AREA_STYLE_COLOUR('',#68820);
#68840=FILL_AREA_STYLE('',(#68830));
#68850=SURFACE_STYLE_FILL_AREA(#68840);
#68860=SURFACE_SIDE_STYLE('',(#68850));
#68870=SURFACE_STYLE_USAGE(.BOTH.,#68860);
#68880=PRESENTATION_STYLE_ASSIGNMENT((#68870));
#68890=CARTESIAN_POINT('',(-4.33869894089055,5.44,-6.91845124249828));
#68900=DIRECTION('',(-1.,-1.02892882580434E-16,1.11022302462516E-16));
#68910=DIRECTION('',(-1.11022302462516E-16,3.58849954977109E-17,-1.));
#68920=AXIS2_PLACEMENT_3D('',#68890,#68900,#68910);
#68930=PLANE('',#68920);
#68940=ORIENTED_EDGE('',*,*,#62870,.T.);
#68950=CARTESIAN_POINT('',(-4.33869894089055,5.44,-6.91845124249828));
#68960=DIRECTION('',(-1.02892882580434E-16,1.,3.58849954977109E-17));
#68970=VECTOR('',#68960,0.5);
#68980=LINE('',#68950,#68970);
#68990=EDGE_CURVE('',#65330,#62760,#68980,.T.);
#69000=ORIENTED_EDGE('',*,*,#68990,.T.);
#69010=ORIENTED_EDGE('',*,*,#65340,.T.);
#69020=ORIENTED_EDGE('',*,*,#68220,.F.);
#69030=EDGE_LOOP('',(#69020,#69010,#69000,#68940));
#69040=FACE_OUTER_BOUND('',#69030,.T.);
#69050=ADVANCED_FACE('',(#69040),#68930,.F.);
#69060=COLOUR_RGB('',0.831372618675232,0.850980460643768,
0.858823597431183);
#69070=FILL_AREA_STYLE_COLOUR('',#69060);
#69080=FILL_AREA_STYLE('',(#69070));
#69090=SURFACE_STYLE_FILL_AREA(#69080);
#69100=SURFACE_SIDE_STYLE('',(#69090));
#69110=SURFACE_STYLE_USAGE(.BOTH.,#69100);
#69120=PRESENTATION_STYLE_ASSIGNMENT((#69110));
#69130=CARTESIAN_POINT('',(-4.41379491908311,5.44,-6.91845124249828));
#69140=DIRECTION('',(-1.02892882580434E-16,1.,3.58849954977109E-17));
#69150=DIRECTION('',(-1.,-1.02892882580434E-16,1.11022302462516E-16));
#69160=AXIS2_PLACEMENT_3D('',#69130,#69140,#69150);
#69170=CYLINDRICAL_SURFACE('',#69160,0.0750959781925613);
#69180=ORIENTED_EDGE('',*,*,#62790,.F.);
#69190=CARTESIAN_POINT('',(-4.38101063708998,5.44,-6.98601304231802));
#69200=DIRECTION('',(1.02892882580434E-16,-1.,-3.58849954977109E-17));
#69210=VECTOR('',#69200,0.5);
#69220=LINE('',#69190,#69210);
#69230=EDGE_CURVE('',#62780,#65420,#69220,.T.);
#69240=ORIENTED_EDGE('',*,*,#69230,.F.);
#69250=ORIENTED_EDGE('',*,*,#65430,.T.);
#69260=ORIENTED_EDGE('',*,*,#68990,.F.);
#69270=EDGE_LOOP('',(#69260,#69250,#69240,#69180));
#69280=FACE_OUTER_BOUND('',#69270,.T.);
#69290=ADVANCED_FACE('',(#69280),#69170,.T.);
#69300=COLOUR_RGB('',0.831372618675232,0.850980460643768,
0.858823597431183);
#69310=FILL_AREA_STYLE_COLOUR('',#69300);
#69320=FILL_AREA_STYLE('',(#69310));
#69330=SURFACE_STYLE_FILL_AREA(#69320);
#69340=SURFACE_SIDE_STYLE('',(#69330));
#69350=SURFACE_STYLE_USAGE(.BOTH.,#69340);
#69360=PRESENTATION_STYLE_ASSIGNMENT((#69350));
#69370=CARTESIAN_POINT('',(-4.28630048910987,5.44,-7.18119157513063));
#69380=DIRECTION('',(-1.02892882580434E-16,1.,3.58849954977109E-17));
#69390=DIRECTION('',(-1.,-1.02892882580434E-16,1.11022302462516E-16));
#69400=AXIS2_PLACEMENT_3D('',#69370,#69380,#69390);
#69410=CYLINDRICAL_SURFACE('',#69400,0.21694393700052);
#69420=ORIENTED_EDGE('',*,*,#63460,.T.);
#69430=CARTESIAN_POINT('',(-4.50324442611039,5.44,-7.18119157513063));
#69440=DIRECTION('',(-1.02892882580434E-16,1.,3.58849954977109E-17));
#69450=VECTOR('',#69440,0.5);
#69460=LINE('',#69430,#69450);
#69470=EDGE_CURVE('',#65510,#63430,#69460,.T.);
#69480=ORIENTED_EDGE('',*,*,#69470,.T.);
#69490=ORIENTED_EDGE('',*,*,#65520,.F.);
#69500=ORIENTED_EDGE('',*,*,#69230,.T.);
#69510=EDGE_LOOP('',(#69500,#69490,#69480,#69420));
#69520=FACE_OUTER_BOUND('',#69510,.T.);
#69530=ADVANCED_FACE('',(#69520),#69410,.F.);
#69540=COLOUR_RGB('',0.831372618675232,0.850980460643768,
0.858823597431183);
#69550=FILL_AREA_STYLE_COLOUR('',#69540);
#69560=FILL_AREA_STYLE('',(#69550));
#69570=SURFACE_STYLE_FILL_AREA(#69560);
#69580=SURFACE_SIDE_STYLE('',(#69570));
#69590=SURFACE_STYLE_USAGE(.BOTH.,#69580);
#69600=PRESENTATION_STYLE_ASSIGNMENT((#69590));
#69610=CARTESIAN_POINT('',(-3.76231597130226,5.44,-7.77052503361959));
#69620=DIRECTION('',(-1.,-1.02892882580434E-16,1.11022302462516E-16));
#69630=DIRECTION('',(-1.11022302462516E-16,3.58849954977109E-17,-1.));
#69640=AXIS2_PLACEMENT_3D('',#69610,#69620,#69630);
#69650=PLANE('',#69640);
#69660=ORIENTED_EDGE('',*,*,#62170,.T.);
#69670=CARTESIAN_POINT('',(-3.76231597130226,5.44,-7.77052503361959));
#69680=DIRECTION('',(-1.02892882580434E-16,1.,3.58849954977109E-17));
#69690=VECTOR('',#69680,0.5);
#69700=LINE('',#69670,#69690);
#69710=EDGE_CURVE('',#66550,#62080,#69700,.T.);
#69720=ORIENTED_EDGE('',*,*,#69710,.T.);
#69730=ORIENTED_EDGE('',*,*,#66560,.F.);
#69740=CARTESIAN_POINT('',(-3.76231597130229,5.44,-6.80447553637646));
#69750=DIRECTION('',(-1.02892882580434E-16,1.,3.58849954977109E-17));
#69760=VECTOR('',#69750,0.5);
#69770=LINE('',#69740,#69760);
#69780=EDGE_CURVE('',#66470,#62160,#69770,.T.);
#69790=ORIENTED_EDGE('',*,*,#69780,.F.);
#69800=EDGE_LOOP('',(#69790,#69730,#69720,#69660));
#69810=FACE_OUTER_BOUND('',#69800,.T.);
#69820=ADVANCED_FACE('',(#69810),#69650,.F.);
#69830=COLOUR_RGB('',0.831372618675232,0.850980460643768,
0.858823597431183);
#69840=FILL_AREA_STYLE_COLOUR('',#69830);
#69850=FILL_AREA_STYLE('',(#69840));
#69860=SURFACE_STYLE_FILL_AREA(#69850);
#69870=SURFACE_SIDE_STYLE('',(#69860));
#69880=SURFACE_STYLE_USAGE(.BOTH.,#69870);
#69890=PRESENTATION_STYLE_ASSIGNMENT((#69880));
#69900=CARTESIAN_POINT('',(-3.83741194949478,5.44,-6.72937955818397));
#69910=DIRECTION('',(2.87677296560721E-14,3.58849954977138E-17,-1.));
#69920=DIRECTION('',(1.,1.02892882580433E-16,2.87677296560721E-14));
#69930=AXIS2_PLACEMENT_3D('',#69900,#69910,#69920);
#69940=PLANE('',#69930);
#69950=ORIENTED_EDGE('',*,*,#62340,.T.);
#69960=CARTESIAN_POINT('',(-3.83741194949478,5.44,-6.72937955818397));
#69970=DIRECTION('',(1.02892882580434E-16,-1.,-3.58849954977109E-17));
#69980=VECTOR('',#69970,0.5);
#69990=LINE('',#69960,#69980);
#70000=EDGE_CURVE('',#62250,#66380,#69990,.T.);
#70010=ORIENTED_EDGE('',*,*,#70000,.F.);
#70020=ORIENTED_EDGE('',*,*,#66390,.F.);
#70030=CARTESIAN_POINT('',(-4.15880605913667,5.44,-6.72937955818398));
#70040=DIRECTION('',(1.02892882580434E-16,-1.,-3.58849954977109E-17));
#70050=VECTOR('',#70040,0.5);
#70060=LINE('',#70030,#70050);
#70070=EDGE_CURVE('',#62330,#66300,#70060,.T.);
#70080=ORIENTED_EDGE('',*,*,#70070,.T.);
#70090=EDGE_LOOP('',(#70080,#70020,#70010,#69950));
#70100=FACE_OUTER_BOUND('',#70090,.T.);
#70110=ADVANCED_FACE('',(#70100),#69940,.F.);
#70120=COLOUR_RGB('',0.831372618675232,0.850980460643768,
0.858823597431183);
#70130=FILL_AREA_STYLE_COLOUR('',#70120);
#70140=FILL_AREA_STYLE('',(#70130));
#70150=SURFACE_STYLE_FILL_AREA(#70140);
#70160=SURFACE_SIDE_STYLE('',(#70150));
#70170=SURFACE_STYLE_USAGE(.BOTH.,#70160);
#70180=PRESENTATION_STYLE_ASSIGNMENT((#70170));
#70190=CARTESIAN_POINT('',(-3.83741194949478,5.44,-6.80447553637646));
#70200=DIRECTION('',(-1.02892882580434E-16,1.,3.58849954977109E-17));
#70210=DIRECTION('',(-1.,-1.02892882580434E-16,1.11022302462516E-16));
#70220=AXIS2_PLACEMENT_3D('',#70190,#70200,#70210);
#70230=CYLINDRICAL_SURFACE('',#70220,0.0750959781924929);
#70240=ORIENTED_EDGE('',*,*,#62260,.F.);
#70250=ORIENTED_EDGE('',*,*,#69780,.T.);
#70260=ORIENTED_EDGE('',*,*,#66480,.T.);
#70270=ORIENTED_EDGE('',*,*,#70000,.T.);
#70280=EDGE_LOOP('',(#70270,#70260,#70250,#70240));
#70290=FACE_OUTER_BOUND('',#70280,.T.);
#70300=ADVANCED_FACE('',(#70290),#70230,.T.);
#70310=COLOUR_RGB('',0.831372618675232,0.850980460643768,
0.858823597431183);
#70320=FILL_AREA_STYLE_COLOUR('',#70310);
#70330=FILL_AREA_STYLE('',(#70320));
#70340=SURFACE_STYLE_FILL_AREA(#70330);
#70350=SURFACE_SIDE_STYLE('',(#70340));
#70360=SURFACE_STYLE_USAGE(.BOTH.,#70350);
#70370=PRESENTATION_STYLE_ASSIGNMENT((#70360));
#70380=CARTESIAN_POINT('',(-3.83741194949478,5.44,-7.77052503361959));
#70390=DIRECTION('',(-1.02892882580434E-16,1.,3.58849954977109E-17));
#70400=DIRECTION('',(-1.,-1.02892882580434E-16,1.11022302462516E-16));
#70410=AXIS2_PLACEMENT_3D('',#70380,#70390,#70400);
#70420=CYLINDRICAL_SURFACE('',#70410,0.0750959781925208);
#70430=ORIENTED_EDGE('',*,*,#62090,.F.);
#70440=CARTESIAN_POINT('',(-3.83741194949478,5.44,-7.84562101181208));
#70450=DIRECTION('',(1.02892882580434E-16,-1.,-3.58849954977109E-17));
#70460=VECTOR('',#70450,0.5);
#70470=LINE('',#70440,#70460);
#70480=EDGE_CURVE('',#61990,#66640,#70470,.T.);
#70490=ORIENTED_EDGE('',*,*,#70480,.F.);
#70500=ORIENTED_EDGE('',*,*,#66650,.T.);
#70510=ORIENTED_EDGE('',*,*,#69710,.F.);
#70520=EDGE_LOOP('',(#70510,#70500,#70490,#70430));
#70530=FACE_OUTER_BOUND('',#70520,.T.);
#70540=ADVANCED_FACE('',(#70530),#70420,.T.);
#70550=COLOUR_RGB('',0.831372618675232,0.850980460643768,
0.858823597431183);
#70560=FILL_AREA_STYLE_COLOUR('',#70550);
#70570=FILL_AREA_STYLE('',(#70560));
#70580=SURFACE_STYLE_FILL_AREA(#70570);
#70590=SURFACE_SIDE_STYLE('',(#70580));
#70600=SURFACE_STYLE_USAGE(.BOTH.,#70590);
#70610=PRESENTATION_STYLE_ASSIGNMENT((#70600));
#70620=CARTESIAN_POINT('',(-4.15880605913667,5.44,-7.84562101181208));
#70630=DIRECTION('',(1.11022302462516E-16,-3.58849954977109E-17,1.));
#70640=DIRECTION('',(-1.,-1.02892882580434E-16,1.11022302462516E-16));
#70650=AXIS2_PLACEMENT_3D('',#70620,#70630,#70640);
#70660=PLANE('',#70650);
#70670=ORIENTED_EDGE('',*,*,#62000,.T.);
#70680=CARTESIAN_POINT('',(-4.15880605913667,5.44,-7.84562101181208));
#70690=DIRECTION('',(1.02892882580434E-16,-1.,-3.58849954977109E-17));
#70700=VECTOR('',#70690,0.5);
#70710=LINE('',#70680,#70700);
#70720=EDGE_CURVE('',#61910,#66720,#70710,.T.);
#70730=ORIENTED_EDGE('',*,*,#70720,.F.);
#70740=ORIENTED_EDGE('',*,*,#66730,.T.);
#70750=ORIENTED_EDGE('',*,*,#70480,.T.);
#70760=EDGE_LOOP('',(#70750,#70740,#70730,#70670));
#70770=FACE_OUTER_BOUND('',#70760,.T.);
#70780=ADVANCED_FACE('',(#70770),#70660,.F.);
#70790=COLOUR_RGB('',0.831372618675232,0.850980460643768,
0.858823597431183);
#70800=FILL_AREA_STYLE_COLOUR('',#70790);
#70810=FILL_AREA_STYLE('',(#70800));
#70820=SURFACE_STYLE_FILL_AREA(#70810);
#70830=SURFACE_SIDE_STYLE('',(#70820));
#70840=SURFACE_STYLE_USAGE(.BOTH.,#70830);
#70850=PRESENTATION_STYLE_ASSIGNMENT((#70840));
#70860=CARTESIAN_POINT('',(-4.15880605913667,5.44,-7.77052503361959));
#70870=DIRECTION('',(-1.02892882580434E-16,1.,3.58849954977109E-17));
#70880=DIRECTION('',(-1.,-1.02892882580434E-16,1.11022302462516E-16));
#70890=AXIS2_PLACEMENT_3D('',#70860,#70870,#70880);
#70900=CYLINDRICAL_SURFACE('',#70890,0.0750959781924921);
#70910=ORIENTED_EDGE('',*,*,#61920,.F.);
#70920=CARTESIAN_POINT('',(-4.23390203732916,5.44,-7.77052503361959));
#70930=DIRECTION('',(-1.02892882580434E-16,1.,3.58849954977109E-17));
#70940=VECTOR('',#70930,0.5);
#70950=LINE('',#70920,#70940);
#70960=EDGE_CURVE('',#65820,#61820,#70950,.T.);
#70970=ORIENTED_EDGE('',*,*,#70960,.T.);
#70980=ORIENTED_EDGE('',*,*,#66800,.T.);
#70990=ORIENTED_EDGE('',*,*,#70720,.T.);
#71000=EDGE_LOOP('',(#70990,#70980,#70970,#70910));
#71010=FACE_OUTER_BOUND('',#71000,.T.);
#71020=ADVANCED_FACE('',(#71010),#70900,.T.);
#71030=COLOUR_RGB('',0.831372618675232,0.850980460643768,
0.858823597431183);
#71040=FILL_AREA_STYLE_COLOUR('',#71030);
#71050=FILL_AREA_STYLE('',(#71040));
#71060=SURFACE_STYLE_FILL_AREA(#71050);
#71070=SURFACE_SIDE_STYLE('',(#71060));
#71080=SURFACE_STYLE_USAGE(.BOTH.,#71070);
#71090=PRESENTATION_STYLE_ASSIGNMENT((#71080));
#71100=CARTESIAN_POINT('',(-4.23390203732909,5.44,-7.44393190776294));
#71110=DIRECTION('',(1.,1.02892882580434E-16,-1.11022302462516E-16));
#71120=DIRECTION('',(1.11022302462516E-16,-3.58849954977109E-17,1.));
#71130=AXIS2_PLACEMENT_3D('',#71100,#71110,#71120);
#71140=PLANE('',#71130);
#71150=ORIENTED_EDGE('',*,*,#61830,.T.);
#71160=CARTESIAN_POINT('',(-4.23390203732909,5.44,-7.44393190776294));
#71170=DIRECTION('',(-1.02892882580434E-16,1.,3.58849954977109E-17));
#71180=VECTOR('',#71170,0.5);
#71190=LINE('',#71160,#71180);
#71200=EDGE_CURVE('',#65800,#61740,#71190,.T.);
#71210=ORIENTED_EDGE('',*,*,#71200,.T.);
#71220=ORIENTED_EDGE('',*,*,#65830,.F.);
#71230=ORIENTED_EDGE('',*,*,#70960,.F.);
#71240=EDGE_LOOP('',(#71230,#71220,#71210,#71150));
#71250=FACE_OUTER_BOUND('',#71240,.T.);
#71260=ADVANCED_FACE('',(#71250),#71140,.F.);
#71270=COLOUR_RGB('',0.831372618675232,0.850980460643768,
0.858823597431183);
#71280=FILL_AREA_STYLE_COLOUR('',#71270);
#71290=FILL_AREA_STYLE('',(#71280));
#71300=SURFACE_STYLE_FILL_AREA(#71290);
#71310=SURFACE_SIDE_STYLE('',(#71300));
#71320=SURFACE_STYLE_USAGE(.BOTH.,#71310);
#71330=PRESENTATION_STYLE_ASSIGNMENT((#71320));
#71340=CARTESIAN_POINT('',(-4.15880605913667,5.44,-7.44393190776294));
#71350=DIRECTION('',(-1.02892882580434E-16,1.,3.58849954977109E-17));
#71360=DIRECTION('',(-1.,-1.02892882580434E-16,1.11022302462516E-16));
#71370=AXIS2_PLACEMENT_3D('',#71340,#71350,#71360);
#71380=CYLINDRICAL_SURFACE('',#71370,0.0750959781924263);
#71390=ORIENTED_EDGE('',*,*,#61750,.F.);
#71400=CARTESIAN_POINT('',(-4.19159034112976,5.44,-7.37637010794321));
#71410=DIRECTION('',(1.02892882580434E-16,-1.,-3.58849954977109E-17));
#71420=VECTOR('',#71410,0.5);
#71430=LINE('',#71400,#71420);
#71440=EDGE_CURVE('',#61650,#65910,#71430,.T.);
#71450=ORIENTED_EDGE('',*,*,#71440,.F.);
#71460=ORIENTED_EDGE('',*,*,#65920,.T.);
#71470=ORIENTED_EDGE('',*,*,#71200,.F.);
#71480=EDGE_LOOP('',(#71470,#71460,#71450,#71390));
#71490=FACE_OUTER_BOUND('',#71480,.T.);
#71500=ADVANCED_FACE('',(#71490),#71380,.T.);
#71510=COLOUR_RGB('',0.831372618675232,0.850980460643768,
0.858823597431183);
#71520=FILL_AREA_STYLE_COLOUR('',#71510);
#71530=FILL_AREA_STYLE('',(#71520));
#71540=SURFACE_STYLE_FILL_AREA(#71530);
#71550=SURFACE_SIDE_STYLE('',(#71540));
#71560=SURFACE_STYLE_USAGE(.BOTH.,#71550);
#71570=PRESENTATION_STYLE_ASSIGNMENT((#71560));
#71580=CARTESIAN_POINT('',(-4.28630048910987,5.44,-7.18119157513063));
#71590=DIRECTION('',(-1.02892882580434E-16,1.,3.58849954977109E-17));
#71600=DIRECTION('',(-1.,-1.02892882580434E-16,1.11022302462516E-16));
#71610=AXIS2_PLACEMENT_3D('',#71580,#71590,#71600);
#71620=CYLINDRICAL_SURFACE('',#71610,0.216943937000546);
#71630=ORIENTED_EDGE('',*,*,#61660,.T.);
#71640=CARTESIAN_POINT('',(-4.06935655210933,5.44,-7.18119157513063));
#71650=DIRECTION('',(-1.02892882580434E-16,1.,3.58849954977109E-17));
#71660=VECTOR('',#71650,0.5);
#71670=LINE('',#71640,#71660);
#71680=EDGE_CURVE('',#66000,#61610,#71670,.T.);
#71690=ORIENTED_EDGE('',*,*,#71680,.T.);
#71700=ORIENTED_EDGE('',*,*,#66010,.F.);
#71710=ORIENTED_EDGE('',*,*,#71440,.T.);
#71720=EDGE_LOOP('',(#71710,#71700,#71690,#71630));
#71730=FACE_OUTER_BOUND('',#71720,.T.);
#71740=ADVANCED_FACE('',(#71730),#71620,.F.);
#71750=COLOUR_RGB('',0.831372618675232,0.850980460643768,
0.858823597431183);
#71760=FILL_AREA_STYLE_COLOUR('',#71750);
#71770=FILL_AREA_STYLE('',(#71760));
#71780=SURFACE_STYLE_FILL_AREA(#71770);
#71790=SURFACE_SIDE_STYLE('',(#71780));
#71800=SURFACE_STYLE_USAGE(.BOTH.,#71790);
#71810=PRESENTATION_STYLE_ASSIGNMENT((#71800));
#71820=CARTESIAN_POINT('',(-4.15880605913667,5.44,-6.91845124249828));
#71830=DIRECTION('',(-1.02892882580434E-16,1.,3.58849954977109E-17));
#71840=DIRECTION('',(-1.,-1.02892882580434E-16,1.11022302462516E-16));
#71850=AXIS2_PLACEMENT_3D('',#71820,#71830,#71840);
#71860=CYLINDRICAL_SURFACE('',#71850,0.0750959781924836);
#71870=ORIENTED_EDGE('',*,*,#62580,.F.);
#71880=CARTESIAN_POINT('',(-4.23390203732915,5.44,-6.91845124249828));
#71890=DIRECTION('',(-1.02892882580434E-16,1.,3.58849954977109E-17));
#71900=VECTOR('',#71890,0.5);
#71910=LINE('',#71880,#71900);
#71920=EDGE_CURVE('',#66130,#62500,#71910,.T.);
#71930=ORIENTED_EDGE('',*,*,#71920,.T.);
#71940=ORIENTED_EDGE('',*,*,#66140,.T.);
#71950=CARTESIAN_POINT('',(-4.19159034112976,5.44,-6.98601304231802));
#71960=DIRECTION('',(1.02892882580434E-16,-1.,-3.58849954977109E-17));
#71970=VECTOR('',#71960,0.5);
#71980=LINE('',#71950,#71970);
#71990=EDGE_CURVE('',#61590,#66040,#71980,.T.);
#72000=ORIENTED_EDGE('',*,*,#71990,.T.);
#72010=EDGE_LOOP('',(#72000,#71940,#71930,#71870));
#72020=FACE_OUTER_BOUND('',#72010,.T.);
#72030=ADVANCED_FACE('',(#72020),#71860,.T.);
#72040=COLOUR_RGB('',0.831372618675232,0.850980460643768,
0.858823597431183);
#72050=FILL_AREA_STYLE_COLOUR('',#72040);
#72060=FILL_AREA_STYLE('',(#72050));
#72070=SURFACE_STYLE_FILL_AREA(#72060);
#72080=SURFACE_SIDE_STYLE('',(#72070));
#72090=SURFACE_STYLE_USAGE(.BOTH.,#72080);
#72100=PRESENTATION_STYLE_ASSIGNMENT((#72090));
#72110=CARTESIAN_POINT('',(-4.23390203732924,5.44,-6.80447553637651));
#72120=DIRECTION('',(1.,1.02892882580434E-16,-1.11022302462516E-16));
#72130=DIRECTION('',(1.11022302462516E-16,-3.58849954977109E-17,1.));
#72140=AXIS2_PLACEMENT_3D('',#72110,#72120,#72130);
#72150=PLANE('',#72140);
#72160=ORIENTED_EDGE('',*,*,#62510,.T.);
#72170=CARTESIAN_POINT('',(-4.23390203732924,5.44,-6.80447553637647));
#72180=DIRECTION('',(-1.02892882580434E-16,1.,3.58849954977109E-17));
#72190=VECTOR('',#72180,0.5);
#72200=LINE('',#72170,#72190);
#72210=EDGE_CURVE('',#66210,#62420,#72200,.T.);
#72220=ORIENTED_EDGE('',*,*,#72210,.T.);
#72230=ORIENTED_EDGE('',*,*,#66220,.F.);
#72240=ORIENTED_EDGE('',*,*,#71920,.F.);
#72250=EDGE_LOOP('',(#72240,#72230,#72220,#72160));
#72260=FACE_OUTER_BOUND('',#72250,.T.);
#72270=ADVANCED_FACE('',(#72260),#72150,.F.);
#72280=COLOUR_RGB('',0.831372618675232,0.850980460643768,
0.858823597431183);
#72290=FILL_AREA_STYLE_COLOUR('',#72280);
#72300=FILL_AREA_STYLE('',(#72290));
#72310=SURFACE_STYLE_FILL_AREA(#72300);
#72320=SURFACE_SIDE_STYLE('',(#72310));
#72330=SURFACE_STYLE_USAGE(.BOTH.,#72320);
#72340=PRESENTATION_STYLE_ASSIGNMENT((#72330));
#72350=CARTESIAN_POINT('',(-4.15880605913667,5.44,-6.80447553637647));
#72360=DIRECTION('',(-1.02892882580434E-16,1.,3.58849954977109E-17));
#72370=DIRECTION('',(-1.,-1.02892882580434E-16,1.11022302462516E-16));
#72380=AXIS2_PLACEMENT_3D('',#72350,#72360,#72370);
#72390=CYLINDRICAL_SURFACE('',#72380,0.0750959781925748);
#72400=ORIENTED_EDGE('',*,*,#62430,.F.);
#72410=ORIENTED_EDGE('',*,*,#70070,.F.);
#72420=ORIENTED_EDGE('',*,*,#66310,.T.);
#72430=ORIENTED_EDGE('',*,*,#72210,.F.);
#72440=EDGE_LOOP('',(#72430,#72420,#72410,#72400));
#72450=FACE_OUTER_BOUND('',#72440,.T.);
#72460=ADVANCED_FACE('',(#72450),#72390,.T.);
#72470=COLOUR_RGB('',0.831372618675232,0.850980460643768,
0.858823597431183);
#72480=FILL_AREA_STYLE_COLOUR('',#72470);
#72490=FILL_AREA_STYLE('',(#72480));
#72500=SURFACE_STYLE_FILL_AREA(#72490);
#72510=SURFACE_SIDE_STYLE('',(#72500));
#72520=SURFACE_STYLE_USAGE(.BOTH.,#72510);
#72530=PRESENTATION_STYLE_ASSIGNMENT((#72520));
#72540=CARTESIAN_POINT('',(-4.92487145907687,5.44,-7.89987202907667));
#72550=DIRECTION('',(-1.02892882580434E-16,1.,3.58849954977109E-17));
#72560=DIRECTION('',(-1.,-1.02892882580434E-16,1.11022302462516E-16));
#72570=AXIS2_PLACEMENT_3D('',#72540,#72550,#72560);
#72580=CYLINDRICAL_SURFACE('',#72570,0.100127970923324);
#72590=ORIENTED_EDGE('',*,*,#51940,.T.);
#72600=CARTESIAN_POINT('',(-4.92487145907687,5.44,-8.));
#72610=DIRECTION('',(1.02892882580434E-16,-1.,-3.58849954977109E-17));
#72620=VECTOR('',#72610,0.5);
#72630=LINE('',#72600,#72620);
#72640=EDGE_CURVE('',#51840,#66910,#72630,.T.);
#72650=ORIENTED_EDGE('',*,*,#72640,.F.);
#72660=ORIENTED_EDGE('',*,*,#66920,.F.);
#72670=ORIENTED_EDGE('',*,*,#64560,.F.);
#72680=EDGE_LOOP('',(#72670,#72660,#72650,#72590));
#72690=FACE_OUTER_BOUND('',#72680,.T.);
#72700=ADVANCED_FACE('',(#72690),#72580,.F.);
#72710=COLOUR_RGB('',0.831372618675232,0.850980460643768,
0.858823597431183);
#72720=FILL_AREA_STYLE_COLOUR('',#72710);
#72730=FILL_AREA_STYLE('',(#72720));
#72740=SURFACE_STYLE_FILL_AREA(#72730);
#72750=SURFACE_SIDE_STYLE('',(#72740));
#72760=SURFACE_STYLE_USAGE(.BOTH.,#72750);
#72770=PRESENTATION_STYLE_ASSIGNMENT((#72760));
#72780=CARTESIAN_POINT('',(-3.6,5.44,-6.67512854092309));
#72790=DIRECTION('',(1.,1.02892882580434E-16,-1.11022302462516E-16));
#72800=DIRECTION('',(1.11022302462516E-16,-3.58849954977109E-17,1.));
#72810=AXIS2_PLACEMENT_3D('',#72780,#72790,#72800);
#72820=PLANE('',#72810);
#72830=ORIENTED_EDGE('',*,*,#51680,.T.);
#72840=ORIENTED_EDGE('',*,*,#64080,.T.);
#72850=ORIENTED_EDGE('',*,*,#67150,.F.);
#72860=CARTESIAN_POINT('',(-3.6,5.44,-7.89987202907667));
#72870=DIRECTION('',(-1.02892882580434E-16,1.,3.58849954977109E-17));
#72880=VECTOR('',#72870,0.5);
#72890=LINE('',#72860,#72880);
#72900=EDGE_CURVE('',#67080,#51670,#72890,.T.);
#72910=ORIENTED_EDGE('',*,*,#72900,.F.);
#72920=EDGE_LOOP('',(#72910,#72850,#72840,#72830));
#72930=FACE_OUTER_BOUND('',#72920,.T.);
#72940=ADVANCED_FACE('',(#72930),#72820,.F.);
#72950=COLOUR_RGB('',0.831372618675232,0.850980460643768,
0.858823597431183);
#72960=FILL_AREA_STYLE_COLOUR('',#72950);
#72970=FILL_AREA_STYLE('',(#72960));
#72980=SURFACE_STYLE_FILL_AREA(#72970);
#72990=SURFACE_SIDE_STYLE('',(#72980));
#73000=SURFACE_STYLE_USAGE(.BOTH.,#72990);
#73010=PRESENTATION_STYLE_ASSIGNMENT((#73000));
#73020=CARTESIAN_POINT('',(-3.70012797092336,5.44,-8.));
#73030=DIRECTION('',(-1.11022302462516E-16,3.58849954977109E-17,-1.));
#73040=DIRECTION('',(1.,1.02892882580434E-16,-1.11022302462516E-16));
#73050=AXIS2_PLACEMENT_3D('',#73020,#73030,#73040);
#73060=PLANE('',#73050);
#73070=ORIENTED_EDGE('',*,*,#51850,.T.);
#73080=CARTESIAN_POINT('',(-3.70012797092336,5.44,-8.));
#73090=DIRECTION('',(1.02892882580434E-16,-1.,-3.58849954977109E-17));
#73100=VECTOR('',#73090,0.5);
#73110=LINE('',#73080,#73100);
#73120=EDGE_CURVE('',#51760,#66990,#73110,.T.);
#73130=ORIENTED_EDGE('',*,*,#73120,.F.);
#73140=ORIENTED_EDGE('',*,*,#67000,.F.);
#73150=ORIENTED_EDGE('',*,*,#72640,.T.);
#73160=EDGE_LOOP('',(#73150,#73140,#73130,#73070));
#73170=FACE_OUTER_BOUND('',#73160,.T.);
#73180=ADVANCED_FACE('',(#73170),#73060,.F.);
#73190=COLOUR_RGB('',0.831372618675232,0.850980460643768,
0.858823597431183);
#73200=FILL_AREA_STYLE_COLOUR('',#73190);
#73210=FILL_AREA_STYLE('',(#73200));
#73220=SURFACE_STYLE_FILL_AREA(#73210);
#73230=SURFACE_SIDE_STYLE('',(#73220));
#73240=SURFACE_STYLE_USAGE(.BOTH.,#73230);
#73250=PRESENTATION_STYLE_ASSIGNMENT((#73240));
#73260=CARTESIAN_POINT('',(-3.70012797092336,5.44,-7.89987202907667));
#73270=DIRECTION('',(-1.02892882580434E-16,1.,3.58849954977109E-17));
#73280=DIRECTION('',(-1.,-1.02892882580434E-16,1.11022302462516E-16));
#73290=AXIS2_PLACEMENT_3D('',#73260,#73270,#73280);
#73300=CYLINDRICAL_SURFACE('',#73290,0.100127970923361);
#73310=ORIENTED_EDGE('',*,*,#51770,.T.);
#73320=ORIENTED_EDGE('',*,*,#72900,.T.);
#73330=ORIENTED_EDGE('',*,*,#67090,.F.);
#73340=ORIENTED_EDGE('',*,*,#73120,.T.);
#73350=EDGE_LOOP('',(#73340,#73330,#73320,#73310));
#73360=FACE_OUTER_BOUND('',#73350,.T.);
#73370=ADVANCED_FACE('',(#73360),#73300,.F.);
#73380=COLOUR_RGB('',0.831372618675232,0.850980460643768,
0.858823597431183);
#73390=FILL_AREA_STYLE_COLOUR('',#73380);
#73400=FILL_AREA_STYLE('',(#73390));
#73410=SURFACE_STYLE_FILL_AREA(#73400);
#73420=SURFACE_SIDE_STYLE('',(#73410));
#73430=SURFACE_STYLE_USAGE(.BOTH.,#73420);
#73440=PRESENTATION_STYLE_ASSIGNMENT((#73430));
#73450=ORIENTED_EDGE('',*,*,#4670,.T.);
#73460=ORIENTED_EDGE('',*,*,#40850,.F.);
#73470=ORIENTED_EDGE('',*,*,#4840,.F.);
#73480=ORIENTED_EDGE('',*,*,#60430,.F.);
#73490=EDGE_LOOP('',(#73480,#73470,#73460,#73450));
#73500=FACE_OUTER_BOUND('',#73490,.T.);
#73510=ADVANCED_FACE('',(#73500),#4580,.F.);
#73520=COLOUR_RGB('',0.831372618675232,0.850980460643768,
0.858823597431183);
#73530=FILL_AREA_STYLE_COLOUR('',#73520);
#73540=FILL_AREA_STYLE('',(#73530));
#73550=SURFACE_STYLE_FILL_AREA(#73540);
#73560=SURFACE_SIDE_STYLE('',(#73550));
#73570=SURFACE_STYLE_USAGE(.BOTH.,#73560);
#73580=PRESENTATION_STYLE_ASSIGNMENT((#73570));
#73590=CARTESIAN_POINT('',(4.35000000000002,-7.55000000000001,0.));
#73600=DIRECTION('',(0.,0.,-1.));
#73610=DIRECTION('',(-1.,0.,0.));
#73620=AXIS2_PLACEMENT_3D('',#73590,#73600,#73610);
#73630=CIRCLE('',#73620,0.35);
#73640=CARTESIAN_POINT('',(4.00000000000002,-7.55000000000001,0.));
#73650=VERTEX_POINT('',#73640);
#73660=EDGE_CURVE('',#870,#73650,#73630,.T.);
#73670=ORIENTED_EDGE('',*,*,#73660,.F.);
#73680=EDGE_CURVE('',#19020,#73650,#11960,.T.);
#73690=ORIENTED_EDGE('',*,*,#73680,.T.);
#73700=ORIENTED_EDGE('',*,*,#19150,.T.);
#73710=ORIENTED_EDGE('',*,*,#12010,.T.);
#73720=CARTESIAN_POINT('',(-4.35000000000002,-7.55000000000001,0.));
#73730=DIRECTION('',(0.,0.,1.));
#73740=DIRECTION('',(1.,0.,0.));
#73750=AXIS2_PLACEMENT_3D('',#73720,#73730,#73740);
#73760=CIRCLE('',#73750,0.35);
#73770=EDGE_CURVE('',#780,#11980,#73760,.T.);
#73780=ORIENTED_EDGE('',*,*,#73770,.T.);
#73790=EDGE_CURVE('',#780,#870,#850,.T.);
#73800=ORIENTED_EDGE('',*,*,#73790,.F.);
#73810=EDGE_LOOP('',(#73800,#73780,#73710,#73700,#73690,#73670));
#73820=FACE_OUTER_BOUND('',#73810,.T.);
#73830=ADVANCED_FACE('',(#73820),#600,.T.);
#73840=COLOUR_RGB('',0.831372618675232,0.850980460643768,
0.858823597431183);
#73850=FILL_AREA_STYLE_COLOUR('',#73840);
#73860=FILL_AREA_STYLE('',(#73850));
#73870=SURFACE_STYLE_FILL_AREA(#73860);
#73880=SURFACE_SIDE_STYLE('',(#73870));
#73890=SURFACE_STYLE_USAGE(.BOTH.,#73880);
#73900=PRESENTATION_STYLE_ASSIGNMENT((#73890));
#73910=ORIENTED_EDGE('',*,*,#30510,.F.);
#73920=ORIENTED_EDGE('',*,*,#30490,.F.);
#73930=ORIENTED_EDGE('',*,*,#8220,.T.);
#73940=ORIENTED_EDGE('',*,*,#60320,.F.);
#73950=ORIENTED_EDGE('',*,*,#8430,.F.);
#73960=EDGE_LOOP('',(#73950,#73940,#73930,#73920,#73910));
#73970=FACE_OUTER_BOUND('',#73960,.T.);
#73980=ADVANCED_FACE('',(#73970),#8130,.T.);
#73990=COLOUR_RGB('',0.831372618675232,0.850980460643768,
0.858823597431183);
#74000=FILL_AREA_STYLE_COLOUR('',#73990);
#74010=FILL_AREA_STYLE('',(#74000));
#74020=SURFACE_STYLE_FILL_AREA(#74010);
#74030=SURFACE_SIDE_STYLE('',(#74020));
#74040=SURFACE_STYLE_USAGE(.BOTH.,#74030);
#74050=PRESENTATION_STYLE_ASSIGNMENT((#74040));
#74060=CARTESIAN_POINT('',(-1.76776695296637,9.6,1.76776695296637));
#74070=DIRECTION('',(0.,1.,0.));
#74080=DIRECTION('',(1.,0.,0.));
#74090=AXIS2_PLACEMENT_3D('',#74060,#74070,#74080);
#74100=CIRCLE('',#74090,0.5);
#74110=CARTESIAN_POINT('',(-1.76776695296637,9.6,2.26776695296637));
#74120=VERTEX_POINT('',#74110);
#74130=EDGE_CURVE('',#74120,#6880,#74100,.T.);
#74140=ORIENTED_EDGE('',*,*,#74130,.T.);
#74150=EDGE_CURVE('',#6630,#74120,#74100,.T.);
#74160=ORIENTED_EDGE('',*,*,#74150,.T.);
#74170=ORIENTED_EDGE('',*,*,#32240,.T.);
#74180=EDGE_LOOP('',(#74170,#74160,#74140));
#74190=FACE_OUTER_BOUND('',#74180,.T.);
#74200=ADVANCED_FACE('',(#74190),#32180,.T.);
#74210=COLOUR_RGB('',0.831372618675232,0.850980460643768,
0.858823597431183);
#74220=FILL_AREA_STYLE_COLOUR('',#74210);
#74230=FILL_AREA_STYLE('',(#74220));
#74240=SURFACE_STYLE_FILL_AREA(#74230);
#74250=SURFACE_SIDE_STYLE('',(#74240));
#74260=SURFACE_STYLE_USAGE(.BOTH.,#74250);
#74270=PRESENTATION_STYLE_ASSIGNMENT((#74260));
#74280=ORIENTED_EDGE('',*,*,#2080,.T.);
#74290=ORIENTED_EDGE('',*,*,#3730,.F.);
#74300=ORIENTED_EDGE('',*,*,#24820,.F.);
#74310=ORIENTED_EDGE('',*,*,#3820,.T.);
#74320=EDGE_LOOP('',(#74310,#74300,#74290,#74280));
#74330=FACE_OUTER_BOUND('',#74320,.T.);
#74340=ADVANCED_FACE('',(#74330),#3660,.T.);
#74350=COLOUR_RGB('',0.831372618675232,0.850980460643768,
0.858823597431183);
#74360=FILL_AREA_STYLE_COLOUR('',#74350);
#74370=FILL_AREA_STYLE('',(#74360));
#74380=SURFACE_STYLE_FILL_AREA(#74370);
#74390=SURFACE_SIDE_STYLE('',(#74380));
#74400=SURFACE_STYLE_USAGE(.BOTH.,#74390);
#74410=PRESENTATION_STYLE_ASSIGNMENT((#74400));
#74420=ORIENTED_EDGE('',*,*,#60370,.F.);
#74430=ORIENTED_EDGE('',*,*,#6720,.F.);
#74440=ORIENTED_EDGE('',*,*,#74150,.F.);
#74450=ORIENTED_EDGE('',*,*,#74130,.F.);
#74460=ORIENTED_EDGE('',*,*,#6890,.T.);
#74470=EDGE_LOOP('',(#74460,#74450,#74440,#74430,#74420));
#74480=FACE_OUTER_BOUND('',#74470,.T.);
#74490=ADVANCED_FACE('',(#74480),#6540,.T.);
#74500=COLOUR_RGB('',0.831372618675232,0.850980460643768,
0.858823597431183);
#74510=FILL_AREA_STYLE_COLOUR('',#74500);
#74520=FILL_AREA_STYLE('',(#74510));
#74530=SURFACE_STYLE_FILL_AREA(#74520);
#74540=SURFACE_SIDE_STYLE('',(#74530));
#74550=SURFACE_STYLE_USAGE(.BOTH.,#74540);
#74560=PRESENTATION_STYLE_ASSIGNMENT((#74550));
#74570=ORIENTED_EDGE('',*,*,#63050,.F.);
#74580=ORIENTED_EDGE('',*,*,#68290,.T.);
#74590=ORIENTED_EDGE('',*,*,#65170,.T.);
#74600=ORIENTED_EDGE('',*,*,#68510,.F.);
#74610=EDGE_LOOP('',(#74600,#74590,#74580,#74570));
#74620=FACE_OUTER_BOUND('',#74610,.T.);
#74630=ADVANCED_FACE('',(#74620),#68450,.T.);
#74640=COLOUR_RGB('',0.831372618675232,0.850980460643768,
0.858823597431183);
#74650=FILL_AREA_STYLE_COLOUR('',#74640);
#74660=FILL_AREA_STYLE('',(#74650));
#74670=SURFACE_STYLE_FILL_AREA(#74660);
#74680=SURFACE_SIDE_STYLE('',(#74670));
#74690=SURFACE_STYLE_USAGE(.BOTH.,#74680);
#74700=PRESENTATION_STYLE_ASSIGNMENT((#74690));
#74710=ORIENTED_EDGE('',*,*,#23700,.F.);
#74720=ORIENTED_EDGE('',*,*,#10430,.T.);
#74730=ORIENTED_EDGE('',*,*,#18690,.F.);
#74740=ORIENTED_EDGE('',*,*,#10260,.F.);
#74750=EDGE_LOOP('',(#74740,#74730,#74720,#74710));
#74760=FACE_OUTER_BOUND('',#74750,.T.);
#74770=ADVANCED_FACE('',(#74760),#10170,.F.);
#74780=COLOUR_RGB('',0.831372618675232,0.850980460643768,
0.858823597431183);
#74790=FILL_AREA_STYLE_COLOUR('',#74780);
#74800=FILL_AREA_STYLE('',(#74790));
#74810=SURFACE_STYLE_FILL_AREA(#74800);
#74820=SURFACE_SIDE_STYLE('',(#74810));
#74830=SURFACE_STYLE_USAGE(.BOTH.,#74820);
#74840=PRESENTATION_STYLE_ASSIGNMENT((#74830));
#74850=ORIENTED_EDGE('',*,*,#29370,.F.);
#74860=ORIENTED_EDGE('',*,*,#29500,.T.);
#74870=EDGE_LOOP('',(#74860,#74850));
#74880=FACE_OUTER_BOUND('',#74870,.T.);
#74890=ADVANCED_FACE('',(#74880),#50,.T.);
#74900=COLOUR_RGB('',0.831372618675232,0.850980460643768,
0.858823597431183);
#74910=FILL_AREA_STYLE_COLOUR('',#74900);
#74920=FILL_AREA_STYLE('',(#74910));
#74930=SURFACE_STYLE_FILL_AREA(#74920);
#74940=SURFACE_SIDE_STYLE('',(#74930));
#74950=SURFACE_STYLE_USAGE(.BOTH.,#74940);
#74960=PRESENTATION_STYLE_ASSIGNMENT((#74950));
#74970=ORIENTED_EDGE('',*,*,#64890,.T.);
#74980=ORIENTED_EDGE('',*,*,#67390,.F.);
#74990=ORIENTED_EDGE('',*,*,#63670,.F.);
#75000=ORIENTED_EDGE('',*,*,#67460,.T.);
#75010=EDGE_LOOP('',(#75000,#74990,#74980,#74970));
#75020=FACE_OUTER_BOUND('',#75010,.T.);
#75030=ADVANCED_FACE('',(#75020),#67340,.T.);
#75040=COLOUR_RGB('',0.831372618675232,0.850980460643768,
0.858823597431183);
#75050=FILL_AREA_STYLE_COLOUR('',#75040);
#75060=FILL_AREA_STYLE('',(#75050));
#75070=SURFACE_STYLE_FILL_AREA(#75060);
#75080=SURFACE_SIDE_STYLE('',(#75070));
#75090=SURFACE_STYLE_USAGE(.BOTH.,#75080);
#75100=PRESENTATION_STYLE_ASSIGNMENT((#75090));
#75110=ORIENTED_EDGE('',*,*,#9770,.F.);
#75120=ORIENTED_EDGE('',*,*,#25000,.F.);
#75130=ORIENTED_EDGE('',*,*,#9940,.T.);
#75140=ORIENTED_EDGE('',*,*,#18650,.F.);
#75150=EDGE_LOOP('',(#75140,#75130,#75120,#75110));
#75160=FACE_OUTER_BOUND('',#75150,.T.);
#75170=ADVANCED_FACE('',(#75160),#9680,.F.);
#75180=COLOUR_RGB('',0.831372618675232,0.850980460643768,
0.858823597431183);
#75190=FILL_AREA_STYLE_COLOUR('',#75180);
#75200=FILL_AREA_STYLE('',(#75190));
#75210=SURFACE_STYLE_FILL_AREA(#75200);
#75220=SURFACE_SIDE_STYLE('',(#75210));
#75230=SURFACE_STYLE_USAGE(.BOTH.,#75220);
#75240=PRESENTATION_STYLE_ASSIGNMENT((#75230));
#75250=ORIENTED_EDGE('',*,*,#18790,.F.);
#75260=ORIENTED_EDGE('',*,*,#11240,.F.);
#75270=ORIENTED_EDGE('',*,*,#21880,.F.);
#75280=ORIENTED_EDGE('',*,*,#11410,.T.);
#75290=EDGE_LOOP('',(#75280,#75270,#75260,#75250));
#75300=FACE_OUTER_BOUND('',#75290,.T.);
#75310=ADVANCED_FACE('',(#75300),#11150,.F.);
#75320=COLOUR_RGB('',0.831372618675232,0.850980460643768,
0.858823597431183);
#75330=FILL_AREA_STYLE_COLOUR('',#75320);
#75340=FILL_AREA_STYLE('',(#75330));
#75350=SURFACE_STYLE_FILL_AREA(#75340);
#75360=SURFACE_SIDE_STYLE('',(#75350));
#75370=SURFACE_STYLE_USAGE(.BOTH.,#75360);
#75380=PRESENTATION_STYLE_ASSIGNMENT((#75370));
#75390=ORIENTED_EDGE('',*,*,#2950,.F.);
#75400=ORIENTED_EDGE('',*,*,#1740,.T.);
#75410=ORIENTED_EDGE('',*,*,#3020,.T.);
#75420=ORIENTED_EDGE('',*,*,#2250,.F.);
#75430=EDGE_LOOP('',(#75420,#75410,#75400,#75390));
#75440=FACE_OUTER_BOUND('',#75430,.T.);
#75450=ADVANCED_FACE('',(#75440),#2900,.F.);
#75460=COLOUR_RGB('',0.831372618675232,0.850980460643768,
0.858823597431183);
#75470=FILL_AREA_STYLE_COLOUR('',#75460);
#75480=FILL_AREA_STYLE('',(#75470));
#75490=SURFACE_STYLE_FILL_AREA(#75480);
#75500=SURFACE_SIDE_STYLE('',(#75490));
#75510=SURFACE_STYLE_USAGE(.BOTH.,#75500);
#75520=PRESENTATION_STYLE_ASSIGNMENT((#75510));
#75530=ORIENTED_EDGE('',*,*,#17730,.T.);
#75540=ORIENTED_EDGE('',*,*,#9450,.F.);
#75550=ORIENTED_EDGE('',*,*,#25570,.F.);
#75560=ORIENTED_EDGE('',*,*,#9280,.T.);
#75570=EDGE_LOOP('',(#75560,#75550,#75540,#75530));
#75580=FACE_OUTER_BOUND('',#75570,.T.);
#75590=ADVANCED_FACE('',(#75580),#9190,.F.);
#75600=COLOUR_RGB('',0.831372618675232,0.850980460643768,
0.858823597431183);
#75610=FILL_AREA_STYLE_COLOUR('',#75600);
#75620=FILL_AREA_STYLE('',(#75610));
#75630=SURFACE_STYLE_FILL_AREA(#75620);
#75640=SURFACE_SIDE_STYLE('',(#75630));
#75650=SURFACE_STYLE_USAGE(.BOTH.,#75640);
#75660=PRESENTATION_STYLE_ASSIGNMENT((#75650));
#75670=ORIENTED_EDGE('',*,*,#18390,.T.);
#75680=ORIENTED_EDGE('',*,*,#19780,.T.);
#75690=ORIENTED_EDGE('',*,*,#73680,.F.);
#75700=EDGE_CURVE('',#73650,#11890,#11960,.T.);
#75710=ORIENTED_EDGE('',*,*,#75700,.F.);
#75720=ORIENTED_EDGE('',*,*,#11900,.T.);
#75730=EDGE_LOOP('',(#75720,#75710,#75690,#75680,#75670));
#75740=FACE_OUTER_BOUND('',#75730,.T.);
#75750=ADVANCED_FACE('',(#75740),#11640,.T.);
#75760=COLOUR_RGB('',0.831372618675232,0.850980460643768,
0.858823597431183);
#75770=FILL_AREA_STYLE_COLOUR('',#75760);
#75780=FILL_AREA_STYLE('',(#75770));
#75790=SURFACE_STYLE_FILL_AREA(#75780);
#75800=SURFACE_SIDE_STYLE('',(#75790));
#75810=SURFACE_STYLE_USAGE(.BOTH.,#75800);
#75820=PRESENTATION_STYLE_ASSIGNMENT((#75810));
#75830=ORIENTED_EDGE('',*,*,#8840,.F.);
#75840=CARTESIAN_POINT('',(0.,9.6,0.));
#75850=DIRECTION('',(0.,1.,0.));
#75860=DIRECTION('',(1.,0.,0.));
#75870=AXIS2_PLACEMENT_3D('',#75840,#75850,#75860);
#75880=CIRCLE('',#75870,0.5);
#75890=CARTESIAN_POINT('',(-9.18485099360515E-17,9.6,0.5));
#75900=VERTEX_POINT('',#75890);
#75910=EDGE_CURVE('',#8750,#75900,#75880,.T.);
#75920=ORIENTED_EDGE('',*,*,#75910,.F.);
#75930=EDGE_CURVE('',#75900,#9000,#75880,.T.);
#75940=ORIENTED_EDGE('',*,*,#75930,.F.);
#75950=ORIENTED_EDGE('',*,*,#9010,.T.);
#75960=ORIENTED_EDGE('',*,*,#40910,.F.);
#75970=EDGE_LOOP('',(#75960,#75950,#75940,#75920,#75830));
#75980=FACE_OUTER_BOUND('',#75970,.T.);
#75990=ADVANCED_FACE('',(#75980),#8660,.T.);
#76000=COLOUR_RGB('',0.831372618675232,0.850980460643768,
0.858823597431183);
#76010=FILL_AREA_STYLE_COLOUR('',#76000);
#76020=FILL_AREA_STYLE('',(#76010));
#76030=SURFACE_STYLE_FILL_AREA(#76020);
#76040=SURFACE_SIDE_STYLE('',(#76030));
#76050=SURFACE_STYLE_USAGE(.BOTH.,#76040);
#76060=PRESENTATION_STYLE_ASSIGNMENT((#76050));
#76070=ORIENTED_EDGE('',*,*,#63440,.T.);
#76080=ORIENTED_EDGE('',*,*,#68000,.F.);
#76090=ORIENTED_EDGE('',*,*,#65560,.F.);
#76100=ORIENTED_EDGE('',*,*,#69470,.F.);
#76110=EDGE_LOOP('',(#76100,#76090,#76080,#76070));
#76120=FACE_OUTER_BOUND('',#76110,.T.);
#76130=ADVANCED_FACE('',(#76120),#69410,.F.);
#76140=COLOUR_RGB('',0.831372618675232,0.850980460643768,
0.858823597431183);
#76150=FILL_AREA_STYLE_COLOUR('',#76140);
#76160=FILL_AREA_STYLE('',(#76150));
#76170=SURFACE_STYLE_FILL_AREA(#76160);
#76180=SURFACE_SIDE_STYLE('',(#76170));
#76190=SURFACE_STYLE_USAGE(.BOTH.,#76180);
#76200=PRESENTATION_STYLE_ASSIGNMENT((#76190));
#76210=CARTESIAN_POINT('',(-1.76776695296637,9.6,-1.76776695296637));
#76220=DIRECTION('',(0.,1.,0.));
#76230=DIRECTION('',(1.,0.,0.));
#76240=AXIS2_PLACEMENT_3D('',#76210,#76220,#76230);
#76250=CIRCLE('',#76240,0.5);
#76260=CARTESIAN_POINT('',(-1.76776695296637,9.6,-1.26776695296637));
#76270=VERTEX_POINT('',#76260);
#76280=EDGE_CURVE('',#76270,#7150,#76250,.T.);
#76290=ORIENTED_EDGE('',*,*,#76280,.F.);
#76300=ORIENTED_EDGE('',*,*,#7160,.T.);
#76310=ORIENTED_EDGE('',*,*,#60220,.F.);
#76320=ORIENTED_EDGE('',*,*,#7370,.F.);
#76330=EDGE_CURVE('',#7280,#76270,#76250,.T.);
#76340=ORIENTED_EDGE('',*,*,#76330,.F.);
#76350=EDGE_LOOP('',(#76340,#76320,#76310,#76300,#76290));
#76360=FACE_OUTER_BOUND('',#76350,.T.);
#76370=ADVANCED_FACE('',(#76360),#7070,.T.);
#76380=COLOUR_RGB('',0.831372618675232,0.850980460643768,
0.858823597431183);
#76390=FILL_AREA_STYLE_COLOUR('',#76380);
#76400=FILL_AREA_STYLE('',(#76390));
#76410=SURFACE_STYLE_FILL_AREA(#76400);
#76420=SURFACE_SIDE_STYLE('',(#76410));
#76430=SURFACE_STYLE_USAGE(.BOTH.,#76420);
#76440=PRESENTATION_STYLE_ASSIGNMENT((#76430));
#76450=ORIENTED_EDGE('',*,*,#6140,.T.);
#76460=ORIENTED_EDGE('',*,*,#56130,.F.);
#76470=ORIENTED_EDGE('',*,*,#6310,.F.);
#76480=ORIENTED_EDGE('',*,*,#33000,.T.);
#76490=EDGE_LOOP('',(#76480,#76470,#76460,#76450));
#76500=FACE_OUTER_BOUND('',#76490,.T.);
#76510=ADVANCED_FACE('',(#76500),#6050,.T.);
#76520=COLOUR_RGB('',0.831372618675232,0.850980460643768,
0.858823597431183);
#76530=FILL_AREA_STYLE_COLOUR('',#76520);
#76540=FILL_AREA_STYLE('',(#76530));
#76550=SURFACE_STYLE_FILL_AREA(#76540);
#76560=SURFACE_SIDE_STYLE('',(#76550));
#76570=SURFACE_STYLE_USAGE(.BOTH.,#76560);
#76580=PRESENTATION_STYLE_ASSIGNMENT((#76570));
#76590=ORIENTED_EDGE('',*,*,#7820,.T.);
#76600=ORIENTED_EDGE('',*,*,#7780,.T.);
#76610=ORIENTED_EDGE('',*,*,#31050,.T.);
#76620=EDGE_LOOP('',(#76610,#76600,#76590));
#76630=FACE_OUTER_BOUND('',#76620,.T.);
#76640=ADVANCED_FACE('',(#76630),#30990,.T.);
#76650=COLOUR_RGB('',0.831372618675232,0.850980460643768,
0.858823597431183);
#76660=FILL_AREA_STYLE_COLOUR('',#76650);
#76670=FILL_AREA_STYLE('',(#76660));
#76680=SURFACE_STYLE_FILL_AREA(#76670);
#76690=SURFACE_SIDE_STYLE('',(#76680));
#76700=SURFACE_STYLE_USAGE(.BOTH.,#76690);
#76710=PRESENTATION_STYLE_ASSIGNMENT((#76700));
#76720=ORIENTED_EDGE('',*,*,#10750,.T.);
#76730=ORIENTED_EDGE('',*,*,#18740,.F.);
#76740=ORIENTED_EDGE('',*,*,#10920,.F.);
#76750=ORIENTED_EDGE('',*,*,#23040,.F.);
#76760=EDGE_LOOP('',(#76750,#76740,#76730,#76720));
#76770=FACE_OUTER_BOUND('',#76760,.T.);
#76780=ADVANCED_FACE('',(#76770),#10660,.F.);
#76790=COLOUR_RGB('',0.831372618675232,0.850980460643768,
0.858823597431183);
#76800=FILL_AREA_STYLE_COLOUR('',#76790);
#76810=FILL_AREA_STYLE('',(#76800));
#76820=SURFACE_STYLE_FILL_AREA(#76810);
#76830=SURFACE_SIDE_STYLE('',(#76820));
#76840=SURFACE_STYLE_USAGE(.BOTH.,#76830);
#76850=PRESENTATION_STYLE_ASSIGNMENT((#76840));
#76860=ORIENTED_EDGE('',*,*,#8350,.T.);
#76870=ORIENTED_EDGE('',*,*,#8310,.T.);
#76880=ORIENTED_EDGE('',*,*,#30400,.T.);
#76890=EDGE_LOOP('',(#76880,#76870,#76860));
#76900=FACE_OUTER_BOUND('',#76890,.T.);
#76910=ADVANCED_FACE('',(#76900),#30340,.T.);
#76920=COLOUR_RGB('',0.831372618675232,0.850980460643768,
0.858823597431183);
#76930=FILL_AREA_STYLE_COLOUR('',#76920);
#76940=FILL_AREA_STYLE('',(#76930));
#76950=SURFACE_STYLE_FILL_AREA(#76940);
#76960=SURFACE_SIDE_STYLE('',(#76950));
#76970=SURFACE_STYLE_USAGE(.BOTH.,#76960);
#76980=PRESENTATION_STYLE_ASSIGNMENT((#76970));
#76990=ORIENTED_EDGE('',*,*,#61620,.T.);
#77000=ORIENTED_EDGE('',*,*,#71990,.F.);
#77010=ORIENTED_EDGE('',*,*,#66050,.F.);
#77020=ORIENTED_EDGE('',*,*,#71680,.F.);
#77030=EDGE_LOOP('',(#77020,#77010,#77000,#76990));
#77040=FACE_OUTER_BOUND('',#77030,.T.);
#77050=ADVANCED_FACE('',(#77040),#71620,.F.);
#77060=COLOUR_RGB('',0.831372618675232,0.850980460643768,
0.858823597431183);
#77070=FILL_AREA_STYLE_COLOUR('',#77060);
#77080=FILL_AREA_STYLE('',(#77070));
#77090=SURFACE_STYLE_FILL_AREA(#77080);
#77100=SURFACE_SIDE_STYLE('',(#77090));
#77110=SURFACE_STYLE_USAGE(.BOTH.,#77100);
#77120=PRESENTATION_STYLE_ASSIGNMENT((#77110));
#77130=ORIENTED_EDGE('',*,*,#51460,.F.);
#77140=ORIENTED_EDGE('',*,*,#5160,.F.);
#77150=ORIENTED_EDGE('',*,*,#41080,.T.);
#77160=ORIENTED_EDGE('',*,*,#5330,.T.);
#77170=EDGE_LOOP('',(#77160,#77150,#77140,#77130));
#77180=FACE_OUTER_BOUND('',#77170,.T.);
#77190=ADVANCED_FACE('',(#77180),#5070,.T.);
#77200=COLOUR_RGB('',0.831372618675232,0.850980460643768,
0.858823597431183);
#77210=FILL_AREA_STYLE_COLOUR('',#77200);
#77220=FILL_AREA_STYLE('',(#77210));
#77230=SURFACE_STYLE_FILL_AREA(#77220);
#77240=SURFACE_SIDE_STYLE('',(#77230));
#77250=SURFACE_STYLE_USAGE(.BOTH.,#77240);
#77260=PRESENTATION_STYLE_ASSIGNMENT((#77250));
#77270=ORIENTED_EDGE('',*,*,#4140,.T.);
#77280=ORIENTED_EDGE('',*,*,#29540,.T.);
#77290=ORIENTED_EDGE('',*,*,#4350,.F.);
#77300=CARTESIAN_POINT('',(-6.24999999999998,-2.4,0.));
#77310=VERTEX_POINT('',#77300);
#77320=EDGE_CURVE('',#4260,#77310,#4200,.T.);
#77330=ORIENTED_EDGE('',*,*,#77320,.F.);
#77340=EDGE_CURVE('',#77310,#4130,#4200,.T.);
#77350=ORIENTED_EDGE('',*,*,#77340,.F.);
#77360=EDGE_LOOP('',(#77350,#77330,#77290,#77280,#77270));
#77370=FACE_OUTER_BOUND('',#77360,.T.);
#77380=ADVANCED_FACE('',(#77370),#4050,.T.);
#77390=COLOUR_RGB('',0.831372618675232,0.850980460643768,
0.858823597431183);
#77400=FILL_AREA_STYLE_COLOUR('',#77390);
#77410=FILL_AREA_STYLE('',(#77400));
#77420=SURFACE_STYLE_FILL_AREA(#77410);
#77430=SURFACE_SIDE_STYLE('',(#77420));
#77440=SURFACE_STYLE_USAGE(.BOTH.,#77430);
#77450=PRESENTATION_STYLE_ASSIGNMENT((#77440));
#77460=ORIENTED_EDGE('',*,*,#76280,.T.);
#77470=ORIENTED_EDGE('',*,*,#76330,.T.);
#77480=ORIENTED_EDGE('',*,*,#31690,.T.);
#77490=EDGE_LOOP('',(#77480,#77470,#77460));
#77500=FACE_OUTER_BOUND('',#77490,.T.);
#77510=ADVANCED_FACE('',(#77500),#31630,.T.);
#77520=COLOUR_RGB('',0.831372618675232,0.850980460643768,
0.858823597431183);
#77530=FILL_AREA_STYLE_COLOUR('',#77520);
#77540=FILL_AREA_STYLE('',(#77530));
#77550=SURFACE_STYLE_FILL_AREA(#77540);
#77560=SURFACE_SIDE_STYLE('',(#77550));
#77570=SURFACE_STYLE_USAGE(.BOTH.,#77560);
#77580=PRESENTATION_STYLE_ASSIGNMENT((#77570));
#77590=ORIENTED_EDGE('',*,*,#31160,.F.);
#77600=ORIENTED_EDGE('',*,*,#31140,.F.);
#77610=ORIENTED_EDGE('',*,*,#7690,.T.);
#77620=ORIENTED_EDGE('',*,*,#60270,.F.);
#77630=ORIENTED_EDGE('',*,*,#7900,.F.);
#77640=EDGE_LOOP('',(#77630,#77620,#77610,#77600,#77590));
#77650=FACE_OUTER_BOUND('',#77640,.T.);
#77660=ADVANCED_FACE('',(#77650),#7600,.T.);
#77670=COLOUR_RGB('',0.831372618675232,0.850980460643768,
0.858823597431183);
#77680=FILL_AREA_STYLE_COLOUR('',#77670);
#77690=FILL_AREA_STYLE('',(#77680));
#77700=SURFACE_STYLE_FILL_AREA(#77690);
#77710=SURFACE_SIDE_STYLE('',(#77700));
#77720=SURFACE_STYLE_USAGE(.BOTH.,#77710);
#77730=PRESENTATION_STYLE_ASSIGNMENT((#77720));
#77740=ORIENTED_EDGE('',*,*,#5650,.F.);
#77750=ORIENTED_EDGE('',*,*,#40670,.T.);
#77760=ORIENTED_EDGE('',*,*,#5820,.T.);
#77770=ORIENTED_EDGE('',*,*,#54100,.F.);
#77780=EDGE_LOOP('',(#77770,#77760,#77750,#77740));
#77790=FACE_OUTER_BOUND('',#77780,.T.);
#77800=ADVANCED_FACE('',(#77790),#5560,.T.);
#77810=COLOUR_RGB('',0.831372618675232,0.850980460643768,
0.858823597431183);
#77820=FILL_AREA_STYLE_COLOUR('',#77810);
#77830=FILL_AREA_STYLE('',(#77820));
#77840=SURFACE_STYLE_FILL_AREA(#77830);
#77850=SURFACE_SIDE_STYLE('',(#77840));
#77860=SURFACE_STYLE_USAGE(.BOTH.,#77850);
#77870=PRESENTATION_STYLE_ASSIGNMENT((#77860));
#77880=ORIENTED_EDGE('',*,*,#75930,.T.);
#77890=ORIENTED_EDGE('',*,*,#75910,.T.);
#77900=ORIENTED_EDGE('',*,*,#29770,.T.);
#77910=EDGE_LOOP('',(#77900,#77890,#77880));
#77920=FACE_OUTER_BOUND('',#77910,.T.);
#77930=ADVANCED_FACE('',(#77920),#29710,.T.);
#77940=COLOUR_RGB('',0.831372618675232,0.850980460643768,
0.858823597431183);
#77950=FILL_AREA_STYLE_COLOUR('',#77940);
#77960=FILL_AREA_STYLE('',(#77950));
#77970=SURFACE_STYLE_FILL_AREA(#77960);
#77980=SURFACE_SIDE_STYLE('',(#77970));
#77990=SURFACE_STYLE_USAGE(.BOTH.,#77980);
#78000=PRESENTATION_STYLE_ASSIGNMENT((#77990));
#78010=ORIENTED_EDGE('',*,*,#240,.T.);
#78020=ORIENTED_EDGE('',*,*,#21690,.F.);
#78030=ORIENTED_EDGE('',*,*,#420,.F.);
#78040=EDGE_CURVE('',#230,#320,#300,.T.);
#78050=ORIENTED_EDGE('',*,*,#78040,.T.);
#78060=EDGE_LOOP('',(#78050,#78030,#78020,#78010));
#78070=FACE_OUTER_BOUND('',#78060,.T.);
#78080=ADVANCED_FACE('',(#78070),#50,.T.);
#78090=COLOUR_RGB('',0.831372618675232,0.850980460643768,
0.858823597431183);
#78100=FILL_AREA_STYLE_COLOUR('',#78090);
#78110=FILL_AREA_STYLE('',(#78100));
#78120=SURFACE_STYLE_FILL_AREA(#78110);
#78130=SURFACE_SIDE_STYLE('',(#78120));
#78140=SURFACE_STYLE_USAGE(.BOTH.,#78130);
#78150=PRESENTATION_STYLE_ASSIGNMENT((#78140));
#78160=ORIENTED_EDGE('',*,*,#790,.T.);
#78170=ORIENTED_EDGE('',*,*,#1800,.F.);
#78180=ORIENTED_EDGE('',*,*,#970,.F.);
#78190=ORIENTED_EDGE('',*,*,#73790,.T.);
#78200=EDGE_LOOP('',(#78190,#78180,#78170,#78160));
#78210=FACE_OUTER_BOUND('',#78200,.T.);
#78220=ADVANCED_FACE('',(#78210),#600,.T.);
#78230=COLOUR_RGB('',0.831372618675232,0.850980460643768,
0.858823597431183);
#78240=FILL_AREA_STYLE_COLOUR('',#78230);
#78250=FILL_AREA_STYLE('',(#78240));
#78260=SURFACE_STYLE_FILL_AREA(#78250);
#78270=SURFACE_SIDE_STYLE('',(#78260));
#78280=SURFACE_STYLE_USAGE(.BOTH.,#78270);
#78290=PRESENTATION_STYLE_ASSIGNMENT((#78280));
#78300=ORIENTED_EDGE('',*,*,#29480,.T.);
#78310=ORIENTED_EDGE('',*,*,#29410,.F.);
#78320=EDGE_LOOP('',(#78310,#78300));
#78330=FACE_OUTER_BOUND('',#78320,.T.);
#78340=ADVANCED_FACE('',(#78330),#50,.T.);
#78350=COLOUR_RGB('',0.831372618675232,0.850980460643768,
0.858823597431183);
#78360=FILL_AREA_STYLE_COLOUR('',#78350);
#78370=FILL_AREA_STYLE('',(#78360));
#78380=SURFACE_STYLE_FILL_AREA(#78370);
#78390=SURFACE_SIDE_STYLE('',(#78380));
#78400=SURFACE_STYLE_USAGE(.BOTH.,#78390);
#78410=PRESENTATION_STYLE_ASSIGNMENT((#78400));
#78420=ORIENTED_EDGE('',*,*,#11990,.T.);
#78430=ORIENTED_EDGE('',*,*,#75700,.T.);
#78440=ORIENTED_EDGE('',*,*,#73660,.T.);
#78450=ORIENTED_EDGE('',*,*,#880,.F.);
#78460=ORIENTED_EDGE('',*,*,#73770,.F.);
#78470=EDGE_LOOP('',(#78460,#78450,#78440,#78430,#78420));
#78480=FACE_OUTER_BOUND('',#78470,.T.);
#78490=ADVANCED_FACE('',(#78480),#600,.T.);
#78500=COLOUR_RGB('',0.831372618675232,0.850980460643768,
0.858823597431183);
#78510=FILL_AREA_STYLE_COLOUR('',#78500);
#78520=FILL_AREA_STYLE('',(#78510));
#78530=SURFACE_STYLE_FILL_AREA(#78520);
#78540=SURFACE_SIDE_STYLE('',(#78530));
#78550=SURFACE_STYLE_USAGE(.BOTH.,#78540);
#78560=PRESENTATION_STYLE_ASSIGNMENT((#78550));
#78570=OPEN_SHELL('',(#480,#1030,#1520,#1860,#2290,#2780,#3070,#3540,
#3930,#4460,#4950,#5440,#5930,#6420,#6950,#7480,#8010,#8540,#9070,#9560,
#10050,#10540,#11030,#11520,#12050,#12540,#12920,#13320,#13700,#14100,
#14480,#14880,#15260,#15660,#16040,#16440,#16930,#17220,#17780,#18240,
#18840,#19190,#19510,#19830,#20020,#20810,#21750,#21930,#22900,#23080,
#23570,#23750,#24870,#25050,#25440,#25620,#25930,#26240,#26620,#27000,
#27380,#27760,#28010,#28260,#28510,#28760,#29010,#29590,#29830,#30220,
#30550,#30870,#31200,#31510,#31750,#32060,#32300,#32610,#32860,#33040,
#33510,#33980,#34360,#34740,#35210,#35590,#35970,#36280,#36700,#37010,
#37490,#37980,#38360,#38650,#39120,#39500,#39900,#40290,#40540,#40720,
#40950,#41130,#41600,#42080,#42470,#42710,#43050,#43240,#43620,#44030,
#44270,#44590,#44880,#45070,#45710,#46190,#46740,#47080,#47810,#48270,
#48650,#48910,#49320,#49630,#49940,#50340,#51200,#52210,#52870,#53110,
#53880,#54140,#54540,#54940,#55230,#55420,#55660,#56180,#56420,#56770,
#57440,#57680,#57870,#58190,#58500,#58820,#59140,#59460,#59700,#59950,
#60470,#60660,#60860,#61060,#61450,#62620,#63500,#63730,#64120,#64360,
#64670,#67220,#67510,#67800,#68040,#68330,#68620,#68810,#69050,#69290,
#69530,#69820,#70110,#70300,#70540,#70780,#71020,#71260,#71500,#71740,
#72030,#72270,#72460,#72700,#72940,#73180,#73370,#73510,#73830,#73980,
#74200,#74340,#74490,#74630,#74770,#74890,#75030,#75170,#75310,#75450,
#75590,#75750,#75990,#76130,#76370,#76510,#76640,#76780,#76910,#77050,
#77190,#77380,#77510,#77660,#77800,#77930,#78080,#78220,#78340,#78490));
#78580=SHELL_BASED_SURFACE_MODEL('',(#78570));
#78590=CARTESIAN_POINT('',(0.,0.,0.));
#78600=DIRECTION('',(0.,0.,1.));
#78610=DIRECTION('',(1.,0.,0.));
#78620=AXIS2_PLACEMENT_3D('',#78590,#78600,#78610);
#78630=APPLICATION_CONTEXT(' ');
#78640=APPLICATION_PROTOCOL_DEFINITION(' ','automotive_design',10000,
#78630);
#78650=PRODUCT_CONTEXT('None',#78630,'mechanical');
#78660=PRODUCT_DEFINITION_CONTEXT('part definition',#78630,'design');
#78670=PRODUCT('1694237','1694237','None',(#78650));
#78680=PRODUCT_RELATED_PRODUCT_CATEGORY('part',' ',(#78670));
#78690=PRODUCT_DEFINITION_FORMATION_WITH_SPECIFIED_SOURCE('None','None',
#78670,.BOUGHT.);
#78700=PRODUCT_DEFINITION('',' ',#78690,#78660);
#78710=PRODUCT_DEFINITION_SHAPE('','',#78700);
#78720=DIMENSIONAL_EXPONENTS(1.,0.,0.,0.,0.,0.,0.);
#78730=DIMENSIONAL_EXPONENTS(0.,0.,0.,0.,0.,0.,0.);
#78740=DIMENSIONAL_EXPONENTS(0.,0.,0.,0.,0.,0.,0.);
#78750=(LENGTH_UNIT() NAMED_UNIT(*) SI_UNIT(.MILLI.,.METRE.));
#78760=(NAMED_UNIT(*) PLANE_ANGLE_UNIT() SI_UNIT($,.RADIAN.));
#78770=(NAMED_UNIT(*) SI_UNIT($,.STERADIAN.) SOLID_ANGLE_UNIT());
#78780=(GEOMETRIC_REPRESENTATION_CONTEXT(3) 
GLOBAL_UNCERTAINTY_ASSIGNED_CONTEXT((#78790)) 
GLOBAL_UNIT_ASSIGNED_CONTEXT((#78750,#78760,#78770)) 
REPRESENTATION_CONTEXT('',''));
#78790=UNCERTAINTY_MEASURE_WITH_UNIT(LENGTH_MEASURE(1.E-6),#78750,
'distance_accuracy_value','maximum gap value');
#78800=MANIFOLD_SURFACE_SHAPE_REPRESENTATION('',(#78620,#78580),#78780);
#78810=SHAPE_DEFINITION_REPRESENTATION(#78710,#78800);
#78820=COLOUR_RGB('',0.678431391716003,0.768627524375916,
0.811764776706696);
#78830=FILL_AREA_STYLE_COLOUR('',#78820);
#78840=FILL_AREA_STYLE('',(#78830));
#78850=SURFACE_STYLE_FILL_AREA(#78840);
#78860=SURFACE_SIDE_STYLE('',(#78850));
#78870=SURFACE_STYLE_USAGE(.BOTH.,#78860);
#78880=PRESENTATION_STYLE_ASSIGNMENT((#78870));
#78890=STYLED_ITEM('',(#78880),#78580);
#78900=OVER_RIDING_STYLED_ITEM('',(#550),#480,#78890);
#78910=OVER_RIDING_STYLED_ITEM('',(#1100),#1030,#78890);
#78920=OVER_RIDING_STYLED_ITEM('',(#1590),#1520,#78890);
#78930=OVER_RIDING_STYLED_ITEM('',(#1930),#1860,#78890);
#78940=OVER_RIDING_STYLED_ITEM('',(#2360),#2290,#78890);
#78950=OVER_RIDING_STYLED_ITEM('',(#2850),#2780,#78890);
#78960=OVER_RIDING_STYLED_ITEM('',(#3140),#3070,#78890);
#78970=OVER_RIDING_STYLED_ITEM('',(#3610),#3540,#78890);
#78980=OVER_RIDING_STYLED_ITEM('',(#4000),#3930,#78890);
#78990=OVER_RIDING_STYLED_ITEM('',(#4530),#4460,#78890);
#79000=OVER_RIDING_STYLED_ITEM('',(#5020),#4950,#78890);
#79010=OVER_RIDING_STYLED_ITEM('',(#5510),#5440,#78890);
#79020=OVER_RIDING_STYLED_ITEM('',(#6000),#5930,#78890);
#79030=OVER_RIDING_STYLED_ITEM('',(#6490),#6420,#78890);
#79040=OVER_RIDING_STYLED_ITEM('',(#7020),#6950,#78890);
#79050=OVER_RIDING_STYLED_ITEM('',(#7550),#7480,#78890);
#79060=OVER_RIDING_STYLED_ITEM('',(#8080),#8010,#78890);
#79070=OVER_RIDING_STYLED_ITEM('',(#8610),#8540,#78890);
#79080=OVER_RIDING_STYLED_ITEM('',(#9140),#9070,#78890);
#79090=OVER_RIDING_STYLED_ITEM('',(#9630),#9560,#78890);
#79100=OVER_RIDING_STYLED_ITEM('',(#10120),#10050,#78890);
#79110=OVER_RIDING_STYLED_ITEM('',(#10610),#10540,#78890);
#79120=OVER_RIDING_STYLED_ITEM('',(#11100),#11030,#78890);
#79130=OVER_RIDING_STYLED_ITEM('',(#11590),#11520,#78890);
#79140=OVER_RIDING_STYLED_ITEM('',(#12120),#12050,#78890);
#79150=OVER_RIDING_STYLED_ITEM('',(#12610),#12540,#78890);
#79160=OVER_RIDING_STYLED_ITEM('',(#12990),#12920,#78890);
#79170=OVER_RIDING_STYLED_ITEM('',(#13390),#13320,#78890);
#79180=OVER_RIDING_STYLED_ITEM('',(#13770),#13700,#78890);
#79190=OVER_RIDING_STYLED_ITEM('',(#14170),#14100,#78890);
#79200=OVER_RIDING_STYLED_ITEM('',(#14550),#14480,#78890);
#79210=OVER_RIDING_STYLED_ITEM('',(#14950),#14880,#78890);
#79220=OVER_RIDING_STYLED_ITEM('',(#15330),#15260,#78890);
#79230=OVER_RIDING_STYLED_ITEM('',(#15730),#15660,#78890);
#79240=OVER_RIDING_STYLED_ITEM('',(#16110),#16040,#78890);
#79250=OVER_RIDING_STYLED_ITEM('',(#16510),#16440,#78890);
#79260=OVER_RIDING_STYLED_ITEM('',(#17000),#16930,#78890);
#79270=OVER_RIDING_STYLED_ITEM('',(#17290),#17220,#78890);
#79280=OVER_RIDING_STYLED_ITEM('',(#17850),#17780,#78890);
#79290=OVER_RIDING_STYLED_ITEM('',(#18310),#18240,#78890);
#79300=OVER_RIDING_STYLED_ITEM('',(#18910),#18840,#78890);
#79310=OVER_RIDING_STYLED_ITEM('',(#19260),#19190,#78890);
#79320=OVER_RIDING_STYLED_ITEM('',(#19580),#19510,#78890);
#79330=OVER_RIDING_STYLED_ITEM('',(#19900),#19830,#78890);
#79340=OVER_RIDING_STYLED_ITEM('',(#20090),#20020,#78890);
#79350=OVER_RIDING_STYLED_ITEM('',(#20880),#20810,#78890);
#79360=OVER_RIDING_STYLED_ITEM('',(#21820),#21750,#78890);
#79370=OVER_RIDING_STYLED_ITEM('',(#22000),#21930,#78890);
#79380=OVER_RIDING_STYLED_ITEM('',(#22970),#22900,#78890);
#79390=OVER_RIDING_STYLED_ITEM('',(#23150),#23080,#78890);
#79400=OVER_RIDING_STYLED_ITEM('',(#23640),#23570,#78890);
#79410=OVER_RIDING_STYLED_ITEM('',(#23820),#23750,#78890);
#79420=OVER_RIDING_STYLED_ITEM('',(#24940),#24870,#78890);
#79430=OVER_RIDING_STYLED_ITEM('',(#25120),#25050,#78890);
#79440=OVER_RIDING_STYLED_ITEM('',(#25510),#25440,#78890);
#79450=OVER_RIDING_STYLED_ITEM('',(#25690),#25620,#78890);
#79460=OVER_RIDING_STYLED_ITEM('',(#26000),#25930,#78890);
#79470=OVER_RIDING_STYLED_ITEM('',(#26310),#26240,#78890);
#79480=OVER_RIDING_STYLED_ITEM('',(#26690),#26620,#78890);
#79490=OVER_RIDING_STYLED_ITEM('',(#27070),#27000,#78890);
#79500=OVER_RIDING_STYLED_ITEM('',(#27450),#27380,#78890);
#79510=OVER_RIDING_STYLED_ITEM('',(#27830),#27760,#78890);
#79520=OVER_RIDING_STYLED_ITEM('',(#28080),#28010,#78890);
#79530=OVER_RIDING_STYLED_ITEM('',(#28330),#28260,#78890);
#79540=OVER_RIDING_STYLED_ITEM('',(#28580),#28510,#78890);
#79550=OVER_RIDING_STYLED_ITEM('',(#28830),#28760,#78890);
#79560=OVER_RIDING_STYLED_ITEM('',(#29080),#29010,#78890);
#79570=OVER_RIDING_STYLED_ITEM('',(#29660),#29590,#78890);
#79580=OVER_RIDING_STYLED_ITEM('',(#29900),#29830,#78890);
#79590=OVER_RIDING_STYLED_ITEM('',(#30290),#30220,#78890);
#79600=OVER_RIDING_STYLED_ITEM('',(#30620),#30550,#78890);
#79610=OVER_RIDING_STYLED_ITEM('',(#30940),#30870,#78890);
#79620=OVER_RIDING_STYLED_ITEM('',(#31270),#31200,#78890);
#79630=OVER_RIDING_STYLED_ITEM('',(#31580),#31510,#78890);
#79640=OVER_RIDING_STYLED_ITEM('',(#31820),#31750,#78890);
#79650=OVER_RIDING_STYLED_ITEM('',(#32130),#32060,#78890);
#79660=OVER_RIDING_STYLED_ITEM('',(#32370),#32300,#78890);
#79670=OVER_RIDING_STYLED_ITEM('',(#32680),#32610,#78890);
#79680=OVER_RIDING_STYLED_ITEM('',(#32930),#32860,#78890);
#79690=OVER_RIDING_STYLED_ITEM('',(#33110),#33040,#78890);
#79700=OVER_RIDING_STYLED_ITEM('',(#33580),#33510,#78890);
#79710=OVER_RIDING_STYLED_ITEM('',(#34050),#33980,#78890);
#79720=OVER_RIDING_STYLED_ITEM('',(#34430),#34360,#78890);
#79730=OVER_RIDING_STYLED_ITEM('',(#34810),#34740,#78890);
#79740=OVER_RIDING_STYLED_ITEM('',(#35280),#35210,#78890);
#79750=OVER_RIDING_STYLED_ITEM('',(#35660),#35590,#78890);
#79760=OVER_RIDING_STYLED_ITEM('',(#36040),#35970,#78890);
#79770=OVER_RIDING_STYLED_ITEM('',(#36350),#36280,#78890);
#79780=OVER_RIDING_STYLED_ITEM('',(#36770),#36700,#78890);
#79790=OVER_RIDING_STYLED_ITEM('',(#37080),#37010,#78890);
#79800=OVER_RIDING_STYLED_ITEM('',(#37560),#37490,#78890);
#79810=OVER_RIDING_STYLED_ITEM('',(#38050),#37980,#78890);
#79820=OVER_RIDING_STYLED_ITEM('',(#38430),#38360,#78890);
#79830=OVER_RIDING_STYLED_ITEM('',(#38720),#38650,#78890);
#79840=OVER_RIDING_STYLED_ITEM('',(#39190),#39120,#78890);
#79850=OVER_RIDING_STYLED_ITEM('',(#39570),#39500,#78890);
#79860=OVER_RIDING_STYLED_ITEM('',(#39970),#39900,#78890);
#79870=OVER_RIDING_STYLED_ITEM('',(#40360),#40290,#78890);
#79880=OVER_RIDING_STYLED_ITEM('',(#40610),#40540,#78890);
#79890=OVER_RIDING_STYLED_ITEM('',(#40790),#40720,#78890);
#79900=OVER_RIDING_STYLED_ITEM('',(#41020),#40950,#78890);
#79910=OVER_RIDING_STYLED_ITEM('',(#41200),#41130,#78890);
#79920=OVER_RIDING_STYLED_ITEM('',(#41670),#41600,#78890);
#79930=OVER_RIDING_STYLED_ITEM('',(#42150),#42080,#78890);
#79940=OVER_RIDING_STYLED_ITEM('',(#42540),#42470,#78890);
#79950=OVER_RIDING_STYLED_ITEM('',(#42780),#42710,#78890);
#79960=OVER_RIDING_STYLED_ITEM('',(#43120),#43050,#78890);
#79970=OVER_RIDING_STYLED_ITEM('',(#43310),#43240,#78890);
#79980=OVER_RIDING_STYLED_ITEM('',(#43690),#43620,#78890);
#79990=OVER_RIDING_STYLED_ITEM('',(#44100),#44030,#78890);
#80000=OVER_RIDING_STYLED_ITEM('',(#44340),#44270,#78890);
#80010=OVER_RIDING_STYLED_ITEM('',(#44660),#44590,#78890);
#80020=OVER_RIDING_STYLED_ITEM('',(#44950),#44880,#78890);
#80030=OVER_RIDING_STYLED_ITEM('',(#45140),#45070,#78890);
#80040=OVER_RIDING_STYLED_ITEM('',(#45780),#45710,#78890);
#80050=OVER_RIDING_STYLED_ITEM('',(#46260),#46190,#78890);
#80060=OVER_RIDING_STYLED_ITEM('',(#46810),#46740,#78890);
#80070=OVER_RIDING_STYLED_ITEM('',(#47150),#47080,#78890);
#80080=OVER_RIDING_STYLED_ITEM('',(#47880),#47810,#78890);
#80090=OVER_RIDING_STYLED_ITEM('',(#48340),#48270,#78890);
#80100=OVER_RIDING_STYLED_ITEM('',(#48720),#48650,#78890);
#80110=OVER_RIDING_STYLED_ITEM('',(#48980),#48910,#78890);
#80120=OVER_RIDING_STYLED_ITEM('',(#49390),#49320,#78890);
#80130=OVER_RIDING_STYLED_ITEM('',(#49700),#49630,#78890);
#80140=OVER_RIDING_STYLED_ITEM('',(#50010),#49940,#78890);
#80150=OVER_RIDING_STYLED_ITEM('',(#50410),#50340,#78890);
#80160=OVER_RIDING_STYLED_ITEM('',(#51270),#51200,#78890);
#80170=OVER_RIDING_STYLED_ITEM('',(#52280),#52210,#78890);
#80180=OVER_RIDING_STYLED_ITEM('',(#52940),#52870,#78890);
#80190=OVER_RIDING_STYLED_ITEM('',(#53180),#53110,#78890);
#80200=OVER_RIDING_STYLED_ITEM('',(#53950),#53880,#78890);
#80210=OVER_RIDING_STYLED_ITEM('',(#54210),#54140,#78890);
#80220=OVER_RIDING_STYLED_ITEM('',(#54610),#54540,#78890);
#80230=OVER_RIDING_STYLED_ITEM('',(#55010),#54940,#78890);
#80240=OVER_RIDING_STYLED_ITEM('',(#55300),#55230,#78890);
#80250=OVER_RIDING_STYLED_ITEM('',(#55490),#55420,#78890);
#80260=OVER_RIDING_STYLED_ITEM('',(#55730),#55660,#78890);
#80270=OVER_RIDING_STYLED_ITEM('',(#56250),#56180,#78890);
#80280=OVER_RIDING_STYLED_ITEM('',(#56490),#56420,#78890);
#80290=OVER_RIDING_STYLED_ITEM('',(#56840),#56770,#78890);
#80300=OVER_RIDING_STYLED_ITEM('',(#57510),#57440,#78890);
#80310=OVER_RIDING_STYLED_ITEM('',(#57750),#57680,#78890);
#80320=OVER_RIDING_STYLED_ITEM('',(#57940),#57870,#78890);
#80330=OVER_RIDING_STYLED_ITEM('',(#58260),#58190,#78890);
#80340=OVER_RIDING_STYLED_ITEM('',(#58570),#58500,#78890);
#80350=OVER_RIDING_STYLED_ITEM('',(#58890),#58820,#78890);
#80360=OVER_RIDING_STYLED_ITEM('',(#59210),#59140,#78890);
#80370=OVER_RIDING_STYLED_ITEM('',(#59530),#59460,#78890);
#80380=OVER_RIDING_STYLED_ITEM('',(#59770),#59700,#78890);
#80390=OVER_RIDING_STYLED_ITEM('',(#60020),#59950,#78890);
#80400=OVER_RIDING_STYLED_ITEM('',(#60540),#60470,#78890);
#80410=OVER_RIDING_STYLED_ITEM('',(#60730),#60660,#78890);
#80420=OVER_RIDING_STYLED_ITEM('',(#60930),#60860,#78890);
#80430=OVER_RIDING_STYLED_ITEM('',(#61130),#61060,#78890);
#80440=OVER_RIDING_STYLED_ITEM('',(#61520),#61450,#78890);
#80450=OVER_RIDING_STYLED_ITEM('',(#62690),#62620,#78890);
#80460=OVER_RIDING_STYLED_ITEM('',(#63570),#63500,#78890);
#80470=OVER_RIDING_STYLED_ITEM('',(#63800),#63730,#78890);
#80480=OVER_RIDING_STYLED_ITEM('',(#64190),#64120,#78890);
#80490=OVER_RIDING_STYLED_ITEM('',(#64430),#64360,#78890);
#80500=OVER_RIDING_STYLED_ITEM('',(#64740),#64670,#78890);
#80510=OVER_RIDING_STYLED_ITEM('',(#67290),#67220,#78890);
#80520=OVER_RIDING_STYLED_ITEM('',(#67580),#67510,#78890);
#80530=OVER_RIDING_STYLED_ITEM('',(#67870),#67800,#78890);
#80540=OVER_RIDING_STYLED_ITEM('',(#68110),#68040,#78890);
#80550=OVER_RIDING_STYLED_ITEM('',(#68400),#68330,#78890);
#80560=OVER_RIDING_STYLED_ITEM('',(#68690),#68620,#78890);
#80570=OVER_RIDING_STYLED_ITEM('',(#68880),#68810,#78890);
#80580=OVER_RIDING_STYLED_ITEM('',(#69120),#69050,#78890);
#80590=OVER_RIDING_STYLED_ITEM('',(#69360),#69290,#78890);
#80600=OVER_RIDING_STYLED_ITEM('',(#69600),#69530,#78890);
#80610=OVER_RIDING_STYLED_ITEM('',(#69890),#69820,#78890);
#80620=OVER_RIDING_STYLED_ITEM('',(#70180),#70110,#78890);
#80630=OVER_RIDING_STYLED_ITEM('',(#70370),#70300,#78890);
#80640=OVER_RIDING_STYLED_ITEM('',(#70610),#70540,#78890);
#80650=OVER_RIDING_STYLED_ITEM('',(#70850),#70780,#78890);
#80660=OVER_RIDING_STYLED_ITEM('',(#71090),#71020,#78890);
#80670=OVER_RIDING_STYLED_ITEM('',(#71330),#71260,#78890);
#80680=OVER_RIDING_STYLED_ITEM('',(#71570),#71500,#78890);
#80690=OVER_RIDING_STYLED_ITEM('',(#71810),#71740,#78890);
#80700=OVER_RIDING_STYLED_ITEM('',(#72100),#72030,#78890);
#80710=OVER_RIDING_STYLED_ITEM('',(#72340),#72270,#78890);
#80720=OVER_RIDING_STYLED_ITEM('',(#72530),#72460,#78890);
#80730=OVER_RIDING_STYLED_ITEM('',(#72770),#72700,#78890);
#80740=OVER_RIDING_STYLED_ITEM('',(#73010),#72940,#78890);
#80750=OVER_RIDING_STYLED_ITEM('',(#73250),#73180,#78890);
#80760=OVER_RIDING_STYLED_ITEM('',(#73440),#73370,#78890);
#80770=OVER_RIDING_STYLED_ITEM('',(#73580),#73510,#78890);
#80780=OVER_RIDING_STYLED_ITEM('',(#73900),#73830,#78890);
#80790=OVER_RIDING_STYLED_ITEM('',(#74050),#73980,#78890);
#80800=OVER_RIDING_STYLED_ITEM('',(#74270),#74200,#78890);
#80810=OVER_RIDING_STYLED_ITEM('',(#74410),#74340,#78890);
#80820=OVER_RIDING_STYLED_ITEM('',(#74560),#74490,#78890);
#80830=OVER_RIDING_STYLED_ITEM('',(#74700),#74630,#78890);
#80840=OVER_RIDING_STYLED_ITEM('',(#74840),#74770,#78890);
#80850=OVER_RIDING_STYLED_ITEM('',(#74960),#74890,#78890);
#80860=OVER_RIDING_STYLED_ITEM('',(#75100),#75030,#78890);
#80870=OVER_RIDING_STYLED_ITEM('',(#75240),#75170,#78890);
#80880=OVER_RIDING_STYLED_ITEM('',(#75380),#75310,#78890);
#80890=OVER_RIDING_STYLED_ITEM('',(#75520),#75450,#78890);
#80900=OVER_RIDING_STYLED_ITEM('',(#75660),#75590,#78890);
#80910=OVER_RIDING_STYLED_ITEM('',(#75820),#75750,#78890);
#80920=OVER_RIDING_STYLED_ITEM('',(#76060),#75990,#78890);
#80930=OVER_RIDING_STYLED_ITEM('',(#76200),#76130,#78890);
#80940=OVER_RIDING_STYLED_ITEM('',(#76440),#76370,#78890);
#80950=OVER_RIDING_STYLED_ITEM('',(#76580),#76510,#78890);
#80960=OVER_RIDING_STYLED_ITEM('',(#76710),#76640,#78890);
#80970=OVER_RIDING_STYLED_ITEM('',(#76850),#76780,#78890);
#80980=OVER_RIDING_STYLED_ITEM('',(#76980),#76910,#78890);
#80990=OVER_RIDING_STYLED_ITEM('',(#77120),#77050,#78890);
#81000=OVER_RIDING_STYLED_ITEM('',(#77260),#77190,#78890);
#81010=OVER_RIDING_STYLED_ITEM('',(#77450),#77380,#78890);
#81020=OVER_RIDING_STYLED_ITEM('',(#77580),#77510,#78890);
#81030=OVER_RIDING_STYLED_ITEM('',(#77730),#77660,#78890);
#81040=OVER_RIDING_STYLED_ITEM('',(#77870),#77800,#78890);
#81050=OVER_RIDING_STYLED_ITEM('',(#78000),#77930,#78890);
#81060=OVER_RIDING_STYLED_ITEM('',(#78150),#78080,#78890);
#81070=OVER_RIDING_STYLED_ITEM('',(#78290),#78220,#78890);
#81080=OVER_RIDING_STYLED_ITEM('',(#78410),#78340,#78890);
#81090=OVER_RIDING_STYLED_ITEM('',(#78560),#78490,#78890);
#81100=DRAUGHTING_MODEL('',(#78890,#78900,#78910,#78920,#78930,#78940,
#78950,#78960,#78970,#78980,#78990,#79000,#79010,#79020,#79030,#79040,
#79050,#79060,#79070,#79080,#79090,#79100,#79110,#79120,#79130,#79140,
#79150,#79160,#79170,#79180,#79190,#79200,#79210,#79220,#79230,#79240,
#79250,#79260,#79270,#79280,#79290,#79300,#79310,#79320,#79330,#79340,
#79350,#79360,#79370,#79380,#79390,#79400,#79410,#79420,#79430,#79440,
#79450,#79460,#79470,#79480,#79490,#79500,#79510,#79520,#79530,#79540,
#79550,#79560,#79570,#79580,#79590,#79600,#79610,#79620,#79630,#79640,
#79650,#79660,#79670,#79680,#79690,#79700,#79710,#79720,#79730,#79740,
#79750,#79760,#79770,#79780,#79790,#79800,#79810,#79820,#79830,#79840,
#79850,#79860,#79870,#79880,#79890,#79900,#79910,#79920,#79930,#79940,
#79950,#79960,#79970,#79980,#79990,#80000,#80010,#80020,#80030,#80040,
#80050,#80060,#80070,#80080,#80090,#80100,#80110,#80120,#80130,#80140,
#80150,#80160,#80170,#80180,#80190,#80200,#80210,#80220,#80230,#80240,
#80250,#80260,#80270,#80280,#80290,#80300,#80310,#80320,#80330,#80340,
#80350,#80360,#80370,#80380,#80390,#80400,#80410,#80420,#80430,#80440,
#80450,#80460,#80470,#80480,#80490,#80500,#80510,#80520,#80530,#80540,
#80550,#80560,#80570,#80580,#80590,#80600,#80610,#80620,#80630,#80640,
#80650,#80660,#80670,#80680,#80690,#80700,#80710,#80720,#80730,#80740,
#80750,#80760,#80770,#80780,#80790,#80800,#80810,#80820,#80830,#80840,
#80850,#80860,#80870,#80880,#80890,#80900,#80910,#80920,#80930,#80940,
#80950,#80960,#80970,#80980,#80990,#81000,#81010,#81020,#81030,#81040,
#81050,#81060,#81070,#81080,#81090),#78780);
ENDSEC;
END-ISO-10303-21;
